index,scene_id,method,matches,inliers,inlier_ratio,epi_precision_1px,epi_precision_3px,rotation_error_deg,translation_error_deg,pose_error_deg,selection_ms,pose_ms
0,0015_0,grid_round_robin,600,356,0.5933333333333334,0.5916666666666667,0.9416666666666667,0.05710757155200804,0.5286761965053802,0.5286761965053802,0.6751000182703137,39.9436000152491
0,0015_0,anms_4d,600,345,0.575,0.5716666666666667,0.9383333333333334,0.1921705915374776,1.5844560292910133,1.5844560292910133,11.19940000353381,49.812299956101924
1,0015_0,grid_round_robin,463,214,0.46220302375809935,0.46436285097192226,0.9157667386609071,0.9017481373843029,2.7998338767188025,2.7998338767188025,0.5188999930396676,34.883699961937964
1,0015_0,anms_4d,463,217,0.468682505399568,0.46004319654427644,0.9049676025917927,1.0625973007714549,3.161423654868976,3.161423654868976,7.869799970649183,32.496800005901605
2,0015_0,grid_round_robin,972,688,0.7078189300411523,0.6893004115226338,0.9670781893004116,1.4597132614016828,6.775760095707032,6.775760095707032,0.7451999699696898,34.79539998807013
2,0015_0,anms_4d,972,692,0.7119341563786008,0.6779835390946503,0.9578189300411523,0.6912690393026999,3.387334159056701,3.387334159056701,20.722899993415922,32.866899971850216
3,0015_0,grid_round_robin,757,480,0.6340819022457067,0.6261558784676354,0.952443857331572,0.6060638277673583,3.6928250040331725,3.6928250040331725,0.6531000253744423,41.74829996190965
3,0015_0,anms_4d,757,460,0.607661822985469,0.6089828269484808,0.9379128137384413,0.600200271896089,3.6607167421073292,3.6607167421073292,14.624400006141514,52.39270004676655
4,0015_0,grid_round_robin,309,191,0.6181229773462783,0.5533980582524272,0.9255663430420712,0.6797737610766987,1.6997381813200958,1.6997381813200958,0.3000999568030238,23.106499982532114
4,0015_0,anms_4d,309,185,0.598705501618123,0.5533980582524272,0.9320388349514563,0.48340997621456794,1.4025878511315713,1.4025878511315713,4.7373000415973365,20.793800009414554
5,0015_0,grid_round_robin,762,478,0.6272965879265092,0.610236220472441,0.9435695538057742,0.11911743481342661,0.4520570940970425,0.4520570940970425,0.6231999723240733,39.938800036907196
5,0015_0,anms_4d,762,477,0.6259842519685039,0.6089238845144357,0.9396325459317585,0.12023238961378675,0.4837917157343477,0.4837917157343477,14.075999963097274,41.31900001084432
6,0015_0,grid_round_robin,713,506,0.7096774193548387,0.6760168302945302,0.9733520336605891,0.2937938849745295,0.55086133299327,0.55086133299327,0.5820999504067004,17.97510002506897
6,0015_0,anms_4d,713,497,0.697054698457223,0.6690042075736325,0.967741935483871,0.2902770686641384,0.5120275285929587,0.5120275285929587,12.955499987583607,17.364999977871776
7,0015_0,grid_round_robin,780,479,0.6141025641025641,0.6,0.9461538461538461,0.11676757334848946,0.5504103631687873,0.5504103631687873,0.6083999760448933,35.75069998623803
7,0015_0,anms_4d,780,467,0.5987179487179487,0.5897435897435898,0.9346153846153846,0.06396146472645764,0.26740759805687603,0.26740759805687603,16.305700002703816,44.12819998105988
8,0015_0,grid_round_robin,623,449,0.7207062600321027,0.6886035313001605,0.9630818619582665,0.17055494451529393,0.5676660042653361,0.5676660042653361,0.5177999846637249,16.950299963355064
8,0015_0,anms_4d,623,425,0.6821829855537721,0.6773675762439807,0.9614767255216693,0.5838881420157148,2.1296400434109404,2.1296400434109404,11.360400007106364,29.201500001363456
9,0015_0,grid_round_robin,624,415,0.6650641025641025,0.6618589743589743,0.9391025641025641,0.06671000934979726,0.20764458309478773,0.20764458309478773,0.5448000156320632,33.44229998765513
9,0015_0,anms_4d,624,410,0.657051282051282,0.6506410256410257,0.9310897435897436,0.06757771118029757,0.12215586187066416,0.12215586187066416,11.110000021290034,24.518000020179898
10,0015_0,grid_round_robin,644,423,0.656832298136646,0.6288819875776398,0.9611801242236024,0.2664985419893918,1.869114750220572,1.869114750220572,0.5324000376276672,21.276200015563518
10,0015_0,anms_4d,644,419,0.6506211180124224,0.6288819875776398,0.9518633540372671,0.289452836861619,2.1591451576590264,2.1591451576590264,11.188899981789291,25.466200022492558
11,0015_0,grid_round_robin,528,319,0.6041666666666666,0.6022727272727273,0.9393939393939394,0.4096104280676563,1.3721979123537575,1.3721979123537575,0.4957999917678535,25.320899963844568
11,0015_0,anms_4d,528,314,0.5946969696969697,0.5928030303030303,0.9299242424242424,0.48932162648002137,1.5083609397354298,1.5083609397354298,10.203499987255782,23.576000006869435
12,0015_0,grid_round_robin,467,231,0.49464668094218417,0.4197002141327623,0.854389721627409,2.117554637823418,5.7297213239645535,5.7297213239645535,0.5021000397391617,47.75220004376024
12,0015_0,anms_4d,467,231,0.49464668094218417,0.4089935760171306,0.8458244111349036,2.124651830694765,5.730915768497239,5.730915768497239,7.783900015056133,47.44270001538098
13,0015_0,grid_round_robin,803,564,0.7023661270236613,0.7123287671232876,0.9738480697384807,0.09617977710943766,0.3599139861405795,0.3599139861405795,0.8675000281073153,23.420200042892247
13,0015_0,anms_4d,803,548,0.6824408468244084,0.6936488169364882,0.962640099626401,0.09608347231908626,0.3607903669410203,0.3607903669410203,18.082199967466295,37.65970002859831
14,0015_0,grid_round_robin,810,452,0.5580246913580247,0.5259259259259259,0.9481481481481482,0.7558639006793003,9.927379402398671,9.927379402398671,0.617199984844774,53.467099962290376
14,0015_0,anms_4d,810,441,0.5444444444444444,0.5185185185185185,0.9419753086419753,4.45013612641105,40.33066278530392,40.33066278530392,15.6132000265643,73.21189995855093
15,0015_0,grid_round_robin,1081,770,0.7123034227567068,0.692876965772433,0.9537465309898242,0.3541677931567672,1.0292124629585824,1.0292124629585824,0.804100011009723,30.669900006614625
15,0015_0,anms_4d,1081,756,0.6993524514338575,0.6882516188714154,0.9454209065679926,0.21983231202826872,0.7250602446222943,0.7250602446222943,23.968500026967376,36.350099951960146
16,0015_0,grid_round_robin,530,339,0.6396226415094339,0.569811320754717,0.9566037735849057,0.46355642392330243,1.5491190002439779,1.5491190002439779,0.5623999750241637,24.529799993615597
16,0015_0,anms_4d,530,335,0.6320754716981132,0.5660377358490566,0.9547169811320755,0.48393111024695823,1.6424967479416201,1.6424967479416201,8.719699981156737,30.763499962631613
17,0015_0,grid_round_robin,695,479,0.6892086330935252,0.6115107913669064,0.9669064748201439,0.13074351001628848,0.7354785826813365,0.7354785826813365,0.5978000117465854,30.979199975263327
17,0015_0,anms_4d,695,468,0.6733812949640288,0.6,0.962589928057554,0.5634264014496954,1.3211789528709643,1.3211789528709643,14.079499989748001,22.487200039904565
18,0015_0,grid_round_robin,567,370,0.6525573192239859,0.6225749559082893,0.9382716049382716,0.5247033932392816,0.9540274819718025,0.9540274819718025,0.520200002938509,25.928599992766976
18,0015_0,anms_4d,567,377,0.6649029982363316,0.6172839506172839,0.9294532627865961,0.1523904530269385,0.21494502745016456,0.21494502745016456,9.418400004506111,24.883000005502254
19,0015_0,grid_round_robin,818,497,0.6075794621026895,0.6039119804400978,0.9596577017114915,0.06068453335588949,0.18994640563124462,0.18994640563124462,0.665400002617389,51.12099996767938
19,0015_0,anms_4d,818,497,0.6075794621026895,0.5953545232273839,0.9596577017114915,0.048464128671906866,0.2863485782071416,0.2863485782071416,15.68730000872165,49.6743000112474
20,0015_0,grid_round_robin,535,353,0.6598130841121496,0.6448598130841121,0.9700934579439252,1.143970077256863,4.708678769962316,4.708678769962316,0.47289999201893806,27.03329996438697
20,0015_0,anms_4d,535,352,0.6579439252336449,0.6373831775700934,0.9588785046728971,1.1697062834180196,4.880173485690433,4.880173485690433,9.269999980460852,22.41390000563115
21,0015_0,grid_round_robin,1152,844,0.7326388888888888,0.7395833333333334,0.9809027777777778,0.315477407911693,2.574939530528151,2.574939530528151,0.769199978094548,40.51159997470677
21,0015_0,anms_4d,1152,840,0.7291666666666666,0.7326388888888888,0.9756944444444444,0.04757968344080315,0.4548003691055039,0.4548003691055039,27.12939999764785,42.97830001451075
22,0015_0,grid_round_robin,574,414,0.7212543554006968,0.7142857142857143,0.9738675958188153,0.37390598094376476,0.054749908282959316,0.37390598094376476,0.5093999789096415,14.449700014665723
22,0015_0,anms_4d,574,403,0.7020905923344948,0.6951219512195121,0.9668989547038328,0.37866478097747513,0.05751875168748901,0.37866478097747513,10.240499977953732,14.127800008282065
23,0015_0,grid_round_robin,859,592,0.689173457508731,0.6763678696158324,0.9662398137369034,0.095094332996227,0.7311286250683305,0.7311286250683305,1.202800020109862,24.94729997124523
23,0015_0,anms_4d,859,580,0.6752037252619325,0.6623981373690337,0.9604190919674039,0.09172232541549984,0.7366891369342685,0.7366891369342685,17.597700003534555,36.13459999905899
24,0015_0,grid_round_robin,683,462,0.6764275256222547,0.6412884333821376,0.9707174231332357,0.10239440385861018,0.7567213905276348,0.7567213905276348,0.6945000495761633,26.45860001211986
24,0015_0,anms_4d,683,477,0.698389458272328,0.6559297218155198,0.9707174231332357,0.1964637525461554,0.5885075742211548,0.5885075742211548,12.805200007278472,15.601799997966737
25,0015_0,grid_round_robin,419,284,0.6778042959427207,0.649164677804296,0.954653937947494,0.39161248465196485,1.0572608025596504,1.0572608025596504,0.37369999336078763,22.14379998622462
25,0015_0,anms_4d,419,280,0.6682577565632458,0.6420047732696897,0.9403341288782816,0.6743402447641349,3.9590968046885275,3.9590968046885275,6.391100003384054,13.366400031372905
26,0015_0,grid_round_robin,777,502,0.646074646074646,0.6447876447876448,0.9459459459459459,0.18461759283394985,0.7246522347977437,0.7246522347977437,0.5732999998144805,36.470299994107336
26,0015_0,anms_4d,777,492,0.6332046332046332,0.6306306306306306,0.9395109395109396,0.2569991381626081,0.9679118085636751,0.9679118085636751,14.616600004956126,33.701199979986995
27,0015_0,grid_round_robin,231,123,0.5324675324675324,0.47186147186147187,0.9264069264069265,0.2698095626167239,1.4439840693209192,1.4439840693209192,0.2536000101827085,29.656400030944496
27,0015_0,anms_4d,231,124,0.5367965367965368,0.47186147186147187,0.9264069264069265,0.3831872931941689,1.7973405661431152,1.7973405661431152,3.4968999680131674,23.180300020612776
28,0015_0,grid_round_robin,516,281,0.5445736434108527,0.4883720930232558,0.9127906976744186,2.6242877454561184,4.4938609922382975,4.4938609922382975,0.4681999562308192,36.79430001648143
28,0015_0,anms_4d,516,268,0.5193798449612403,0.4748062015503876,0.9011627906976745,3.346951825457968,5.516470121547113,5.516470121547113,8.727500040549785,43.91269996995106
29,0015_0,grid_round_robin,497,237,0.4768611670020121,0.32595573440643866,0.772635814889336,1.6232881443963936,4.1524675105053275,4.1524675105053275,0.4442999488674104,55.649999994784594
29,0015_0,anms_4d,497,218,0.4386317907444668,0.323943661971831,0.7665995975855131,0.7425431171369764,2.0410113488061556,2.0410113488061556,7.910599990282208,45.16380000859499
30,0015_0,grid_round_robin,914,561,0.6137855579868708,0.6137855579868708,0.9606126914660832,0.12158873353188537,1.9918806672786162,1.9918806672786162,0.8328999974764884,50.10089999996126
30,0015_0,anms_4d,914,547,0.5984682713347921,0.6028446389496718,0.9529540481400438,0.12417326170407904,2.0805395987933366,2.0805395987933366,19.547200005035847,45.3163999482058
31,0015_0,grid_round_robin,195,130,0.6666666666666666,0.5794871794871795,0.9846153846153847,0.382388334019929,0.4391613217356124,0.4391613217356124,0.24209998082369566,11.498400010168552
31,0015_0,anms_4d,195,126,0.6461538461538462,0.5846153846153846,0.9794871794871794,0.39656185873271044,0.5057515772607898,0.5057515772607898,2.7276999899186194,12.028600031044334
32,0015_0,grid_round_robin,392,269,0.6862244897959183,0.6607142857142857,0.9642857142857143,0.5223670195036464,0.7944291681133054,0.7944291681133054,0.38809998659417033,14.085799979511648
32,0015_0,anms_4d,392,264,0.673469387755102,0.6403061224489796,0.9693877551020408,0.5767467867221215,0.8609205615977434,0.8609205615977434,6.436399999074638,14.403600012883544
33,0015_0,grid_round_robin,527,355,0.6736242884250474,0.6072106261859582,0.9620493358633776,0.29529857203528004,1.2468309199150294,1.2468309199150294,0.4716000403277576,22.1607000567019
33,0015_0,anms_4d,527,343,0.650853889943074,0.5939278937381404,0.952561669829222,0.6412624366236408,4.144214068574802,4.144214068574802,8.828699996229261,31.96719998959452
34,0015_0,grid_round_robin,857,623,0.7269544924154026,0.676779463243874,0.9568261376896149,0.8845956744189564,2.4280555234848156,2.4280555234848156,0.673400005325675,20.819799974560738
34,0015_0,anms_4d,857,626,0.7304550758459744,0.6721120186697783,0.9556592765460911,0.8916801924789124,2.447199904189432,2.447199904189432,17.648600041866302,15.606500033754855
35,0015_0,grid_round_robin,242,108,0.4462809917355372,0.5371900826446281,0.9462809917355371,0.24855911866681804,0.7995209810279419,0.7995209810279419,0.2586999908089638,24.759799998719245
35,0015_0,anms_4d,242,114,0.47107438016528924,0.5371900826446281,0.9338842975206612,0.03921353569308159,0.14508033872536863,0.14508033872536863,3.7425000336952507,25.880300032440573
36,0015_0,grid_round_robin,1008,746,0.7400793650793651,0.6537698412698413,0.9583333333333334,1.190001988482144,2.1447876951536835,2.1447876951536835,1.0170000023208559,45.77580001205206
36,0015_0,anms_4d,1008,735,0.7291666666666666,0.6378968253968254,0.9484126984126984,0.3309877639006706,0.5934264953884524,0.5934264953884524,21.011399978306144,32.05939999315888
37,0015_0,grid_round_robin,580,428,0.7379310344827587,0.7172413793103448,0.9655172413793104,0.4267363150028559,1.430673423104885,1.430673423104885,0.5104999872855842,16.17479999549687
37,0015_0,anms_4d,580,422,0.7275862068965517,0.7068965517241379,0.9620689655172414,0.49237062656579184,1.7106656149418669,1.7106656149418669,10.151800001040101,20.344700023997575
38,0015_0,grid_round_robin,755,475,0.6291390728476821,0.6026490066225165,0.9589403973509933,0.34660249566767726,0.999782122445148,0.999782122445148,0.6123000057414174,54.520900011993945
38,0015_0,anms_4d,755,452,0.5986754966887418,0.5960264900662252,0.952317880794702,0.7798442206280201,2.2717090363490096,2.2717090363490096,14.405300025828183,43.91129995929077
39,0015_0,grid_round_robin,650,360,0.5538461538461539,0.536923076923077,0.9323076923076923,0.16397974916206975,0.24541912151927345,0.24541912151927345,0.5849999724887311,32.78690000297502
39,0015_0,anms_4d,650,350,0.5384615384615384,0.5246153846153846,0.916923076923077,0.15657006174759514,0.24519964835521985,0.24519964835521985,11.79949997458607,40.93269997974858
40,0015_0,grid_round_robin,662,489,0.7386706948640483,0.7235649546827795,0.9486404833836858,0.10534378317234697,0.41140028636309506,0.41140028636309506,0.5378999630920589,17.578900035005063
40,0015_0,anms_4d,662,481,0.7265861027190332,0.7145015105740181,0.947129909365559,0.3467791185150849,1.215206851090389,1.215206851090389,12.001399998553097,26.601099991239607
41,0015_0,grid_round_robin,678,460,0.6784660766961652,0.6858407079646017,0.9970501474926253,0.8322706262450628,2.020677501985557,2.020677501985557,0.5963000003248453,17.936900025233626
41,0015_0,anms_4d,678,455,0.6710914454277286,0.6784660766961652,0.995575221238938,0.6914208608020499,1.7090855273678502,1.7090855273678502,11.939499992877245,20.636499975807965
42,0015_0,grid_round_robin,712,503,0.7064606741573034,0.6825842696629213,0.9592696629213483,0.13934550776756527,0.3608720342823153,0.3608720342823153,0.6342999986372888,24.18140001827851
42,0015_0,anms_4d,712,502,0.7050561797752809,0.6825842696629213,0.9592696629213483,0.3184996096217904,0.8959520798836159,0.8959520798836159,12.869399972259998,30.249600007664412
43,0015_0,grid_round_robin,497,321,0.6458752515090543,0.6257545271629779,0.9738430583501007,0.19956868823613505,1.9326663653383171,1.9326663653383171,0.5005000275559723,23.82999996189028
43,0015_0,anms_4d,497,325,0.6539235412474849,0.613682092555332,0.9637826961770624,0.28315046890408846,2.481301532617542,2.481301532617542,7.902699988335371,19.325500004924834
44,0015_0,grid_round_robin,542,374,0.6900369003690037,0.6494464944649446,0.9575645756457565,0.30496302324755403,0.7619260095134256,0.7619260095134256,0.4608000162988901,18.533100024797022
44,0015_0,anms_4d,542,371,0.6845018450184502,0.6439114391143912,0.9520295202952029,0.287295976033006,0.7147130925563508,0.7147130925563508,9.68369998736307,21.18559996597469
45,0015_0,grid_round_robin,785,448,0.5707006369426751,0.5375796178343949,0.913375796178344,0.3664961016590695,5.306920447111044,5.306920447111044,0.6260999944061041,37.430500029586256
45,0015_0,anms_4d,785,430,0.5477707006369427,0.5337579617834395,0.9019108280254777,0.2689063507268486,5.607154298989235,5.607154298989235,14.943799993488938,38.08639995986596
46,0015_0,grid_round_robin,951,532,0.5594111461619348,0.5678233438485805,0.9379600420609885,0.2676902197805426,1.8482106945250187,1.8482106945250187,0.7112000021152198,68.22299998020753
46,0015_0,anms_4d,951,525,0.5520504731861199,0.5615141955835962,0.92534174553102,0.14989764581103088,1.1908627201742368,1.1908627201742368,19.553599995560944,82.262699957937
47,0015_0,grid_round_robin,580,310,0.5344827586206896,0.4810344827586207,0.9137931034482759,1.5947934988428965,2.6461227424070852,2.6461227424070852,0.5473000346682966,48.53839997667819
47,0015_0,anms_4d,580,306,0.5275862068965518,0.4706896551724138,0.903448275862069,1.440039749685207,2.34428529996923,2.34428529996923,9.912300040014088,39.62559998035431
48,0015_0,grid_round_robin,146,78,0.5342465753424658,0.4931506849315068,0.8835616438356164,0.24159443169459918,1.8354957560000693,1.8354957560000693,0.22250000620260835,19.397699972614646
48,0015_0,anms_4d,146,78,0.5342465753424658,0.4726027397260274,0.8835616438356164,0.06868244527663518,1.627010569848652,1.627010569848652,1.9534000311978161,18.735799996647984
49,0015_0,grid_round_robin,617,433,0.7017828200972447,0.6580226904376013,0.9578606158833063,0.31202212523907386,0.6745942951359475,0.6745942951359475,0.5376000190153718,27.07769995322451
49,0015_0,anms_4d,617,422,0.6839546191247974,0.6418152350081038,0.940032414910859,0.3900393031126021,0.9612282751285716,0.9612282751285716,11.157700035255402,20.258600008673966
50,0015_0,grid_round_robin,557,295,0.5296229802513465,0.5170556552962298,0.9048473967684022,0.12348512605963664,0.20574133791995852,0.20574133791995852,0.49649999709799886,46.05559998890385
50,0015_0,anms_4d,557,284,0.5098743267504489,0.5008976660682226,0.8833034111310593,0.24915992824075683,0.7916456540939916,0.7916456540939916,9.151500009465963,48.22159995092079
51,0015_0,grid_round_robin,649,395,0.6086286594761171,0.5993836671802774,0.9506933744221879,0.11863227269666123,0.7828250286624749,0.7828250286624749,0.57640002341941,28.873100003693253
51,0015_0,anms_4d,649,393,0.6055469953775039,0.5947611710323575,0.9414483821263482,0.36914318124133316,3.3404723885981538,3.3404723885981538,11.615300027187914,36.12389997579157
52,0015_0,grid_round_robin,825,486,0.5890909090909091,0.52,0.9442424242424242,0.5373560497397744,0.7302647418022753,0.7302647418022753,0.5979000125080347,36.10929998103529
52,0015_0,anms_4d,825,493,0.5975757575757575,0.526060606060606,0.9418181818181818,0.5901049931328369,0.8003905978969944,0.8003905978969944,17.27860001847148,36.034999997355044
53,0015_0,grid_round_robin,719,487,0.6773296244784422,0.6356050069541029,0.980528511821975,0.4792244287372788,1.5478143434268936,1.5478143434268936,0.58970000827685,32.7512999647297
53,0015_0,anms_4d,719,481,0.6689847009735744,0.6286509040333796,0.972183588317107,0.5022480873321529,1.586636269899416,1.586636269899416,15.309199981857091,31.369399977847934
54,0015_0,grid_round_robin,810,499,0.6160493827160494,0.6061728395061728,0.9641975308641976,0.08078034343060696,0.5998192968890175,0.5998192968890175,0.6488999933935702,47.8360999841243
54,0015_0,anms_4d,810,484,0.5975308641975309,0.5888888888888889,0.9617283950617284,0.12351272008424302,1.2103329043835003,1.2103329043835003,15.72279998799786,50.61799997929484
55,0015_0,grid_round_robin,657,387,0.589041095890411,0.5342465753424658,0.9345509893455098,0.15049033743653745,3.135524238247815,3.135524238247815,0.5685000214725733,27.783299970906228
55,0015_0,anms_4d,657,363,0.5525114155251142,0.517503805175038,0.9269406392694064,0.10565979843575497,2.2421173303593953,2.2421173303593953,11.856900004204363,42.89529996458441
56,0015_0,grid_round_robin,651,360,0.5529953917050692,0.5299539170506913,0.9216589861751152,0.2824583160855913,4.8007153791901835,4.8007153791901835,0.5094000371173024,49.03679998824373
56,0015_0,anms_4d,651,341,0.5238095238095238,0.511520737327189,0.9109062980030722,0.3295222181485931,5.4150554774021105,5.4150554774021105,12.135999975726008,52.92829999234527
57,0015_0,grid_round_robin,663,397,0.5987933634992458,0.6168929110105581,0.975867269984917,0.3147561462845704,1.768352341071124,1.768352341071124,0.5366999539546669,26.293100032489747
57,0015_0,anms_4d,663,395,0.5957767722473605,0.6063348416289592,0.9788838612368024,0.32797187723171795,1.8477392143134737,1.8477392143134737,11.891799978911877,42.09569998783991
58,0015_0,grid_round_robin,1201,905,0.7535387177352206,0.7493755203996669,0.9750208159866778,0.8892563052049565,37.89650881007439,37.89650881007439,0.8415000047534704,64.59620001260191
58,0015_0,anms_4d,1201,886,0.7377185678601166,0.7343880099916736,0.9725228975853455,0.9398663542977368,40.078845637119024,40.078845637119024,28.401599964126945,38.14489999786019
59,0015_0,grid_round_robin,424,299,0.7051886792452831,0.6273584905660378,0.9504716981132075,0.038951430568907826,0.1350330730036514,0.1350330730036514,0.4164999700151384,18.857299990486354
59,0015_0,anms_4d,424,301,0.7099056603773585,0.6320754716981132,0.9504716981132075,0.05253044965219848,0.09311409961089645,0.09311409961089645,6.467600003816187,17.571399977896363
60,0015_0,grid_round_robin,714,451,0.6316526610644257,0.6078431372549019,0.9677871148459384,0.06686947027940816,0.9525015803388928,0.9525015803388928,0.6090999813750386,25.11190000222996
60,0015_0,anms_4d,714,449,0.6288515406162465,0.5966386554621849,0.9565826330532213,0.0883538018847032,0.0923554691837263,0.0923554691837263,13.195400009863079,30.01129999756813
61,0015_0,grid_round_robin,742,503,0.6778975741239892,0.628032345013477,0.9433962264150944,0.3632112539742375,0.800664663572873,0.800664663572873,0.5766000249423087,19.842200039420277
61,0015_0,anms_4d,742,484,0.6522911051212938,0.6159029649595688,0.9407008086253369,0.27289216331183885,0.6185839442528123,0.6185839442528123,13.804299989715219,36.133999994490296
62,0015_0,grid_round_robin,713,433,0.6072931276297335,0.5876577840112202,0.9298737727910238,0.0529323560421034,0.08780182069871216,0.08780182069871216,0.5819000070914626,37.581600015982985
62,0015_0,anms_4d,713,431,0.6044880785413744,0.5792426367461431,0.9116409537166901,0.02455503705081877,0.05182992244820864,0.05182992244820864,12.917199986986816,43.97150001022965
63,0015_0,grid_round_robin,800,483,0.60375,0.59875,0.9425,0.1669513155935315,0.974418270844964,0.974418270844964,0.6059000152163208,42.21290000714362
63,0015_0,anms_4d,800,468,0.585,0.59125,0.9375,0.07824519959952601,0.24201015942793502,0.24201015942793502,15.45180001994595,55.892800039146096
64,0015_0,grid_round_robin,763,465,0.6094364351245085,0.5674967234600262,0.9174311926605505,0.829620651104492,1.7452122944770931,1.7452122944770931,0.6905999616719782,39.969899982679635
64,0015_0,anms_4d,763,446,0.5845347313237221,0.546526867627785,0.8977719528178244,0.6425958900928932,1.334791272473609,1.334791272473609,14.405200025066733,54.880700015928596
65,0015_0,grid_round_robin,380,197,0.5184210526315789,0.48157894736842105,0.8578947368421053,0.4502343833849966,1.584838898116129,1.584838898116129,0.4776000278070569,33.16990000894293
65,0015_0,anms_4d,380,197,0.5184210526315789,0.48157894736842105,0.8657894736842106,0.030514018394645914,0.20766510164054136,0.20766510164054136,5.864799953997135,36.904200038407
66,0015_0,grid_round_robin,579,363,0.6269430051813472,0.6338514680483592,0.9464594127806563,0.3279989927300115,2.2122936893475,2.2122936893475,0.5127000040374696,20.5705999978818
66,0015_0,anms_4d,579,361,0.6234887737478411,0.6234887737478411,0.9395509499136442,0.2983092629912576,2.1061716758789975,2.1061716758789975,10.753599985036999,19.988999993074685
67,0015_0,grid_round_robin,712,502,0.7050561797752809,0.6530898876404494,0.9620786516853933,0.34328497100026517,0.8970519626762994,0.8970519626762994,0.5987999611534178,26.405700016766787
67,0015_0,anms_4d,712,489,0.6867977528089888,0.6376404494382022,0.9564606741573034,0.36373016209103537,0.9340316620573138,0.9340316620573138,13.254199991934001,23.29230000032112
68,0015_0,grid_round_robin,563,359,0.6376554174067496,0.6429840142095915,0.9484902309058615,0.35814196057343683,0.6934399566062203,0.6934399566062203,0.5587000050581992,20.50119999330491
68,0015_0,anms_4d,563,357,0.6341030195381883,0.6287744227353463,0.9360568383658969,0.3107913441045817,0.5481397014352931,0.5481397014352931,9.58000001264736,26.805799978319556
69,0015_0,grid_round_robin,634,410,0.6466876971608833,0.6403785488958991,0.973186119873817,0.7599750059764068,7.3617871961997565,7.3617871961997565,0.5273999995552003,28.205899987369776
69,0015_0,anms_4d,634,408,0.6435331230283912,0.6230283911671924,0.9621451104100947,0.3458679735449369,2.5393995267125833,2.5393995267125833,11.789400014095008,29.025700001511723
70,0015_0,grid_round_robin,829,508,0.6127864897466827,0.5995174909529554,0.962605548854041,0.15662383535868385,0.30226009784224156,0.30226009784224156,0.7615999784320593,33.23339996859431
70,0015_0,anms_4d,829,498,0.6007237635705669,0.5886610373944512,0.9529553679131484,0.17565511183218394,0.3408788581844245,0.3408788581844245,16.3258999818936,25.990699999965727
71,0015_0,grid_round_robin,1242,746,0.6006441223832528,0.5515297906602254,0.9500805152979066,0.10067912475419168,1.1329059744475172,1.1329059744475172,0.8797000045888126,72.12900003651157
71,0015_0,anms_4d,1242,733,0.5901771336553945,0.5458937198067633,0.9371980676328503,0.09330745900451044,1.0706105358612792,1.0706105358612792,29.416100005619228,69.91289998404682
72,0015_0,grid_round_robin,512,268,0.5234375,0.51953125,0.939453125,0.8291127989091595,1.791803855060747,1.791803855060747,0.6272000027820468,44.09699997631833
72,0015_0,anms_4d,512,266,0.51953125,0.51953125,0.93359375,0.4206151571295195,1.572978080330554,1.572978080330554,8.275899977888912,40.765699988696724
73,0015_0,grid_round_robin,657,416,0.6331811263318112,0.5799086757990868,0.9269406392694064,0.5982917004898348,1.2195831172670426,1.2195831172670426,0.5430000019259751,37.07879997091368
73,0015_0,anms_4d,657,403,0.6133942161339422,0.5646879756468798,0.9147640791476408,0.07982484522255567,0.178142069381756,0.178142069381756,13.052400026936084,38.711899949703366
74,0015_0,grid_round_robin,701,444,0.6333808844507846,0.62339514978602,0.9586305278174037,0.2287773641383818,0.39418757527662407,0.39418757527662407,0.5332999862730503,37.79729997040704
74,0015_0,anms_4d,701,448,0.6390870185449358,0.6176890156918687,0.9543509272467903,0.04902091199251466,0.08419717997665221,0.08419717997665221,13.045200030319393,34.04090000549331
75,0015_0,grid_round_robin,795,432,0.5433962264150943,0.4578616352201258,0.8742138364779874,0.02656526263360423,4.2782261185214905,4.2782261185214905,0.672800000756979,57.390799978747964
75,0015_0,anms_4d,795,428,0.5383647798742138,0.4591194968553459,0.8716981132075472,0.019029468908884604,4.539945865108832,4.539945865108832,16.37339999433607,65.35109999822453
76,0015_0,grid_round_robin,733,462,0.6302864938608458,0.5757162346521146,0.9399727148703957,0.12287772337283169,0.43055210572830555,0.43055210572830555,0.5588000058196485,38.84719999041408
76,0015_0,anms_4d,733,448,0.6111869031377899,0.5634379263301501,0.9249658935879945,0.2363633117183032,0.8166556046862954,0.8166556046862954,14.169499976560473,31.645999988541007
77,0015_0,grid_round_robin,868,488,0.5622119815668203,0.5576036866359447,0.945852534562212,0.09167786693969118,0.21265621494018305,0.21265621494018305,1.0609999881125987,57.098800025414675
77,0015_0,anms_4d,868,470,0.5414746543778802,0.5414746543778802,0.9331797235023042,0.24406187931006357,0.773451631744292,0.773451631744292,17.182899988256395,61.02100003045052
78,0015_0,grid_round_robin,796,580,0.7286432160804021,0.7135678391959799,0.9635678391959799,0.08951730860295802,0.35980845666789907,0.35980845666789907,0.6223999662324786,23.85529997991398
78,0015_0,anms_4d,796,560,0.7035175879396985,0.7010050251256281,0.9560301507537688,0.2742004357476482,1.3182726609621596,1.3182726609621596,15.165499993599951,33.46340003190562
79,0015_0,grid_round_robin,482,242,0.5020746887966805,0.4004149377593361,0.8589211618257261,0.49458463791262053,0.8394520384746886,0.8394520384746886,0.45110000064596534,46.16919998079538
79,0015_0,anms_4d,482,228,0.4730290456431535,0.3941908713692946,0.8526970954356846,1.6802584548293529,3.634112295680542,3.634112295680542,7.800800027325749,44.86419999739155
80,0015_0,grid_round_robin,748,493,0.6590909090909091,0.6136363636363636,0.9371657754010695,0.19786268134617144,2.0756277669539718,2.0756277669539718,0.7730000070296228,38.63610001280904
80,0015_0,anms_4d,748,467,0.6243315508021391,0.6122994652406417,0.9358288770053476,0.35446840432893095,4.390976271723635,4.390976271723635,14.025799988303334,52.09489999106154
81,0015_0,grid_round_robin,247,131,0.5303643724696356,0.5587044534412956,0.9757085020242915,4.654000075380317,2.932467110870792,4.654000075380317,0.6277000065892935,26.10880002612248
81,0015_0,anms_4d,247,130,0.5263157894736842,0.5506072874493927,0.979757085020243,3.6025734016349897,1.5917188963054878,3.6025734016349897,3.4081999910995364,24.25229997606948
82,0015_0,grid_round_robin,592,393,0.6638513513513513,0.6148648648648649,0.9358108108108109,0.2060296682732989,0.3005723440613672,0.3005723440613672,0.5079999682493508,25.780500029213727
82,0015_0,anms_4d,592,391,0.660472972972973,0.6131756756756757,0.9391891891891891,0.18861942292815753,0.21072678102630646,0.21072678102630646,10.323999973479658,15.729199978522956
83,0015_0,grid_round_robin,512,361,0.705078125,0.658203125,0.94140625,0.2686377279733694,0.871016492624875,0.871016492624875,0.49189996207132936,20.743399974890053
83,0015_0,anms_4d,512,343,0.669921875,0.634765625,0.927734375,0.23257621634932657,0.6882361073153483,0.6882361073153483,8.659599989186972,28.38449995033443
84,0015_0,grid_round_robin,834,596,0.7146282973621103,0.6762589928057554,0.9784172661870504,0.41425429833449073,0.33238515472101465,0.41425429833449073,0.7053000153973699,25.777999951969832
84,0015_0,anms_4d,834,588,0.7050359712230215,0.6678657074340527,0.9748201438848921,0.5068115183691227,0.4383146256163052,0.5068115183691227,15.932299953419715,25.15330002643168
85,0015_0,grid_round_robin,756,525,0.6944444444444444,0.6851851851851852,0.9642857142857143,0.03155366041266522,0.8371764374591812,0.8371764374591812,0.6348000024445355,25.574899977073073
85,0015_0,anms_4d,756,527,0.6970899470899471,0.6917989417989417,0.9603174603174603,0.027294400345363293,0.8016490828374683,0.8016490828374683,14.87690000794828,34.33479997329414
86,0015_0,grid_round_robin,711,448,0.630098452883263,0.5963431786216596,0.9634317862165963,1.889643100747728,8.447474341081124,8.447474341081124,0.6151000270619988,54.50919998111203
86,0015_0,anms_4d,711,434,0.6104078762306611,0.5822784810126582,0.9465541490857946,0.37509393246053785,1.6645161257294596,1.6645161257294596,13.135700020939112,43.315300019457936
87,0015_0,grid_round_robin,682,375,0.5498533724340176,0.5175953079178885,0.966275659824047,0.09038941444682284,1.6436046876786257,1.6436046876786257,0.5543999723158777,49.349999986588955
87,0015_0,anms_4d,682,364,0.533724340175953,0.5058651026392962,0.9574780058651027,0.04247034993149285,0.12483565731277138,0.12483565731277138,12.599100009538233,55.811400001402944
88,0015_0,grid_round_robin,907,633,0.6979051819184123,0.6692392502756339,0.9614112458654906,0.04923614425327512,1.5679819232198804,1.5679819232198804,0.6673000170849264,27.256100031081587
88,0015_0,anms_4d,907,630,0.6945975744211687,0.6692392502756339,0.958103638368247,0.034408137674821856,1.5199006418958774,1.5199006418958774,18.28330004354939,26.782300032209605
89,0015_0,grid_round_robin,584,379,0.648972602739726,0.6404109589041096,0.9674657534246576,0.5323696433039113,5.5814495072830175,5.5814495072830175,0.5041000549681485,24.610300024505705
89,0015_0,anms_4d,584,368,0.6301369863013698,0.6232876712328768,0.9554794520547946,0.510149122941618,5.392656134635056,5.392656134635056,11.208800016902387,32.153200008906424
90,0015_0,grid_round_robin,693,479,0.6911976911976911,0.6854256854256854,0.9292929292929293,0.2630422682530692,1.197996876630687,1.197996876630687,0.5793999880552292,19.279200001619756
90,0015_0,anms_4d,693,485,0.6998556998556998,0.6883116883116883,0.924963924963925,0.07936429798855715,0.3656871391103295,0.3656871391103295,12.600500020198524,18.58400000492111
91,0015_0,grid_round_robin,594,355,0.5976430976430976,0.5757575757575758,0.9528619528619529,0.9396457065825156,11.043621609719438,11.043621609719438,0.5985000170767307,34.42369995173067
91,0015_0,anms_4d,594,349,0.5875420875420876,0.5656565656565656,0.9393939393939394,1.132956857865277,12.050287402362699,12.050287402362699,10.004199983086437,31.809499952942133
92,0015_0,grid_round_robin,779,574,0.7368421052631579,0.6572528883183568,0.9833119383825417,0.10286015603365829,2.6984594833144833,2.6984594833144833,0.707099970895797,26.689300022553653
92,0015_0,anms_4d,779,572,0.7342747111681643,0.6482670089858793,0.982028241335045,0.1125301564127084,2.7553514027849206,2.7553514027849206,15.932400012388825,27.150699985213578
93,0015_0,grid_round_robin,671,392,0.5842026825633383,0.5782414307004471,0.9314456035767511,0.16479206000650742,1.0167580034488268,1.0167580034488268,0.5896000075154006,41.539199999533594
93,0015_0,anms_4d,671,385,0.5737704918032787,0.5722801788375559,0.9239940387481371,0.1938201885494279,1.2596024075022094,1.2596024075022094,12.02619995456189,37.88459999486804
94,0015_0,grid_round_robin,292,132,0.4520547945205479,0.4554794520547945,0.8972602739726028,1.8478589986142158,2.120607729143019,2.120607729143019,0.4118999931961298,26.934500026982278
94,0015_0,anms_4d,292,128,0.4383561643835616,0.4623287671232877,0.8767123287671232,0.28834220400078786,0.5226901376176053,0.5226901376176053,4.183200013358146,27.891799982171506
95,0015_0,grid_round_robin,636,404,0.6352201257861635,0.6132075471698113,0.9716981132075472,0.1693167933248665,0.2445839213166965,0.2445839213166965,0.5532000213861465,30.198399967048317
95,0015_0,anms_4d,636,407,0.639937106918239,0.6069182389937107,0.9638364779874213,0.19309009895684998,0.2894007984923571,0.2894007984923571,12.489199987612665,32.219799992162734
96,0015_0,grid_round_robin,670,371,0.5537313432835821,0.5671641791044776,0.9477611940298507,0.3089650312891403,28.964317367487286,28.964317367487286,0.6060000159777701,49.82210003072396
96,0015_0,anms_4d,670,380,0.5671641791044776,0.5671641791044776,0.9492537313432836,0.7043803993691621,27.163302635142017,27.163302635142017,13.059700024314225,41.81819997029379
97,0015_0,grid_round_robin,525,320,0.6095238095238096,0.6038095238095238,0.9580952380952381,0.38834488548440127,2.096121012109227,2.096121012109227,0.5194999976083636,20.8487999625504
97,0015_0,anms_4d,525,309,0.5885714285714285,0.5885714285714285,0.9580952380952381,0.487909172065114,2.763328476292163,2.763328476292163,10.164700041059405,27.43330004159361
98,0015_0,grid_round_robin,455,329,0.7230769230769231,0.6923076923076923,0.9648351648351648,0.7704638495909697,2.429209679533805,2.429209679533805,0.41909998981282115,14.174799958709627
98,0015_0,anms_4d,455,318,0.6989010989010989,0.6857142857142857,0.9604395604395605,0.35798762606395323,1.4403599384954469,1.4403599384954469,7.133400009479374,13.144200027454644
99,0015_0,grid_round_robin,661,429,0.649016641452345,0.6293494704992436,0.9697428139183056,0.82975854445688,7.029024756360127,7.029024756360127,0.5746000097133219,34.04090000549331
99,0015_0,anms_4d,661,417,0.6308623298033282,0.6217851739788199,0.9652042360060514,0.8190691490503296,6.8807195686908065,6.8807195686908065,12.27049995213747,34.461600007489324
100,0015_0,grid_round_robin,984,575,0.584349593495935,0.5528455284552846,0.9359756097560976,2.3216715931281233,6.260366015166984,6.260366015166984,0.7240999839268625,54.63010002858937
100,0015_0,anms_4d,984,587,0.5965447154471545,0.540650406504065,0.9288617886178862,1.27797437628238,3.4960419633772934,3.4960419633772934,21.616000041831285,55.06980000063777
101,0015_0,grid_round_robin,538,328,0.6096654275092936,0.620817843866171,0.949814126394052,0.43360438012267183,0.6999883145183643,0.6999883145183643,0.5657000001519918,21.873300021979958
101,0015_0,anms_4d,538,318,0.5910780669144982,0.6059479553903345,0.9405204460966543,0.48537579569409817,0.9869523043797693,0.9869523043797693,9.212200006004423,28.096699970774353
102,0015_0,grid_round_robin,663,435,0.6561085972850679,0.6440422322775264,0.9336349924585219,0.07727379630217614,0.845448457979912,0.845448457979912,0.5717999883927405,31.604399962816387
102,0015_0,anms_4d,663,427,0.6440422322775264,0.6365007541478129,0.9291101055806938,0.07538059426114263,0.8411936913636522,0.8411936913636522,13.251799973659217,34.10540003096685
103,0015_0,grid_round_robin,694,446,0.6426512968299711,0.6066282420749279,0.9582132564841499,0.20969006568784507,0.991430033576698,0.991430033576698,0.7488000555895269,33.77140004886314
103,0015_0,anms_4d,694,447,0.6440922190201729,0.6109510086455331,0.9538904899135446,0.13287166646308357,0.8917186245883655,0.8917186245883655,14.621200039982796,27.090599993243814
104,0015_0,grid_round_robin,766,486,0.6344647519582245,0.6357702349869452,0.9516971279373369,0.1975304226078999,1.2713070217461533,1.2713070217461533,0.6386999739333987,25.58279997901991
104,0015_0,anms_4d,766,468,0.6109660574412533,0.6305483028720626,0.9451697127937336,0.05138225539424357,0.339853857876749,0.339853857876749,14.628199976868927,31.61720000207424
105,0015_0,grid_round_robin,785,441,0.5617834394904458,0.5477707006369427,0.9592356687898089,0.492379848936887,2.54392476725767,2.54392476725767,0.5985999596305192,65.1427999837324
105,0015_0,anms_4d,785,428,0.5452229299363057,0.532484076433121,0.9477707006369427,0.5174156033966182,2.677042623581653,2.677042623581653,15.088400046806782,66.50509999599308
106,0015_0,grid_round_robin,352,232,0.6590909090909091,0.6732954545454546,0.9829545454545454,0.15088502750583044,0.4029332766040848,0.4029332766040848,0.3958000452257693,12.575500004459172
106,0015_0,anms_4d,352,227,0.6448863636363636,0.6619318181818182,0.9772727272727273,0.11475610237967339,0.35454436931074146,0.35454436931074146,5.220399994868785,11.112400039564818
107,0015_0,grid_round_robin,588,275,0.467687074829932,0.48639455782312924,0.8945578231292517,0.13367374902659906,1.296047443377251,1.296047443377251,0.5186999915167689,50.6178000359796
107,0015_0,anms_4d,588,272,0.46258503401360546,0.47619047619047616,0.8792517006802721,0.17219817328592274,1.4629165031346072,1.4629165031346072,10.410599992610514,51.981500000692904
108,0015_0,grid_round_robin,564,345,0.6117021276595744,0.5797872340425532,0.9361702127659575,0.12962396760150896,0.4964036703552433,0.4964036703552433,0.48210000386461616,28.547899972181767
108,0015_0,anms_4d,564,343,0.6081560283687943,0.574468085106383,0.9308510638297872,0.12668200388721615,0.49298894280417244,0.49298894280417244,9.90310002816841,26.66009997483343
109,0015_0,grid_round_robin,501,248,0.49500998003992014,0.437125748502994,0.8922155688622755,2.3260508313323496,1.1184795025125702,2.3260508313323496,0.4428999964147806,39.54410000005737
109,0015_0,anms_4d,501,243,0.48502994011976047,0.43313373253493015,0.872255489021956,2.328567883015513,1.1431167069940475,2.328567883015513,8.399599988479167,36.30529996007681
110,0015_0,grid_round_robin,766,505,0.6592689295039165,0.6383812010443864,0.943864229765013,0.06851424338652344,0.34216056472129747,0.34216056472129747,0.6402999861165881,26.42279997235164
110,0015_0,anms_4d,766,500,0.6527415143603134,0.639686684073107,0.9360313315926893,0.0639612559671041,0.28526163458315734,0.28526163458315734,14.605199976358563,38.55599998496473
111,0015_0,grid_round_robin,534,358,0.6704119850187266,0.6779026217228464,0.9756554307116105,0.03156747420940017,0.1979146259670232,0.1979146259670232,0.5076000234112144,18.60459998715669
111,0015_0,anms_4d,534,355,0.6647940074906367,0.6760299625468165,0.9662921348314607,0.14151805958816419,0.9720202045251697,0.9720202045251697,8.86300002457574,18.2308999937959
112,0015_0,grid_round_robin,612,358,0.5849673202614379,0.5571895424836601,0.9281045751633987,0.8243904389261392,11.924748936499096,11.924748936499096,0.5187999922782183,38.27690001344308
112,0015_0,anms_4d,612,346,0.565359477124183,0.5424836601307189,0.9183006535947712,0.8338741623110785,11.971797913786633,11.971797913786633,19.748599966987967,32.371000037528574
113,0015_0,grid_round_robin,585,284,0.48547008547008547,0.48376068376068376,0.882051282051282,0.7926561724338147,2.226789180724918,2.226789180724918,0.5246999789960682,58.65259998245165
113,0015_0,anms_4d,585,270,0.46153846153846156,0.48034188034188036,0.8598290598290599,1.2051372200033692,3.377191674245074,3.377191674245074,10.070300020743161,53.61659999471158
114,0015_0,grid_round_robin,400,230,0.575,0.5575,0.91,0.1538637684235149,0.3659849084862261,0.3659849084862261,0.37780002458021045,23.208200000226498
114,0015_0,anms_4d,400,234,0.585,0.5525,0.895,0.5125195997201625,0.8966908129900669,0.8966908129900669,6.664099986664951,20.326500001829118
115,0015_0,grid_round_robin,634,394,0.6214511041009464,0.5993690851735016,0.9274447949526814,0.3443484910156052,0.9532745969126621,0.9532745969126621,0.5769000272266567,23.86429999023676
115,0015_0,anms_4d,634,379,0.5977917981072555,0.583596214511041,0.9116719242902208,0.35237192063508804,0.9724564554701924,0.9724564554701924,11.031800007913262,31.69409994734451
116,0015_0,grid_round_robin,198,113,0.5707070707070707,0.5858585858585859,0.9545454545454546,0.40895003337058533,2.326733519945638,2.326733519945638,0.2639999729581177,16.758100013248622
116,0015_0,anms_4d,198,112,0.5656565656565656,0.5909090909090909,0.9494949494949495,0.4098777759198764,2.361636729000437,2.361636729000437,2.644799998961389,16.950100020039827
117,0015_0,grid_round_robin,745,504,0.676510067114094,0.6563758389261745,0.9476510067114094,0.4961494750025688,1.1925060475980795,1.1925060475980795,0.5976000102236867,28.185100003611296
117,0015_0,anms_4d,745,502,0.6738255033557047,0.6456375838926175,0.9288590604026845,0.2642081462709472,0.6158072399372888,0.6158072399372888,13.927799998782575,32.39199996460229
118,0015_0,grid_round_robin,808,525,0.6497524752475248,0.6274752475247525,0.9492574257425742,0.1608233926208558,0.3393125577404228,0.3393125577404228,0.6454000249505043,22.396899992600083
118,0015_0,anms_4d,808,515,0.6373762376237624,0.6175742574257426,0.9393564356435643,0.16372090238279796,0.3215284252598602,0.3215284252598602,16.294500033836812,29.09290004754439
119,0015_0,grid_round_robin,538,388,0.7211895910780669,0.7100371747211895,0.9721189591078067,0.11566176151388147,0.35054806464966953,0.35054806464966953,0.5691000260412693,17.638099961914122
119,0015_0,anms_4d,538,381,0.70817843866171,0.6970260223048327,0.9572490706319703,0.1217041663763467,0.3181938249660877,0.3181938249660877,9.032699977979064,14.802400022745132
120,0015_0,grid_round_robin,668,414,0.6197604790419161,0.5883233532934131,0.9416167664670658,0.20992410120499927,0.6013900961529562,0.6013900961529562,0.6143000209704041,23.18429999286309
120,0015_0,anms_4d,668,423,0.6332335329341318,0.6017964071856288,0.9401197604790419,0.40585389067379474,1.428470376858877,1.428470376858877,12.27230002405122,24.84830003231764
121,0015_0,grid_round_robin,765,483,0.6313725490196078,0.5241830065359477,0.9267973856209151,2.0127667843405757,11.167142346365857,11.167142346365857,0.6581000052392483,36.06529999524355
121,0015_0,anms_4d,765,467,0.6104575163398693,0.5176470588235295,0.918954248366013,2.3632477038521937,13.336946163643033,13.336946163643033,14.746700006071478,44.60209998069331
122,0015_0,grid_round_robin,1014,674,0.6646942800788954,0.6232741617357002,0.9467455621301775,0.2672037377769731,1.565992599611772,1.565992599611772,0.7228999747894704,41.53789998963475
122,0015_0,anms_4d,1014,667,0.6577909270216963,0.616370808678501,0.9358974358974359,0.3064720443521335,1.8301959928326816,1.8301959928326816,21.662999992258847,56.95709999417886
123,0015_0,grid_round_robin,286,163,0.5699300699300699,0.5664335664335665,0.9020979020979021,0.37642001107486406,0.8510587396493072,0.8510587396493072,0.3142000059597194,21.57219999935478
123,0015_0,anms_4d,286,161,0.5629370629370629,0.5734265734265734,0.916083916083916,1.3887209246357415,3.435865919517287,3.435865919517287,4.488700011279434,23.909799987450242
124,0015_0,grid_round_robin,191,105,0.5497382198952879,0.5916230366492147,0.9109947643979057,1.0646380862267495,9.1656187674142,9.1656187674142,0.2779999631457031,22.11880002869293
124,0015_0,anms_4d,191,100,0.5235602094240838,0.5706806282722513,0.900523560209424,2.580750583424715,31.33949491688293,31.33949491688293,2.5218999944627285,27.26760000223294
125,0015_0,grid_round_robin,614,357,0.5814332247557004,0.5586319218241043,0.9299674267100977,2.1128627112178644,5.249055726990666,5.249055726990666,0.5333999870344996,40.41079996386543
125,0015_0,anms_4d,614,364,0.5928338762214984,0.5635179153094463,0.9250814332247557,0.027874651387089645,0.02957819498134158,0.02957819498134158,10.830099985469133,38.71130000334233
126,0015_0,grid_round_robin,974,588,0.6036960985626283,0.6036960985626283,0.9640657084188912,0.12143394602934202,0.34591440194081663,0.34591440194081663,0.6972000119276345,42.78100002557039
126,0015_0,anms_4d,974,591,0.606776180698152,0.6026694045174538,0.9609856262833676,0.24863826235620146,0.6865470765718881,0.6865470765718881,21.23289997689426,42.6302999840118
127,0015_0,grid_round_robin,548,339,0.6186131386861314,0.6204379562043796,0.9434306569343066,0.05412673723461063,0.06428595543501585,0.06428595543501585,0.5311000277288258,25.012099999003112
127,0015_0,anms_4d,548,337,0.614963503649635,0.6094890510948905,0.927007299270073,0.0617134150949788,0.1391383765776944,0.1391383765776944,9.09710000269115,28.53560005314648
128,0015_0,grid_round_robin,943,576,0.6108165429480382,0.6033934252386002,0.9427359490986215,0.04365455227072345,0.21275728559151705,0.21275728559151705,0.6927000358700752,43.463599984534085
128,0015_0,anms_4d,943,570,0.6044538706256628,0.5991516436903499,0.9395546129374337,0.01876562635034468,0.09934170248075198,0.09934170248075198,20.473099953960627,41.255799995269626
129,0015_0,grid_round_robin,640,415,0.6484375,0.6375,0.9625,0.28090664494571127,0.9247513778366269,0.9247513778366269,0.5678999586962163,30.96100001130253
129,0015_0,anms_4d,640,417,0.6515625,0.6328125,0.95625,0.16711501937159026,0.450261466868424,0.450261466868424,11.576800025068223,29.666000045835972
130,0015_0,grid_round_robin,477,299,0.6268343815513627,0.6268343815513627,0.9580712788259959,0.22196519313364063,0.6411200454793348,0.6411200454793348,0.4827000084333122,27.21839997684583
130,0015_0,anms_4d,477,291,0.610062893081761,0.6079664570230608,0.9454926624737946,0.20764789229101988,0.603482543249186,0.603482543249186,7.510500028729439,26.746799994725734
131,0015_0,grid_round_robin,640,469,0.7328125,0.7171875,0.959375,0.08675751264770383,0.30180308850941373,0.30180308850941373,0.5325000383891165,22.29370002169162
131,0015_0,anms_4d,640,464,0.725,0.709375,0.9546875,0.08619714624295498,0.29926066419697245,0.29926066419697245,11.345300008542836,21.642400010023266
132,0015_0,grid_round_robin,857,626,0.7304550758459744,0.6779463243873979,0.9323220536756126,0.8647176176044912,6.370502881582994,6.370502881582994,0.6073999684303999,30.936399998608977
132,0015_0,anms_4d,857,632,0.7374562427071178,0.6791131855309218,0.9346557759626605,0.5592043585988211,3.7876890563577876,3.7876890563577876,17.63720001326874,37.66269999323413
133,0015_0,grid_round_robin,390,200,0.5128205128205128,0.5461538461538461,0.9615384615384616,1.8180497139680543,5.264504545507213,5.264504545507213,0.39790000300854445,41.57860000850633
133,0015_0,anms_4d,390,206,0.5282051282051282,0.5487179487179488,0.9666666666666667,2.0603670531833185,5.5215317319363,5.5215317319363,6.245700002182275,35.79699998954311
134,0015_0,grid_round_robin,353,220,0.623229461756374,0.5892351274787535,0.9405099150141643,0.6487988982338275,1.3834226165066528,1.3834226165066528,0.35829999251291156,17.630300018936396
134,0015_0,anms_4d,353,216,0.6118980169971672,0.5864022662889519,0.9263456090651558,0.7432037040783718,1.576452808192865,1.576452808192865,5.36479998845607,16.69449999462813
135,0015_0,grid_round_robin,588,321,0.5459183673469388,0.5034013605442177,0.9387755102040817,0.23920686383660694,0.6526290117108033,0.6526290117108033,0.5239999736659229,37.9024000139907
135,0015_0,anms_4d,588,307,0.5221088435374149,0.5034013605442177,0.9285714285714286,0.049730355565942366,0.3202890586056944,0.3202890586056944,10.276800021529198,48.40979998698458
136,0015_0,grid_round_robin,782,448,0.5728900255754475,0.5792838874680307,0.9296675191815856,0.07228307164068881,0.597781309279779,0.597781309279779,0.6606000242754817,59.17709995992482
136,0015_0,anms_4d,782,419,0.5358056265984654,0.5677749360613811,0.9309462915601023,0.7514393832089211,5.89911917848308,5.89911917848308,18.565099977422506,63.99319996125996
137,0015_0,grid_round_robin,484,303,0.6260330578512396,0.6177685950413223,0.9648760330578512,0.16144572928865777,0.3996288775410474,0.3996288775410474,0.4731999943032861,29.19510001083836
137,0015_0,anms_4d,484,292,0.6033057851239669,0.609504132231405,0.9442148760330579,0.9528362582726939,2.3877207370004196,2.3877207370004196,8.044200018048286,31.616699998266995
138,0015_0,grid_round_robin,861,521,0.6051103368176539,0.5493612078977933,0.9523809523809523,0.944430184535939,5.397154901818203,5.397154901818203,0.6266999989748001,40.971699985675514
138,0015_0,anms_4d,861,518,0.6016260162601627,0.5423925667828107,0.9547038327526133,0.932972503720306,5.47766641607264,5.47766641607264,17.04269996844232,43.99959999136627
139,0015_0,grid_round_robin,828,508,0.6135265700483091,0.5990338164251208,0.9408212560386473,2.3326469623870394,9.020994075516233,9.020994075516233,0.6813000072725117,41.2534000352025
139,0015_0,anms_4d,828,488,0.5893719806763285,0.5833333333333334,0.9299516908212561,1.041250396783004,4.080982753926614,4.080982753926614,16.351300000678748,43.37799997301772
140,0015_0,grid_round_robin,736,470,0.6385869565217391,0.5665760869565217,0.9334239130434783,0.36697865533526364,21.116674508197104,21.116674508197104,0.5700999754481018,43.33720001159236
140,0015_0,anms_4d,736,454,0.6168478260869565,0.5570652173913043,0.9225543478260869,0.3690605540783539,21.943767628174363,21.943767628174363,13.752500002738088,44.83229998731986
141,0015_0,grid_round_robin,755,410,0.543046357615894,0.543046357615894,0.9390728476821192,0.6227554303859086,1.1214322174194702,1.1214322174194702,0.6499000010080636,44.72929995972663
141,0015_0,anms_4d,755,399,0.528476821192053,0.5350993377483444,0.9364238410596026,0.5937560588327399,1.0839961690462292,1.0839961690462292,14.57910001045093,62.15369998244569
142,0015_0,grid_round_robin,949,668,0.7038988408851422,0.6691253951527925,0.9557428872497366,0.6019696829944275,1.579263801541345,1.579263801541345,0.6968000088818371,33.495499985292554
142,0015_0,anms_4d,949,661,0.6965226554267651,0.6638566912539515,0.946259220231823,0.6321782201289955,1.6573791109383618,1.6573791109383618,19.01629997882992,25.77870001550764
143,0015_0,grid_round_robin,462,323,0.6991341991341992,0.658008658008658,0.9415584415584416,0.5923016500596823,0.7185543810768247,0.7185543810768247,0.4607000155374408,16.02639997145161
143,0015_0,anms_4d,462,320,0.6926406926406926,0.6645021645021645,0.9458874458874459,0.5690487152360065,0.7097501156315101,0.7097501156315101,7.348700019065291,11.737399967387319
144,0015_0,grid_round_robin,338,213,0.6301775147928994,0.5532544378698225,0.9822485207100592,0.7194784904518292,0.6357598023969605,0.7194784904518292,0.4372000112198293,19.851099990773946
144,0015_0,anms_4d,338,210,0.621301775147929,0.5473372781065089,0.985207100591716,0.39058577313773757,0.5392206112360155,0.5392206112360155,5.045099998824298,15.07089997176081
145,0015_0,grid_round_robin,885,602,0.6802259887005649,0.5683615819209039,0.9480225988700565,0.2462817598293302,1.1742134917779097,1.1742134917779097,0.7639999967068434,35.06349999224767
145,0015_0,anms_4d,885,599,0.6768361581920904,0.5649717514124294,0.943502824858757,0.21517787813214845,1.0632270609551788,1.0632270609551788,17.898200021591038,29.468799999449402
146,0015_0,grid_round_robin,817,518,0.6340269277845777,0.594859241126071,0.9424724602203183,0.30087093455961506,1.4985601001762392,1.4985601001762392,0.6333999917842448,28.708200028631836
146,0015_0,anms_4d,817,504,0.616891064871481,0.5789473684210527,0.9314565483476133,0.361230439201341,1.6749244253779438,1.6749244253779438,16.31959999212995,26.356599992141128
147,0015_0,grid_round_robin,824,547,0.6638349514563107,0.5716019417475728,0.9247572815533981,0.49574423217237923,9.028544641987061,9.028544641987061,0.6374000222422183,38.0892000393942
147,0015_0,anms_4d,824,524,0.6359223300970874,0.5509708737864077,0.9162621359223301,0.5498746010707884,10.086490541995056,10.086490541995056,15.741400013212115,46.254799992311746
148,0015_0,grid_round_robin,696,512,0.735632183908046,0.7313218390804598,0.978448275862069,0.00607370467763702,0.12858253792589264,0.12858253792589264,0.5397999775595963,17.25039997836575
148,0015_0,anms_4d,696,505,0.7255747126436781,0.7140804597701149,0.9727011494252874,0.0735366434874874,0.3080381140036778,0.3080381140036778,12.850600003730506,24.506399990059435
149,0015_0,grid_round_robin,972,714,0.7345679012345679,0.6923868312757202,0.9742798353909465,0.31388659688432263,0.6827913399461165,0.6827913399461165,0.7525999681092799,29.766599996946752
149,0015_0,anms_4d,972,696,0.7160493827160493,0.691358024691358,0.9650205761316872,0.35905932839804494,0.7507827566966012,0.7507827566966012,20.377299981191754,45.66399997565895
150,0015_0,grid_round_robin,753,484,0.6427622841965471,0.6454183266932271,0.952191235059761,0.052120852208506506,0.12644079802870722,0.12644079802870722,0.6016000406816602,32.562000036705285
150,0015_0,anms_4d,753,482,0.6401062416998672,0.6427622841965471,0.9455511288180611,0.039726416394031856,0.07196508532371655,0.07196508532371655,13.736799999605864,29.184199986048043
151,0015_0,grid_round_robin,102,46,0.45098039215686275,0.14705882352941177,0.43137254901960786,8.240380564283985,17.933768140730677,17.933768140730677,0.1984999980777502,22.500099963508546
151,0015_0,anms_4d,102,46,0.45098039215686275,0.13725490196078433,0.4117647058823529,10.646564999604681,52.868904059816444,52.868904059816444,1.2783000129275024,19.753500004298985
152,0015_0,grid_round_robin,847,509,0.6009445100354192,0.5926800472255017,0.9515938606847698,0.12222329976203196,0.6881245725736004,0.6881245725736004,0.6437000120058656,47.73920000297949
152,0015_0,anms_4d,847,502,0.5926800472255017,0.5867768595041323,0.9445100354191264,0.2716419635319682,1.4480844286847332,1.4480844286847332,18.21619999827817,50.18469999777153
153,0015_0,grid_round_robin,180,87,0.48333333333333334,0.4888888888888889,0.9222222222222223,5.886807894899985,12.135518955114122,12.135518955114122,0.23549998877570033,21.93360001547262
153,0015_0,anms_4d,180,85,0.4722222222222222,0.5055555555555555,0.9111111111111111,1.6292287691579281,0.382498808124675,1.6292287691579281,2.4686999968253076,23.998400021810085
154,0015_0,grid_round_robin,894,512,0.5727069351230425,0.5234899328859061,0.8937360178970917,0.5152211185515154,18.94779541476949,18.94779541476949,0.729600025806576,62.502300017513335
154,0015_0,anms_4d,894,504,0.5637583892617449,0.5156599552572707,0.8859060402684564,0.4974518411903734,18.83759578970269,18.83759578970269,17.85779994679615,56.393800012301654
155,0015_0,grid_round_robin,674,474,0.7032640949554896,0.7032640949554896,0.9614243323442137,0.12311328641598103,0.25689840456568647,0.25689840456568647,0.5449000163935125,18.850999942515045
155,0015_0,anms_4d,674,469,0.6958456973293768,0.6973293768545994,0.9554896142433235,0.11633840726496693,0.2434370408960712,0.2434370408960712,12.20100000500679,12.857199995778501
156,0015_0,grid_round_robin,834,559,0.670263788968825,0.6270983213429256,0.9664268585131894,0.10242014577408495,4.481840556028354,4.481840556028354,0.6557999877259135,34.74059997824952
156,0015_0,anms_4d,834,555,0.6654676258992805,0.6211031175059952,0.9652278177458034,0.10238188738211405,4.401291438079571,4.401291438079571,17.49629998812452,26.98159997817129
157,0015_0,grid_round_robin,162,85,0.5246913580246914,0.5246913580246914,0.9074074074074074,2.145155296795778,13.401820079900437,13.401820079900437,0.22879999596625566,18.172400014009327
157,0015_0,anms_4d,162,84,0.5185185185185185,0.5123456790123457,0.9074074074074074,1.224663127481397,3.8171116889782817,3.8171116889782817,2.2600999800488353,20.928199985064566
158,0015_0,grid_round_robin,501,275,0.5489021956087824,0.5608782435129741,0.8842315369261478,0.410782323516548,1.046881698400525,1.046881698400525,0.5204000044614077,35.71450000163168
158,0015_0,anms_4d,501,280,0.5588822355289421,0.5568862275449101,0.8662674650698603,0.09353097350523461,0.27030198913561304,0.27030198913561304,8.423799998126924,37.06969995982945
159,0015_0,grid_round_robin,687,341,0.4963609898107715,0.47307132459970885,0.8995633187772926,0.09957563686877033,1.2684158102766148,1.2684158102766148,0.597400008700788,50.830400025006384
159,0015_0,anms_4d,687,339,0.49344978165938863,0.46870451237263466,0.8966521106259098,0.14462989953616878,0.7947313191017051,0.7947313191017051,13.508499949239194,51.610900030937046
160,0015_0,grid_round_robin,521,328,0.6295585412667947,0.6084452975047985,0.9712092130518234,0.7141612526792458,1.336879278713858,1.336879278713858,0.4415000439621508,21.770200051832944
160,0015_0,anms_4d,521,315,0.6046065259117083,0.5796545105566219,0.9692898272552783,1.0046688448790164,1.9643796932264277,1.9643796932264277,9.090700012166053,33.22609997121617
161,0015_0,grid_round_robin,788,488,0.6192893401015228,0.6078680203045685,0.9390862944162437,0.33743489185397213,0.4161736007841182,0.4161736007841182,0.6065000197850168,27.219099982175976
161,0015_0,anms_4d,788,472,0.5989847715736041,0.5964467005076142,0.932741116751269,0.3402476656470529,0.4011475768591209,0.4011475768591209,15.576999983750284,33.49750000052154
162,0015_0,grid_round_robin,77,51,0.6623376623376623,0.5974025974025974,0.8181818181818182,10.758790440557972,29.259236912277633,29.259236912277633,0.23989996407181025,5.781800020486116
162,0015_0,anms_4d,77,51,0.6623376623376623,0.5844155844155844,0.8181818181818182,1.9556496546799633,6.69662875109793,6.69662875109793,1.164300017990172,8.38439998915419
163,0015_0,grid_round_robin,1146,781,0.6815008726003491,0.6893542757417103,0.956369982547993,0.5123571443631868,4.101553146596427,4.101553146596427,0.7945999968796968,53.720700030680746
163,0015_0,anms_4d,1146,794,0.6928446771378709,0.6832460732984293,0.9493891797556719,0.12786079783605223,0.9408573808126778,0.9408573808126778,26.980500028003007,40.77690001577139
164,0015_0,grid_round_robin,860,483,0.5616279069767441,0.5662790697674419,0.9011627906976745,0.29289160935631225,4.606361790933313,4.606361790933313,0.6476999842561781,63.327199954073876
164,0015_0,anms_4d,860,473,0.55,0.5534883720930233,0.8872093023255814,0.358113373682069,5.393331390295378,5.393331390295378,18.663000024389476,55.42669998249039
165,0015_0,grid_round_robin,713,428,0.6002805049088359,0.6100981767180925,0.9495091164095372,0.30467334704804916,1.2610574526448395,1.2610574526448395,0.5654999986290932,37.547499989159405
165,0015_0,anms_4d,713,414,0.5806451612903226,0.6044880785413744,0.9467040673211781,0.5269105406292056,2.2655146656388023,2.2655146656388023,15.937400050461292,43.7730000121519
166,0015_0,grid_round_robin,634,454,0.7160883280757098,0.7034700315457413,0.9826498422712934,0.10721687473239738,1.281703342175285,1.281703342175285,0.5514000076800585,15.895200020167977
166,0015_0,anms_4d,634,446,0.7034700315457413,0.6829652996845426,0.9794952681388013,0.10712835916621223,1.2172029609865893,1.2172029609865893,11.88549998914823,15.80280001508072
167,0015_0,grid_round_robin,1094,626,0.5722120658135283,0.5429616087751371,0.9149908592321755,0.5984345402227468,7.105566027480532,7.105566027480532,0.8809000137262046,70.24639996234328
167,0015_0,anms_4d,1094,609,0.556672760511883,0.5329067641681902,0.9085923217550275,0.5231953372749515,6.58461527278897,6.58461527278897,28.866400010883808,71.08940003672615
168,0015_0,grid_round_robin,852,560,0.6572769953051644,0.6525821596244131,0.9730046948356808,0.10538527638429253,0.6260224267513597,0.6260224267513597,0.6416999967768788,41.62839998025447
168,0015_0,anms_4d,852,557,0.653755868544601,0.6455399061032864,0.9624413145539906,0.24747150755969155,1.4518998872004798,1.4518998872004798,18.608400016091764,38.2567000342533
169,0015_0,grid_round_robin,770,504,0.6545454545454545,0.6363636363636364,0.961038961038961,0.06220422751864786,1.0558162037233987,1.0558162037233987,0.5946999881416559,37.80029999325052
169,0015_0,anms_4d,770,493,0.6402597402597403,0.6233766233766234,0.951948051948052,0.034377510271974956,0.9961128374496326,0.9961128374496326,16.32749999407679,40.72679998353124
170,0015_0,grid_round_robin,693,472,0.6810966810966811,0.6782106782106783,0.9581529581529582,0.6136635680122318,2.831692119219759,2.831692119219759,0.5514999502338469,29.494700022041798
170,0015_0,anms_4d,693,464,0.6695526695526696,0.6623376623376623,0.950937950937951,0.6253767907501284,2.8781267550545127,2.8781267550545127,12.67370005371049,24.154899991117418
171,0015_0,grid_round_robin,575,342,0.5947826086956521,0.5304347826086957,0.9495652173913044,0.9084570063367748,2.266463487541235,2.266463487541235,0.5739000043831766,33.91699999338016
171,0015_0,anms_4d,575,335,0.5826086956521739,0.528695652173913,0.9339130434782609,1.358226688766635,3.38381729949511,3.38381729949511,9.656300011556596,30.66759998910129
172,0015_0,grid_round_robin,43,14,0.32558139534883723,0.16279069767441862,0.4418604651162791,3.1456950964913766,8.745691781707032,8.745691781707032,0.17549999756738544,14.377099985722452
172,0015_0,anms_4d,43,14,0.32558139534883723,0.13953488372093023,0.4186046511627907,131.23745286077443,78.77288449285786,131.23745286077443,0.5672000115737319,14.64569999370724
173,0015_0,grid_round_robin,1001,703,0.7022977022977023,0.6463536463536463,0.9630369630369631,0.5400295528822584,1.8333120231736175,1.8333120231736175,0.7428000099025667,41.79999994812533
173,0015_0,anms_4d,1001,691,0.6903096903096904,0.6413586413586414,0.9560439560439561,0.4898084758423124,1.6503595398023814,1.6503595398023814,21.944999985862523,48.70959999971092
174,0015_0,grid_round_robin,628,401,0.6385350318471338,0.6194267515923567,0.9585987261146497,0.3623566285052867,0.7613718951418684,0.7613718951418684,0.5264999927021563,21.74840000225231
174,0015_0,anms_4d,628,382,0.60828025477707,0.6130573248407644,0.945859872611465,0.6358428002107187,1.8179365880467704,1.8179365880467704,10.921499982941896,31.31540003232658
175,0015_0,grid_round_robin,693,430,0.6204906204906205,0.6046176046176046,0.935064935064935,0.7055535038946223,1.1851814384797268,1.1851814384797268,0.5494000506587327,34.85809999983758
175,0015_0,anms_4d,693,419,0.6046176046176046,0.5887445887445888,0.924963924963925,2.4229779919074255,4.085298919006934,4.085298919006934,12.577000015880913,37.65410004416481
176,0015_0,grid_round_robin,856,604,0.705607476635514,0.655373831775701,0.9684579439252337,0.4936475706638945,2.06083233746454,2.06083233746454,0.6975000142119825,29.079900006763637
176,0015_0,anms_4d,856,603,0.7044392523364486,0.6518691588785047,0.9672897196261683,0.501207129440751,2.1147908474527557,2.1147908474527557,18.686900031752884,25.31910000834614
177,0015_0,grid_round_robin,727,474,0.6519944979367263,0.6272352132049519,0.9793672627235214,0.24147922638180544,0.21609002821521883,0.24147922638180544,0.5874999915249646,34.236299979966134
177,0015_0,anms_4d,727,475,0.6533700137551581,0.6203576341127923,0.9807427785419532,0.22749790678660434,0.13834909649163554,0.22749790678660434,13.661000004503876,25.743899983353913
178,0015_0,grid_round_robin,608,382,0.6282894736842105,0.5657894736842105,0.9194078947368421,0.09869752481815545,1.9689368861904706,1.9689368861904706,0.5321000353433192,29.178000055253506
178,0015_0,anms_4d,608,374,0.6151315789473685,0.569078947368421,0.912828947368421,0.30784538800700634,3.1773543457002655,3.1773543457002655,11.634399998001754,31.195699993986636
179,0015_0,grid_round_robin,555,292,0.5261261261261261,0.5171171171171172,0.9423423423423424,0.2517620439411975,1.0685156008329653,1.0685156008329653,0.5051000043749809,41.143399954307824
179,0015_0,anms_4d,555,283,0.5099099099099099,0.4954954954954955,0.9261261261261261,0.1773208057334131,0.4231128724608325,0.4231128724608325,9.361700038425624,45.977800036780536
180,0015_0,grid_round_robin,594,335,0.563973063973064,0.569023569023569,0.9242424242424242,0.10901443806058511,6.0081656455801316,6.0081656455801316,0.5403999821282923,40.17659998498857
180,0015_0,anms_4d,594,338,0.569023569023569,0.5555555555555556,0.9158249158249159,0.2776308830182954,14.149043661883322,14.149043661883322,11.169100005645305,40.03719997126609
181,0015_0,grid_round_robin,822,534,0.6496350364963503,0.6496350364963503,0.9708029197080292,0.1469123633481116,0.6944402839329955,0.6944402839329955,0.7245999877341092,31.52690001297742
181,0015_0,anms_4d,822,527,0.6411192214111923,0.6386861313868614,0.9635036496350365,0.05949249677104111,0.20610030664308196,0.20610030664308196,16.091199999209493,35.470200004056096
182,0015_0,grid_round_robin,321,195,0.6074766355140186,0.5514018691588785,0.9283489096573209,1.1795497638616925,3.6128690401794974,3.6128690401794974,0.43120002374053,16.200599959120154
182,0015_0,anms_4d,321,188,0.5856697819314641,0.5389408099688473,0.9158878504672897,2.502777424488196,6.325573789995978,6.325573789995978,4.7441000351682305,20.165499998256564
183,0015_0,grid_round_robin,484,285,0.5888429752066116,0.5971074380165289,0.9380165289256198,0.031199869073416826,0.07772614206964043,0.07772614206964043,0.43459999142214656,28.79919996485114
183,0015_0,anms_4d,484,278,0.5743801652892562,0.5847107438016529,0.9194214876033058,0.7001986987563389,4.736962133587532,4.736962133587532,8.485500002279878,24.507599999196827
184,0015_0,grid_round_robin,181,114,0.6298342541436464,0.5193370165745856,0.8784530386740331,1.4501190960093318,13.741048826795735,13.741048826795735,0.31319999834522605,14.917699969373643
184,0015_0,anms_4d,181,111,0.6132596685082873,0.5138121546961326,0.8839779005524862,1.6634305296805725,15.744901312296612,15.744901312296612,2.3585999733768404,16.363400034606457
185,0015_0,grid_round_robin,711,429,0.6033755274261603,0.5977496483825597,0.9381153305203939,0.2209484175979178,2.523778373712276,2.523778373712276,0.5491000483743846,35.80110002076253
185,0015_0,anms_4d,711,431,0.6061884669479606,0.5907172995780591,0.9282700421940928,0.18850974711172425,0.9726452475879528,0.9726452475879528,13.645900005940348,35.33799998695031
186,0015_0,grid_round_robin,712,428,0.601123595505618,0.598314606741573,0.9578651685393258,0.07608075049165987,0.25847045898187987,0.25847045898187987,0.5858000367879868,51.516000006813556
186,0015_0,anms_4d,712,425,0.5969101123595506,0.5912921348314607,0.9452247191011236,0.3333280151990115,1.4249030995495142,1.4249030995495142,15.433599997777492,43.14470000099391
187,0015_0,grid_round_robin,353,187,0.5297450424929179,0.5212464589235127,0.9150141643059491,0.4810917095854971,0.5968523409258063,0.5968523409258063,0.5094999796710908,30.991600011475384
187,0015_0,anms_4d,353,193,0.546742209631728,0.509915014164306,0.9065155807365439,0.32429504635948125,0.400971718166909,0.400971718166909,5.581899953540415,23.01220002118498
188,0015_0,grid_round_robin,135,66,0.4888888888888889,0.4222222222222222,0.8592592592592593,1.6752975110008475,5.62807568582759,5.62807568582759,0.2169999643228948,22.125400020740926
188,0015_0,anms_4d,135,66,0.4888888888888889,0.4148148148148148,0.8666666666666667,1.6380817065784383,5.338687428409789,5.338687428409789,1.794799987692386,22.61669997824356
189,0015_0,grid_round_robin,466,311,0.6673819742489271,0.6459227467811158,0.8755364806866953,1.5259193421407544,2.2259592934306207,2.2259592934306207,0.430600019171834,20.289599953684956
189,0015_0,anms_4d,466,305,0.6545064377682404,0.6266094420600858,0.8626609442060086,1.9020029198155228,2.8363965224742,2.8363965224742,7.342299970332533,24.50140001019463
190,0015_0,grid_round_robin,804,524,0.6517412935323383,0.6318407960199005,0.9552238805970149,0.3222769546518741,0.960144722229007,0.960144722229007,0.6417999975383282,28.985199984163046
190,0015_0,anms_4d,804,504,0.6268656716417911,0.6131840796019901,0.9440298507462687,0.3602630569492315,1.0695905536426495,1.0695905536426495,15.557000006083399,42.1401999774389
191,0015_0,grid_round_robin,568,378,0.6654929577464789,0.6126760563380281,0.9471830985915493,0.3484806654783455,1.1011211941940984,1.1011211941940984,0.6164999795146286,21.065899985842407
191,0015_0,anms_4d,568,381,0.670774647887324,0.5933098591549296,0.9454225352112676,0.3672453841926215,1.1413969792468899,1.1413969792468899,10.269400023389608,21.856100007425994
192,0015_0,grid_round_robin,475,289,0.608421052631579,0.5957894736842105,0.9178947368421052,1.2493187731858937,3.0516191269164494,3.0516191269164494,0.4564999835565686,26.854399999137968
192,0015_0,anms_4d,475,283,0.5957894736842105,0.5831578947368421,0.9136842105263158,1.3476453883902582,3.2902617799068983,3.2902617799068983,7.579099969007075,23.815800028387457
193,0015_0,grid_round_robin,751,512,0.681757656458056,0.5792276964047937,0.9427430093209055,0.23817564120015813,0.5736747416698365,0.5736747416698365,0.9903000318445265,22.495600045658648
193,0015_0,anms_4d,751,490,0.6524633821571239,0.5725699067909454,0.929427430093209,0.36939574554189636,0.8353571334560945,0.8353571334560945,14.623099996242672,24.96930002234876
194,0015_0,grid_round_robin,504,344,0.6825396825396826,0.6468253968253969,0.9662698412698413,0.43739010849160104,1.1044624900861484,1.1044624900861484,0.4744000034406781,19.504899973981082
194,0015_0,anms_4d,504,338,0.6706349206349206,0.628968253968254,0.9603174603174603,0.26958293029816344,0.6944476067092583,0.6944476067092583,8.19030002458021,22.97099999850616
195,0015_0,grid_round_robin,506,302,0.5968379446640316,0.6047430830039525,0.9644268774703557,0.42123907339478617,1.2483662345914688,1.2483662345914688,0.5307999672368169,29.749799985438585
195,0015_0,anms_4d,506,290,0.5731225296442688,0.5849802371541502,0.958498023715415,0.9055349565586458,2.7508705668801543,2.7508705668801543,8.328600029926747,32.431699975859374
196,0015_0,grid_round_robin,748,426,0.56951871657754,0.5668449197860963,0.9491978609625669,0.5241930402025099,1.78277573918209,1.78277573918209,0.6008999771438539,36.827399977482855
196,0015_0,anms_4d,748,411,0.5494652406417112,0.5441176470588235,0.9398395721925134,0.5014361141368495,1.6715292362406486,1.6715292362406486,13.648800028022379,43.54699997929856
197,0015_0,grid_round_robin,776,448,0.5773195876288659,0.5657216494845361,0.9110824742268041,0.37828074852981375,1.3147000469445183,1.3147000469445183,0.6782999844290316,43.025200022384524
197,0015_0,anms_4d,776,434,0.5592783505154639,0.5554123711340206,0.895618556701031,0.2431745464394345,1.2830790994834966,1.2830790994834966,15.319500002078712,41.07160004787147
198,0015_0,grid_round_robin,697,449,0.6441893830703013,0.6441893830703013,0.9727403156384505,0.5672650592938733,4.251299961859504,4.251299961859504,0.562200031708926,45.135100022889674
198,0015_0,anms_4d,697,452,0.648493543758967,0.648493543758967,0.9713055954088953,0.5400752542511631,4.0469214306690215,4.0469214306690215,14.083000016398728,35.12590000173077
199,0015_0,grid_round_robin,532,316,0.5939849624060151,0.5939849624060151,0.9492481203007519,0.06816954858915383,0.14251523298619692,0.14251523298619692,0.4851999692618847,21.28779998747632
199,0015_0,anms_4d,532,306,0.575187969924812,0.5808270676691729,0.9342105263157895,0.07451941771491372,0.15314717698204525,0.15314717698204525,8.935699996072799,34.55149999354035
200,0015_0,grid_round_robin,812,588,0.7241379310344828,0.6268472906403941,0.9667487684729064,0.837638278160246,1.5346186861446054,1.5346186861446054,0.638199970126152,31.68870002264157
200,0015_0,anms_4d,812,577,0.7105911330049262,0.6194581280788177,0.9630541871921182,0.8459056079076491,1.5506148907090331,1.5506148907090331,15.98949998151511,26.956799963954836
201,0015_0,grid_round_robin,750,519,0.692,0.6706666666666666,0.9706666666666667,0.1718176856809721,1.503556416477272,1.503556416477272,0.5918999668210745,18.36580003146082
201,0015_0,anms_4d,750,514,0.6853333333333333,0.6533333333333333,0.964,0.1606964752401192,1.3924148856891334,1.3924148856891334,14.984300010837615,23.161499993875623
202,0015_0,grid_round_robin,706,469,0.6643059490084986,0.5679886685552408,0.9575070821529745,0.2071493507698514,0.15975600594519573,0.2071493507698514,0.575499958358705,25.77270002802834
202,0015_0,anms_4d,706,460,0.6515580736543909,0.5580736543909348,0.9546742209631728,0.2642410246617509,0.033318082314447266,0.2642410246617509,13.911199988797307,28.670899977441877
203,0015_0,grid_round_robin,475,319,0.671578947368421,0.6189473684210526,0.9368421052631579,0.14880954355545897,0.3599274659021505,0.3599274659021505,0.515200023073703,21.739899995736778
203,0015_0,anms_4d,475,309,0.6505263157894737,0.6021052631578947,0.9389473684210526,0.17581879694771707,0.45781314524543215,0.45781314524543215,7.460399996489286,20.649600017350167
204,0015_0,grid_round_robin,894,605,0.6767337807606264,0.6722595078299777,0.9742729306487695,0.6575498418518626,1.3729026847881263,1.3729026847881263,0.6849999772384763,39.752000011503696
204,0015_0,anms_4d,894,590,0.6599552572706935,0.6577181208053692,0.9675615212527964,0.5864975052414358,1.2498566185569147,1.2498566185569147,20.026299986056983,39.330100000370294
205,0015_0,grid_round_robin,522,302,0.578544061302682,0.5574712643678161,0.9157088122605364,0.959058915203708,2.277994033903353,2.277994033903353,0.4770999657921493,38.712300010956824
205,0015_0,anms_4d,522,298,0.5708812260536399,0.5402298850574713,0.8984674329501916,0.6416103325218996,1.5346864873361918,1.5346864873361918,9.064999991096556,35.892699961550534
206,0015_0,grid_round_robin,582,341,0.5859106529209622,0.5790378006872853,0.9415807560137457,0.07155103299916246,4.872026703460497,4.872026703460497,0.5224000196903944,34.535599988885224
206,0015_0,anms_4d,582,336,0.5773195876288659,0.5618556701030928,0.9329896907216495,0.07804382242707845,4.862265008638025,4.862265008638025,10.34449995495379,36.320400016848
207,0015_0,grid_round_robin,671,454,0.676602086438152,0.6616989567809239,0.9672131147540983,0.1329191308234986,0.18471993241391138,0.18471993241391138,0.5449000163935125,21.69080002931878
207,0015_0,anms_4d,671,456,0.6795827123695977,0.6557377049180327,0.9612518628912071,0.16659849186693795,0.14538646193523705,0.16659849186693795,12.322900001890957,19.31399997556582
208,0015_0,grid_round_robin,667,453,0.679160419790105,0.6206896551724138,0.9505247376311844,0.6036478465027696,0.8452730377099591,0.8452730377099591,0.5426999996416271,24.27930000703782
208,0015_0,anms_4d,667,445,0.6671664167916042,0.6071964017991005,0.9490254872563718,0.35322951356283594,0.4773487498372537,0.4773487498372537,11.985499993897974,24.977300025057048
209,0015_0,grid_round_robin,596,412,0.6912751677852349,0.6426174496644296,0.9530201342281879,0.5619055049807401,0.3614875196295491,0.5619055049807401,0.5100000416859984,19.999000011011958
209,0015_0,anms_4d,596,408,0.6845637583892618,0.6359060402684564,0.9513422818791947,0.5390656377583539,0.3660551474179871,0.5390656377583539,10.018799977842718,21.095600037369877
210,0015_0,grid_round_robin,811,507,0.625154130702836,0.6362515413070283,0.9531442663378545,0.8468227076786908,17.41185377600288,17.41185377600288,0.6445000180974603,49.941400007810444
210,0015_0,anms_4d,811,499,0.6152897657213316,0.6313193588162762,0.9469790382244143,0.8968576162833984,18.603253483826002,18.603253483826002,15.367499960120767,47.329000022727996
211,0015_0,grid_round_robin,527,290,0.5502846299810247,0.4648956356736243,0.8766603415559773,2.739152068829752,11.099694906594749,11.099694906594749,0.4681000136770308,47.60230000829324
211,0015_0,anms_4d,527,282,0.5351043643263758,0.47248576850094876,0.872865275142315,2.2935366536234376,9.251819031270381,9.251819031270381,9.085899975616485,42.71280003013089
212,0015_0,grid_round_robin,572,303,0.5297202797202797,0.42657342657342656,0.8601398601398601,0.08950003451972681,0.38423992575695043,0.38423992575695043,0.5212000105530024,53.45589999342337
212,0015_0,anms_4d,572,296,0.5174825174825175,0.4160839160839161,0.8531468531468531,0.07582928673282509,0.27508834373258617,0.27508834373258617,9.805599984247237,59.74529997911304
213,0015_0,grid_round_robin,472,274,0.5805084745762712,0.5783898305084746,0.9004237288135594,0.39886454400310956,0.22443647800330427,0.39886454400310956,0.4920000210404396,27.10599999409169
213,0015_0,anms_4d,472,261,0.5529661016949152,0.5508474576271186,0.8771186440677966,0.3667768386416014,0.20127559347286725,0.3667768386416014,7.4078000034205616,27.98719995189458
214,0015_0,grid_round_robin,565,330,0.584070796460177,0.5504424778761062,0.9362831858407079,0.6897925595851281,0.9316213020880084,0.9316213020880084,0.4941000370308757,27.59620000142604
214,0015_0,anms_4d,565,322,0.5699115044247788,0.5327433628318584,0.9203539823008849,0.9689115190980889,1.3435026557083916,1.3435026557083916,9.442500013392419,32.57459995802492
215,0015_0,grid_round_robin,408,202,0.4950980392156863,0.3946078431372549,0.8823529411764706,0.6449997405914297,3.914924154245545,3.914924154245545,0.39519998244941235,49.37249998329207
215,0015_0,anms_4d,408,205,0.5024509803921569,0.39215686274509803,0.875,0.4120349640886945,1.4666704818391638,1.4666704818391638,6.469999963883311,53.96859999746084
216,0015_0,grid_round_robin,706,466,0.660056657223796,0.6416430594900849,0.9730878186968839,0.13495323300510287,0.4239935329018364,0.4239935329018364,0.6063999608159065,31.607699987944216
216,0015_0,anms_4d,706,469,0.6643059490084986,0.6345609065155807,0.9645892351274787,0.1389881313230636,0.4725729568913976,0.4725729568913976,12.928100011777133,24.59490002365783
217,0015_0,grid_round_robin,670,461,0.6880597014925374,0.6567164179104478,0.9462686567164179,0.2758663303886421,0.7906469199313911,0.7906469199313911,0.5301000201143324,29.98759999172762
217,0015_0,anms_4d,670,458,0.6835820895522388,0.6432835820895523,0.9432835820895522,0.13843226334954506,0.37594027805910285,0.37594027805910285,13.387100014369935,25.88490000925958
218,0015_0,grid_round_robin,622,391,0.6286173633440515,0.6012861736334405,0.9228295819935691,0.10341874373903621,0.14302734484884708,0.14302734484884708,0.5196999991312623,30.555600009392947
218,0015_0,anms_4d,622,387,0.6221864951768489,0.5852090032154341,0.9115755627009646,0.08657635292099439,0.1499053197053718,0.1499053197053718,10.581900016404688,42.83130000112578
219,0015_0,grid_round_robin,137,69,0.5036496350364964,0.5109489051094891,0.9124087591240876,2.677074061696704,10.308579036249899,10.308579036249899,0.26190001517534256,24.01069999905303
219,0015_0,anms_4d,137,70,0.5109489051094891,0.5036496350364964,0.9124087591240876,3.126915348619682,10.435914378651816,10.435914378651816,1.8501000013202429,23.258600034750998
220,0015_0,grid_round_robin,842,574,0.6817102137767221,0.6603325415676959,0.9608076009501187,0.5490504976268933,1.8848723816003197,1.8848723816003197,0.6611999706365168,24.207299982663244
220,0015_0,anms_4d,842,564,0.669833729216152,0.6425178147268409,0.9548693586698337,0.6843683932462845,2.168836455602772,2.168836455602772,16.850800020620227,25.882899994030595
221,0015_0,grid_round_robin,656,474,0.7225609756097561,0.6067073170731707,0.9542682926829268,1.5465889820868888,4.282174355197767,4.282174355197767,0.5404999828897417,19.07260000007227
221,0015_0,anms_4d,656,466,0.7103658536585366,0.6036585365853658,0.9451219512195121,1.4143753869255906,3.9126815444420573,3.9126815444420573,12.063500005751848,25.244200020097196
222,0015_0,grid_round_robin,834,555,0.6654676258992805,0.6342925659472423,0.9532374100719424,0.1284186341738456,0.30031617541042777,0.30031617541042777,0.6360000115819275,37.10090002277866
222,0015_0,anms_4d,834,539,0.6462829736211031,0.6223021582733813,0.9460431654676259,0.13416626722730646,0.33712103493966983,0.33712103493966983,16.30489999661222,35.66689998842776
223,0015_0,grid_round_robin,473,293,0.6194503171247357,0.5919661733615222,0.9260042283298098,0.07694467790180609,0.5600626079424312,0.5600626079424312,0.4480000352486968,22.390800004359335
223,0015_0,anms_4d,473,291,0.6152219873150105,0.5792811839323467,0.9154334038054969,0.06417490443030463,0.49930421794192625,0.49930421794192625,7.511299976613373,18.368599994573742
224,0015_0,grid_round_robin,838,496,0.5918854415274463,0.5393794749403341,0.9343675417661098,0.3115502831858759,1.6278527308768866,1.6278527308768866,0.5810000002384186,44.54430000623688
224,0015_0,anms_4d,838,498,0.594272076372315,0.5322195704057279,0.9236276849642004,0.30816054450263386,1.617891695148374,1.617891695148374,22.836500022094697,47.96639998676255
225,0015_0,grid_round_robin,537,353,0.6573556797020484,0.6405959031657356,0.957169459962756,0.17081658801406505,0.2713858839886388,0.2713858839886388,0.4830000107176602,15.22489998023957
225,0015_0,anms_4d,537,346,0.6443202979515829,0.6182495344506518,0.9534450651769087,0.09164725060564226,0.43726263624219425,0.43726263624219425,8.937600010540336,27.75499998824671
226,0015_0,grid_round_robin,899,582,0.6473859844271412,0.639599555061179,0.9543937708565072,0.03435398743579066,0.19569713197772923,0.19569713197772923,0.6525000208057463,41.15480004111305
226,0015_0,anms_4d,899,569,0.6329254727474972,0.6206896551724138,0.9421579532814238,0.4329561493551849,2.0354836720364284,2.0354836720364284,18.60289997421205,38.27909997198731
227,0015_0,grid_round_robin,705,461,0.6539007092198581,0.6539007092198581,0.9546099290780142,0.4840996407425267,1.0161597771225153,1.0161597771225153,0.5543000297620893,26.47759998217225
227,0015_0,anms_4d,705,459,0.6510638297872341,0.6510638297872341,0.9560283687943263,0.4516288569157731,0.900453744874782,0.900453744874782,13.050400011707097,22.073399974033237
228,0015_0,grid_round_robin,740,486,0.6567567567567567,0.6472972972972973,0.9554054054054054,0.06737775841790834,0.526459717532313,0.526459717532313,0.6443000165745616,34.4648000318557
228,0015_0,anms_4d,740,491,0.6635135135135135,0.65,0.9527027027027027,0.12664422325472227,0.7613117326705052,0.7613117326705052,14.227100007701665,36.13799996674061
229,0015_0,grid_round_robin,810,532,0.6567901234567901,0.6222222222222222,0.9654320987654321,0.2525107729788414,0.4518546022327322,0.4518546022327322,0.6076999707147479,35.80599999986589
229,0015_0,anms_4d,810,522,0.6444444444444445,0.6049382716049383,0.9530864197530864,0.2905472187027192,0.5123707833898674,0.5123707833898674,16.2514999974519,27.804599958471954
230,0015_0,grid_round_robin,932,657,0.7049356223175965,0.6598712446351931,0.9645922746781116,0.8313209772281406,0.6882978438495575,0.8313209772281406,0.7581000099889934,24.679799971636385
230,0015_0,anms_4d,932,640,0.6866952789699571,0.6523605150214592,0.953862660944206,0.8626912782696569,0.6962824382297532,0.8626912782696569,19.602200016379356,22.156399965751916
231,0015_0,grid_round_robin,467,290,0.6209850107066381,0.6145610278372591,0.9486081370449678,1.0217931869511423,2.1787152213771446,2.1787152213771446,0.40740001713857055,19.177400041371584
231,0015_0,anms_4d,467,293,0.6274089935760171,0.6188436830835118,0.9486081370449678,0.9431734526650015,2.1293720963075446,2.1293720963075446,8.53689998621121,19.90549999754876
232,0015_0,grid_round_robin,659,412,0.6251896813353566,0.6100151745068285,0.9408194233687405,0.2924295351517741,0.9597784198822505,0.9597784198822505,0.5332000437192619,40.360999992117286
232,0015_0,anms_4d,659,406,0.6160849772382397,0.6024279210925645,0.928679817905918,0.2858504345997793,0.9317751785619842,0.9317751785619842,12.168999994173646,31.197200005408376
233,0015_0,grid_round_robin,491,234,0.47657841140529533,0.45010183299389,0.9266802443991853,0.20427297004455844,1.256198730086658,1.256198730086658,0.46369998017326,52.0195999997668
233,0015_0,anms_4d,491,237,0.48268839103869654,0.439918533604888,0.924643584521385,0.995912474669167,5.53793265367412,5.53793265367412,8.651499985717237,40.96220002975315
234,0015_0,grid_round_robin,640,303,0.4734375,0.4625,0.9171875,1.436222273811841,3.435968803409963,3.435968803409963,0.4881999921053648,53.72480000369251
234,0015_0,anms_4d,640,324,0.50625,0.4578125,0.9171875,0.907455613170017,0.7747521458708427,0.907455613170017,11.103400029242039,73.67289997637272
235,0015_0,grid_round_robin,488,267,0.5471311475409836,0.5655737704918032,0.9405737704918032,0.30012405791250535,1.6596732813606219,1.6596732813606219,0.519599998369813,27.094700024463236
235,0015_0,anms_4d,488,271,0.555327868852459,0.569672131147541,0.9405737704918032,0.3358096602611671,1.960254660539523,1.960254660539523,9.523399989120662,30.15060001052916
236,0015_0,grid_round_robin,1188,823,0.6927609427609428,0.7053872053872053,0.9696969696969697,1.5129795175652878,22.572494097260225,22.572494097260225,0.8196999551728368,50.69609999191016
236,0015_0,anms_4d,1188,848,0.7138047138047138,0.6986531986531986,0.9629629629629629,0.35652364621545196,6.084532428689498,6.084532428689498,27.756900002714247,49.910100002307445
237,0015_0,grid_round_robin,856,532,0.6214953271028038,0.6121495327102804,0.9439252336448598,0.45164787114393046,0.738414366257467,0.738414366257467,0.6447999621741474,41.06830002274364
237,0015_0,anms_4d,856,532,0.6214953271028038,0.6063084112149533,0.9392523364485982,0.3895841388326697,0.6327301268818581,0.6327301268818581,17.43240002542734,37.08119998918846
238,0015_0,grid_round_robin,866,600,0.6928406466512702,0.6801385681293303,0.9838337182448037,0.4716934746113985,3.1396078091055215,3.1396078091055215,0.8028000011108816,28.19459995953366
238,0015_0,anms_4d,866,592,0.6836027713625866,0.6720554272517321,0.9826789838337182,0.4628601411987291,3.0899817518942228,3.0899817518942228,17.114699992816895,34.2704999493435
239,0015_0,grid_round_robin,717,487,0.6792189679218968,0.6052998605299861,0.9497907949790795,0.3815675955984839,0.8850123394806663,0.8850123394806663,0.5278000026009977,28.70749996509403
239,0015_0,anms_4d,717,482,0.6722454672245467,0.602510460251046,0.9414225941422594,0.22856838638069107,0.5070596521658608,0.5070596521658608,13.026900007389486,32.9883000231348
240,0015_0,grid_round_robin,668,386,0.5778443113772455,0.5134730538922155,0.9251497005988024,0.1701910740714063,2.935563576136671,2.935563576136671,0.5987000185996294,47.02180001186207
240,0015_0,anms_4d,668,368,0.5508982035928144,0.49550898203592814,0.9146706586826348,0.14683456197697217,1.878302690821971,1.878302690821971,13.129199971444905,53.72769996756688
241,0015_0,grid_round_robin,699,517,0.7396280400572246,0.7224606580829757,0.9842632331902719,0.22209756350771617,0.3998570842213394,0.3998570842213394,0.6047000060789287,14.75959998788312
241,0015_0,anms_4d,699,508,0.7267525035765379,0.7110157367668097,0.9828326180257511,0.19582627074979203,0.3586795408388606,0.3586795408388606,12.842900003306568,24.09379999153316
242,0015_0,grid_round_robin,580,326,0.5620689655172414,0.5758620689655173,0.9396551724137931,1.3377002908798186,3.3691805361571054,3.3691805361571054,0.5006999708712101,49.410699983127415
242,0015_0,anms_4d,580,321,0.553448275862069,0.5620689655172414,0.9310344827586207,2.5980602972999702,6.270359557428724,6.270359557428724,9.945199999492615,37.97189996112138
243,0015_0,grid_round_robin,10,8,0.8,0.6,0.6,69.31699017823641,35.60389470363055,69.31699017823641,0.14269998064264655,1.7327999812550843
243,0015_0,anms_4d,10,8,0.8,0.6,0.6,69.31699017826003,35.603894703631944,69.31699017826003,0.30509999487549067,1.7393000307492912
244,0015_0,grid_round_robin,127,60,0.47244094488188976,0.44881889763779526,0.889763779527559,11.931220315422062,33.92056250456278,33.92056250456278,0.21190004190430045,21.276600018609315
244,0015_0,anms_4d,127,65,0.5118110236220472,0.44881889763779526,0.889763779527559,12.694446075868406,31.808650900098144,31.808650900098144,1.9407999934628606,21.836400032043457
245,0015_0,grid_round_robin,397,246,0.6196473551637279,0.6171284634760705,0.947103274559194,0.3323947093268053,1.977576715940459,1.977576715940459,0.4094999749213457,21.925900015048683
245,0015_0,anms_4d,397,242,0.6095717884130982,0.6020151133501259,0.9370277078085643,0.027830201790873043,0.217919640653102,0.217919640653102,5.952200037427247,24.43470002617687
246,0015_0,grid_round_robin,817,481,0.5887392900856793,0.5887392900856793,0.9485924112607099,0.08556426789873448,0.3867740535864437,0.3867740535864437,0.7112000021152198,42.31779999099672
246,0015_0,anms_4d,817,473,0.5789473684210527,0.587515299877601,0.9485924112607099,0.05418784940287717,0.2964511428873225,0.2964511428873225,16.02059998549521,39.937199966516346
247,0015_0,grid_round_robin,321,176,0.5482866043613707,0.5171339563862928,0.9439252336448598,1.7119846401021617,0.39959005714540513,1.7119846401021617,0.48699998296797276,20.559000025969
247,0015_0,anms_4d,321,175,0.5451713395638629,0.5233644859813084,0.9252336448598131,1.5835086079986358,0.27711268869202876,1.5835086079986358,4.627500020433217,25.83030000096187
248,0015_0,grid_round_robin,771,449,0.582360570687419,0.5499351491569391,0.9299610894941635,2.6532850250890654,12.460101024975353,12.460101024975353,0.5861999816261232,48.36099996464327
248,0015_0,anms_4d,771,446,0.5784695201037614,0.5382619974059663,0.9221789883268483,3.0680538170300715,14.02918806376994,14.02918806376994,15.284600027371198,47.54040000261739
249,0015_0,grid_round_robin,164,77,0.4695121951219512,0.39634146341463417,0.8292682926829268,1.6578840295639339,4.030668768079958,4.030668768079958,0.26220001745969057,23.992699978407472
249,0015_0,anms_4d,164,77,0.4695121951219512,0.39634146341463417,0.823170731707317,0.9009542042485909,2.357881656687059,2.357881656687059,2.13939999230206,24.639600014779717
250,0015_0,grid_round_robin,814,574,0.7051597051597052,0.6609336609336609,0.961916461916462,0.46648130164509033,4.512490778447972,4.512490778447972,0.6416999967768788,48.075800004880875
250,0015_0,anms_4d,814,560,0.687960687960688,0.6523341523341524,0.9557739557739557,0.47479195523513895,4.533484854519801,4.533484854519801,15.47839998966083,32.37570001510903
251,0015_0,grid_round_robin,564,288,0.5106382978723404,0.45567375886524825,0.8918439716312057,0.8857302845752387,0.5207337153822041,0.8857302845752387,0.5226999637670815,48.27540001133457
251,0015_0,anms_4d,564,279,0.4946808510638298,0.44858156028368795,0.8776595744680851,0.9864561590340576,0.4771273451185973,0.9864561590340576,9.72509995335713,58.52339998818934
252,0015_0,grid_round_robin,159,76,0.4779874213836478,0.5220125786163522,0.8805031446540881,0.6348636555362045,0.972610467285108,0.972610467285108,0.235399988014251,22.276600007899106
252,0015_0,anms_4d,159,77,0.48427672955974843,0.5283018867924528,0.8742138364779874,0.17704245971406077,0.12994938323984914,0.17704245971406077,2.307299990206957,22.26269996026531
253,0015_0,grid_round_robin,845,585,0.6923076923076923,0.6946745562130178,0.9739644970414201,0.41195017174054144,1.6177471835760895,1.6177471835760895,0.6251000449992716,26.758599968161434
253,0015_0,anms_4d,845,580,0.6863905325443787,0.6863905325443787,0.9692307692307692,0.23171368486550006,0.9304628175880619,0.9304628175880619,16.186200024094433,24.355000001378357
254,0015_0,grid_round_robin,781,411,0.5262483994878361,0.528809218950064,0.9282970550576184,0.05100146462186581,1.2283138103128948,1.2283138103128948,0.686399987898767,66.71590002952144
254,0015_0,anms_4d,781,406,0.5198463508322664,0.5160051216389244,0.9167733674775929,0.027534731147169974,1.1700354343017187,1.1700354343017187,17.33599998988211,69.65459999628365
255,0015_0,grid_round_robin,871,539,0.618828932261768,0.5625717566016073,0.9173363949483353,1.134815183167111,1.1870289807454173,1.1870289807454173,0.686099985614419,44.69000000972301
255,0015_0,anms_4d,871,510,0.5855338691159586,0.5350172215843858,0.9001148105625718,1.3692470433168662,1.4322322992884018,1.4322322992884018,16.92159997764975,56.695599982049316
256,0015_0,grid_round_robin,484,355,0.7334710743801653,0.6735537190082644,0.9421487603305785,1.328659969687474,2.585908708071553,2.585908708071553,0.42529997881501913,19.267300027422607
256,0015_0,anms_4d,484,354,0.731404958677686,0.6528925619834711,0.9442148760330579,1.6542548250104816,3.2240838683646826,3.2240838683646826,8.34450003458187,20.013999950606376
257,0015_0,grid_round_robin,500,250,0.5,0.52,0.88,1.5132274581610723,6.270639655545601,6.270639655545601,0.5740000051446259,55.24199997307733
257,0015_0,anms_4d,500,246,0.492,0.512,0.872,1.5382354686528896,6.374796055238436,6.374796055238436,8.029399963561445,51.890800008550286
258,0015_0,grid_round_robin,774,497,0.6421188630490956,0.5775193798449613,0.9521963824289406,0.688381517055473,3.4094031337938557,3.4094031337938557,0.5605000187642872,38.854399987030774
258,0015_0,anms_4d,774,482,0.6227390180878553,0.562015503875969,0.9431524547803618,0.6906192164933747,3.434842578521029,3.434842578521029,14.243500016164035,36.1902000149712
259,0015_0,grid_round_robin,176,88,0.5,0.5397727272727273,0.9034090909090909,0.3423986144490458,1.4574531747845556,1.4574531747845556,0.3030000370927155,27.328800002578646
259,0015_0,anms_4d,176,93,0.5284090909090909,0.5170454545454546,0.9034090909090909,1.4867506154369279,7.615068142266774,7.615068142266774,2.3068999871611595,25.06710001034662
260,0015_0,grid_round_robin,283,175,0.6183745583038869,0.696113074204947,0.9646643109540636,1.226530536284203,1.7695146899595096,1.7695146899595096,0.2809999859891832,14.941299974452704
260,0015_0,anms_4d,283,178,0.6289752650176679,0.6925795053003534,0.9717314487632509,1.0082335279400352,1.4495814259788329,1.4495814259788329,4.07289998838678,16.055500018410385
261,0015_0,grid_round_robin,504,322,0.6388888888888888,0.6051587301587301,0.9305555555555556,0.41838945090951396,0.9854437619002447,0.9854437619002447,0.4784000338986516,19.326800014823675
261,0015_0,anms_4d,504,323,0.6408730158730159,0.5992063492063492,0.9325396825396826,0.6185184200268672,1.4447214312233152,1.4447214312233152,8.200099982786924,17.431600019335747
262,0015_0,grid_round_robin,738,462,0.6260162601626016,0.6043360433604336,0.924119241192412,0.293524203883303,1.4128497141734397,1.4128497141734397,0.5900999531149864,37.037900008726865
262,0015_0,anms_4d,738,459,0.6219512195121951,0.5975609756097561,0.9227642276422764,0.2601501245135337,1.3532582230394086,1.3532582230394086,13.767299999017268,31.44430002430454
263,0015_0,grid_round_robin,932,669,0.7178111587982833,0.7027896995708155,0.9624463519313304,0.06839997396717569,0.26455986632894773,0.26455986632894773,0.6882000016048551,32.788499956950545
263,0015_0,anms_4d,932,653,0.7006437768240343,0.6888412017167382,0.9603004291845494,0.10257485766139095,0.3974949341481238,0.3974949341481238,21.771800005808473,56.50710000190884
264,0015_0,grid_round_robin,978,540,0.5521472392638037,0.5337423312883436,0.9406952965235174,0.7087697610973032,6.58768951640454,6.58768951640454,0.7094999891705811,65.87880000006407
264,0015_0,anms_4d,978,525,0.5368098159509203,0.5286298568507157,0.9314928425357873,0.4058946377582867,3.0099910438677386,3.0099910438677386,20.334400003775954,60.98079995717853
265,0015_0,grid_round_robin,817,495,0.605875152998776,0.5777233782129743,0.9314565483476133,0.21450477657505646,5.936331866637143,5.936331866637143,0.610699993558228,34.1846999945119
265,0015_0,anms_4d,817,496,0.6070991432068543,0.5752753977968176,0.9290085679314566,0.18356659402047545,5.571752028865508,5.571752028865508,15.65760001540184,34.625599975697696
266,0015_0,grid_round_robin,627,399,0.6363636363636364,0.5677830940988836,0.8819776714513556,1.2710419773090336,6.129773361214435,6.129773361214435,0.5390000296756625,32.98380004707724
266,0015_0,anms_4d,627,388,0.6188197767145136,0.5518341307814992,0.8787878787878788,0.6018341978168827,2.8717659045273862,2.8717659045273862,11.004600033629686,41.62560001714155
267,0015_0,grid_round_robin,852,565,0.6631455399061033,0.6302816901408451,0.9272300469483568,1.1177482530501277,3.5999568068542,3.5999568068542,0.6478999857790768,30.957499984651804
267,0015_0,anms_4d,852,557,0.653755868544601,0.6126760563380281,0.9190140845070423,0.8645777727328371,2.7869251831471535,2.7869251831471535,17.46540004387498,34.747500030789524
268,0015_0,grid_round_robin,808,573,0.7091584158415841,0.6633663366336634,0.9764851485148515,0.29827558437335655,1.8566431905868412,1.8566431905868412,0.6258999928832054,39.54119997797534
268,0015_0,anms_4d,808,578,0.7153465346534653,0.6695544554455446,0.9789603960396039,0.2986246578578529,1.847946465113704,1.847946465113704,16.073100036010146,35.196500015445054
269,0015_0,grid_round_robin,816,582,0.7132352941176471,0.6838235294117647,0.9705882352941176,0.08882262555007407,0.3459553907999096,0.3459553907999096,0.6484999903477728,21.33629994932562
269,0015_0,anms_4d,816,576,0.7058823529411765,0.6825980392156863,0.9644607843137255,0.09470888123743187,0.4067986055624541,0.4067986055624541,16.624499985482544,23.94990000175312
270,0015_0,grid_round_robin,180,90,0.5,0.55,0.9722222222222222,0.2617239475396987,1.9351414878440805,1.9351414878440805,0.24040002608671784,27.992799994535744
270,0015_0,anms_4d,180,96,0.5333333333333333,0.5666666666666667,0.9666666666666667,2.4130189998914773,12.541709478499106,12.541709478499106,2.5046999799087644,22.140800021588802
271,0015_0,grid_round_robin,1024,680,0.6640625,0.51171875,0.908203125,2.073607544733183,2.0085190065281595,2.073607544733183,0.7189000025391579,40.50440003629774
271,0015_0,anms_4d,1024,667,0.6513671875,0.505859375,0.8984375,2.0984903021496906,2.0274461290109866,2.0984903021496906,22.893199988175184,45.435699983499944
272,0015_0,grid_round_robin,565,329,0.5823008849557522,0.5415929203539823,0.9327433628318584,0.42697454643669425,0.5485229189039812,0.5485229189039812,0.5258999881334603,38.00579998642206
272,0015_0,anms_4d,565,321,0.5681415929203539,0.536283185840708,0.9185840707964602,0.4738622786576091,0.6233980126960105,0.6233980126960105,9.57130000460893,37.421599961817265
273,0015_0,grid_round_robin,755,485,0.6423841059602649,0.6357615894039735,0.9602649006622517,0.23293629518105194,0.37688999376366994,0.37688999376366994,0.7271000067703426,25.866999989375472
273,0015_0,anms_4d,755,479,0.6344370860927152,0.6264900662251656,0.9509933774834437,0.302047829783784,0.3490686367408092,0.3490686367408092,13.98920000065118,28.233099961653352
274,0015_0,grid_round_robin,827,481,0.5816203143893591,0.5816203143893591,0.9286577992744861,3.641827522062567,29.032885267227325,29.032885267227325,0.632300041615963,57.312400022055954
274,0015_0,anms_4d,827,475,0.5743651753325272,0.5779927448609432,0.9189842805320435,3.525025026745441,28.268359068217112,28.268359068217112,16.92719996208325,81.73129998613149
275,0015_0,grid_round_robin,592,369,0.6233108108108109,0.6081081081081081,0.9273648648648649,0.05290262108251925,0.01689522276988633,0.05290262108251925,0.4965999978594482,25.24659998016432
275,0015_0,anms_4d,592,369,0.6233108108108109,0.6030405405405406,0.9273648648648649,0.04988680793705365,0.03635363369298398,0.04988680793705365,10.660399973858148,19.421900040470064
276,0015_0,grid_round_robin,1134,726,0.6402116402116402,0.6349206349206349,0.9514991181657848,0.9569397381532678,4.966294549209967,4.966294549209967,0.8487000013701618,54.84779999824241
276,0015_0,anms_4d,1134,734,0.6472663139329806,0.6331569664902998,0.9497354497354498,0.12502259757275272,0.5918263551843758,0.5918263551843758,30.62039997894317,56.63429998094216
277,0015_0,grid_round_robin,785,451,0.5745222929936306,0.535031847133758,0.9273885350318471,0.5776445057692007,15.572349088563797,15.572349088563797,0.5852000322192907,46.420999977272004
277,0015_0,anms_4d,785,438,0.5579617834394904,0.5210191082802548,0.913375796178344,0.1787228237376008,13.594583447355161,13.594583447355161,15.341099991928786,51.06600001454353
278,0015_0,grid_round_robin,655,456,0.6961832061068702,0.6580152671755726,0.9572519083969465,0.39239101157732964,1.313865706847935,1.313865706847935,0.5944000440649688,20.58240002952516
278,0015_0,anms_4d,655,450,0.6870229007633588,0.6534351145038167,0.9587786259541985,0.3825300665747211,1.2678120521052105,1.2678120521052105,11.372999986633658,22.62089995201677
279,0015_0,grid_round_robin,551,386,0.7005444646098004,0.676950998185118,0.9927404718693285,0.719980457974339,40.62696512398682,40.62696512398682,0.4867999814450741,21.122300007846206
279,0015_0,anms_4d,551,378,0.6860254083484574,0.6606170598911071,0.9818511796733213,0.8441802851593456,43.37601940456964,43.37601940456964,9.741999965626746,20.422999979928136
280,0015_0,grid_round_robin,759,503,0.6627140974967062,0.6376811594202898,0.9235836627140975,0.023444531712291054,0.21980401750839212,0.21980401750839212,0.6266999989748001,26.867899985518306
280,0015_0,anms_4d,759,505,0.6653491436100132,0.6350461133069829,0.9235836627140975,0.029868353296648192,0.22951735593708342,0.22951735593708342,14.41000000340864,28.965799952857196
281,0015_0,grid_round_robin,617,408,0.6612641815235009,0.6320907617504052,0.9756888168557536,0.7895846999519511,1.1693583884535792,1.1693583884535792,0.47389999963343143,23.860600020270795
281,0015_0,anms_4d,617,403,0.653160453808752,0.6272285251215559,0.9692058346839546,0.534914788985854,0.8476408875671702,0.8476408875671702,11.076700000558048,20.49809996969998
282,0015_0,grid_round_robin,326,190,0.5828220858895705,0.598159509202454,0.9263803680981595,0.48142078175839775,2.6147569597671123,2.6147569597671123,0.33330003498122096,17.94510002946481
282,0015_0,anms_4d,326,182,0.558282208588957,0.5797546012269938,0.9141104294478528,0.25635755105296193,1.3066856800089568,1.3066856800089568,4.759100032970309,22.408499964512885
283,0015_0,grid_round_robin,742,427,0.5754716981132075,0.5849056603773585,0.9501347708894878,0.03862432358667259,0.6769626443022508,0.6769626443022508,0.5548000335693359,48.209199972916394
283,0015_0,anms_4d,742,429,0.578167115902965,0.578167115902965,0.9433962264150944,0.1350299657735933,1.7919836646294736,1.7919836646294736,14.045799965970218,51.17059999611229
284,0015_0,grid_round_robin,706,442,0.6260623229461756,0.5580736543909348,0.9504249291784702,0.07082590882649333,0.6999908871557526,0.6999908871557526,0.6134000141173601,33.74829998938367
284,0015_0,anms_4d,706,442,0.6260623229461756,0.5495750708215298,0.9461756373937678,0.07143860089055046,0.7193291534692906,0.7193291534692906,13.441900024190545,33.8054999592714
285,0015_0,grid_round_robin,936,619,0.6613247863247863,0.6346153846153846,0.9358974358974359,0.030103242544750337,0.04112283320475963,0.04112283320475963,0.7875000010244548,36.12730000168085
285,0015_0,anms_4d,936,610,0.6517094017094017,0.6335470085470085,0.9284188034188035,0.03441701069478902,0.032626452554783116,0.03441701069478902,19.058900012169033,47.659800038672984
286,0015_0,grid_round_robin,1085,733,0.6755760368663595,0.6046082949308755,0.9594470046082949,0.11652313217928038,0.4153584045015756,0.4153584045015756,0.8659000159241259,35.09460005443543
286,0015_0,anms_4d,1085,715,0.6589861751152074,0.5935483870967742,0.9483870967741935,0.13945437773555883,0.17210027402889155,0.17210027402889155,23.341499967500567,38.66379999089986
287,0015_0,grid_round_robin,589,429,0.7283531409168081,0.6808149405772496,0.9405772495755518,0.542470900409744,1.5432783639738465,1.5432783639738465,0.5446000141091645,19.77780001470819
287,0015_0,anms_4d,589,397,0.6740237691001698,0.6706281833616299,0.933786078098472,0.6031865311259289,1.642462526821035,1.642462526821035,16.203300037886947,21.2284000008367
288,0015_0,grid_round_robin,955,595,0.6230366492146597,0.5057591623036649,0.9162303664921466,2.155822154811297,31.459170175935235,31.459170175935235,0.7454999722540379,34.03600002638996
288,0015_0,anms_4d,955,586,0.6136125654450262,0.4900523560209424,0.9089005235602095,2.1431903531208625,31.12073324210946,31.12073324210946,19.415299990214407,40.27130000758916
289,0015_0,grid_round_robin,675,439,0.6503703703703704,0.6340740740740741,0.9392592592592592,0.1961860547080776,1.9879367734009668,1.9879367734009668,0.5265999934636056,35.513199982233346
289,0015_0,anms_4d,675,441,0.6533333333333333,0.6103703703703703,0.92,0.11232735020635891,0.9062470841449848,0.9062470841449848,12.251999985892326,30.258199956733733
290,0015_0,grid_round_robin,722,430,0.5955678670360111,0.5831024930747922,0.925207756232687,0.09094897951830365,0.11398138229762017,0.11398138229762017,0.9449999779462814,37.675000028684735
290,0015_0,anms_4d,722,434,0.6011080332409973,0.590027700831025,0.9265927977839336,0.06681663166382061,0.09639460158340689,0.09639460158340689,13.50770000135526,28.869599977042526
291,0015_0,grid_round_robin,808,714,0.8836633663366337,0.8836633663366337,0.9826732673267327,0.15140724510718115,1.2319356110180983,1.2319356110180983,0.6390999769791961,31.14460001233965
291,0015_0,anms_4d,808,704,0.8712871287128713,0.8737623762376238,0.9814356435643564,0.23570322986802866,4.103468867138225,4.103468867138225,15.73620003182441,43.64349995739758
292,0015_0,grid_round_robin,887,591,0.6662908680947013,0.616685456595265,0.9695603156708005,0.43985007980534496,0.7351660346852635,0.7351660346852635,0.6408999906852841,24.17240000795573
292,0015_0,anms_4d,887,567,0.6392333709131905,0.5975197294250282,0.9594137542277339,0.3875820569618211,0.5986036858744834,0.5986036858744834,17.31680001830682,36.719300027471036
293,0015_0,grid_round_robin,865,631,0.7294797687861272,0.6774566473988439,0.96878612716763,0.1417280236850413,0.41746637116764923,0.41746637116764923,0.6213000160641968,31.985799956601113
293,0015_0,anms_4d,865,628,0.7260115606936416,0.6716763005780347,0.9653179190751445,0.14209350739516002,0.4043448191163851,0.4043448191163851,16.956300009042025,25.730599998496473
294,0015_0,grid_round_robin,669,426,0.6367713004484304,0.6576980568011959,0.9521674140508222,0.8060030920930261,2.6617814964549673,2.6617814964549673,0.6553999846801162,26.19310002774
294,0015_0,anms_4d,669,436,0.6517189835575485,0.6427503736920778,0.9372197309417041,0.15930256665956744,0.331674247903234,0.331674247903234,12.622499954886734,26.383300020825118
295,0015_0,grid_round_robin,465,230,0.4946236559139785,0.44731182795698926,0.9139784946236559,0.1407256020956169,2.1820888521050636,2.1820888521050636,0.4794999840669334,39.202199957799166
295,0015_0,anms_4d,465,234,0.5032258064516129,0.43870967741935485,0.9032258064516129,0.5683161869533551,3.3433106592995268,3.3433106592995268,8.078200044110417,47.3788000526838
296,0015_0,grid_round_robin,970,701,0.722680412371134,0.7144329896907217,0.954639175257732,0.02020582421460398,0.09879215068796285,0.09879215068796285,0.6659000064246356,28.332500020042062
296,0015_0,anms_4d,970,685,0.7061855670103093,0.7,0.9432989690721649,0.022469796827722203,0.10029146969187558,0.10029146969187558,20.643799973186105,25.92829999048263
297,0015_0,grid_round_robin,1072,684,0.6380597014925373,0.6194029850746269,0.9440298507462687,0.03292862849280927,0.1123167344231051,0.1123167344231051,0.754699984099716,54.67470001894981
297,0015_0,anms_4d,1072,671,0.6259328358208955,0.6119402985074627,0.9430970149253731,0.026412364357107476,0.09991077165329416,0.09991077165329416,23.626299982424825,60.679999995045364
298,0015_0,grid_round_robin,440,229,0.5204545454545455,0.3613636363636364,0.8340909090909091,0.4093128824637126,0.7439173051828545,0.7439173051828545,0.4249999765306711,41.14009998738766
298,0015_0,anms_4d,440,231,0.525,0.3522727272727273,0.8227272727272728,0.47190691560321457,0.8386915590163776,0.8386915590163776,7.1427999646402895,39.60930003086105
299,0015_0,grid_round_robin,906,612,0.6754966887417219,0.6247240618101545,0.9801324503311258,0.06311291988702258,2.2454741974095134,2.2454741974095134,0.6942999898456037,34.82639999128878
299,0015_0,anms_4d,906,597,0.6589403973509934,0.6158940397350994,0.9735099337748344,0.07610739084654104,2.342857713618423,2.342857713618423,18.51259998511523,36.02909995242953
300,0015_0,grid_round_robin,805,464,0.5763975155279503,0.5503105590062112,0.9329192546583851,0.995685814668859,4.701468053589304,4.701468053589304,0.6991999689489603,49.78940001456067
300,0015_0,anms_4d,805,463,0.5751552795031056,0.5391304347826087,0.9229813664596274,1.010456925077163,4.428339274744668,4.428339274744668,15.69920004112646,40.31850001774728
301,0015_0,grid_round_robin,359,202,0.5626740947075209,0.5376044568245125,0.9331476323119777,1.1766951911167367,2.179116995316848,2.179116995316848,0.3651999868452549,20.554799993988127
301,0015_0,anms_4d,359,200,0.5571030640668524,0.532033426183844,0.935933147632312,1.2821314409827247,2.3973740680695736,2.3973740680695736,5.578499985858798,25.977900018915534
302,0015_0,grid_round_robin,255,129,0.5058823529411764,0.3803921568627451,0.8156862745098039,1.6757431242244656,2.2670178507703556,2.2670178507703556,0.33629999961704016,31.825200014282018
302,0015_0,anms_4d,255,128,0.5019607843137255,0.3764705882352941,0.8,1.7536082989193775,2.376031539843846,2.376031539843846,3.60180001007393,27.38770004361868
303,0015_0,grid_round_robin,221,86,0.3891402714932127,0.3257918552036199,0.8054298642533937,0.4150130735732093,1.4146422861140269,1.4146422861140269,0.2674999996088445,22.291500004939735
303,0015_0,anms_4d,221,82,0.37104072398190047,0.3212669683257919,0.8099547511312217,0.40838793426811226,0.9080508174830546,0.9080508174830546,3.0361999524757266,22.95030001550913
304,0015_0,grid_round_robin,541,350,0.6469500924214417,0.6377079482439926,0.9648798521256932,0.17534316954324589,0.8674122097364199,0.8674122097364199,0.48700004117563367,25.48479998949915
304,0015_0,anms_4d,541,348,0.6432532347504621,0.634011090573013,0.9611829944547134,0.17704233925110088,0.8617058727871602,0.8617058727871602,8.9608000125736,28.447200020309538
305,0015_0,grid_round_robin,414,216,0.5217391304347826,0.5048309178743962,0.9251207729468599,0.13292153501450096,1.4199026985851129,1.4199026985851129,0.4670000053010881,42.87060000933707
305,0015_0,anms_4d,414,202,0.48792270531400966,0.4975845410628019,0.9202898550724637,0.12747875604375586,1.4641837746166302,1.4641837746166302,6.508499966003001,44.33840001001954
306,0015_0,grid_round_robin,497,320,0.6438631790744467,0.6338028169014085,0.9215291750503019,0.5847231875203325,0.2881661347574579,0.5847231875203325,0.438000017311424,15.320499951485544
306,0015_0,anms_4d,497,313,0.6297786720321932,0.6156941649899397,0.9134808853118712,0.6767083255569748,0.2795648909073983,0.6767083255569748,9.66300000436604,20.094299979973584
307,0015_0,grid_round_robin,369,198,0.5365853658536586,0.5284552845528455,0.940379403794038,0.8737967745231111,12.237860360075931,12.237860360075931,0.48780004726722836,31.73600003356114
307,0015_0,anms_4d,369,197,0.5338753387533876,0.5311653116531165,0.9349593495934959,0.8183695911483905,11.108575012408998,11.108575012408998,6.12639996688813,31.377799983602017
308,0015_0,grid_round_robin,759,522,0.6877470355731226,0.5823451910408433,0.930171277997365,1.358661964075254,2.1255382130297833,2.1255382130297833,0.659200013615191,30.55209998274222
308,0015_0,anms_4d,759,506,0.6666666666666666,0.5704874835309618,0.9314888010540184,1.3079454407410813,2.055611734681003,2.055611734681003,14.027600002009422,36.274900019634515
309,0015_0,grid_round_robin,932,605,0.6491416309012875,0.6405579399141631,0.9527896995708155,0.05989006445422977,0.1347913063215558,0.1347913063215558,0.6785999867133796,27.23060001153499
309,0015_0,anms_4d,932,589,0.6319742489270386,0.6351931330472103,0.9474248927038627,0.060527632146628464,0.1717961987336475,0.1717961987336475,19.67260002857074,32.92850003344938
310,0015_0,grid_round_robin,462,266,0.5757575757575758,0.5844155844155844,0.9372294372294372,0.4142044965640375,0.8419189907699393,0.8419189907699393,0.4167999722994864,33.06200000224635
310,0015_0,anms_4d,462,266,0.5757575757575758,0.5844155844155844,0.9155844155844156,0.49739664246425114,1.05604348605185,1.05604348605185,7.732200028840452,29.6051999903284
311,0015_0,grid_round_robin,413,241,0.5835351089588378,0.5617433414043583,0.9249394673123487,0.2689991908659053,0.6619306335236933,0.6619306335236933,0.8565999451093376,30.454899999313056
311,0015_0,anms_4d,413,237,0.5738498789346247,0.5544794188861986,0.9152542372881356,0.37980878781375527,0.9034674338912569,0.9034674338912569,6.416800024453551,29.005100019276142
312,0015_0,grid_round_robin,637,374,0.5871271585557299,0.5682888540031397,0.945054945054945,0.02685428653371484,0.1007110513526482,0.1007110513526482,0.5713000427931547,39.72899995278567
312,0015_0,anms_4d,637,374,0.5871271585557299,0.5588697017268446,0.9340659340659341,0.051352805892243704,0.15700115931954364,0.15700115931954364,11.903000005986542,40.228999976534396
313,0015_0,grid_round_robin,438,268,0.6118721461187214,0.6095890410958904,0.9748858447488584,0.1972751447316149,0.8672596718778136,0.8672596718778136,0.44700002763420343,31.88999998383224
313,0015_0,anms_4d,438,267,0.6095890410958904,0.6073059360730594,0.9748858447488584,0.16042721928664663,0.8543451665106171,0.8543451665106171,6.717099982779473,21.809500001836568
314,0015_0,grid_round_robin,420,255,0.6071428571428571,0.5761904761904761,0.9333333333333333,0.41308411253358424,1.0697971929113819,1.0697971929113819,0.4553999751806259,24.297500029206276
314,0015_0,anms_4d,420,257,0.611904761904762,0.5619047619047619,0.9261904761904762,1.688013126668922,4.3489364177463345,4.3489364177463345,6.35749998036772,25.259300018660724
315,0015_0,grid_round_robin,176,84,0.4772727272727273,0.39204545454545453,0.8352272727272727,1.6096843935672522,3.6055739651895813,3.6055739651895813,0.3153000143356621,31.620900030247867
315,0015_0,anms_4d,176,88,0.5,0.39204545454545453,0.8352272727272727,1.595759846692897,3.593682131369527,3.593682131369527,2.346399996895343,25.139199977274984
316,0015_0,grid_round_robin,406,237,0.583743842364532,0.5689655172413793,0.9482758620689655,1.4097141900272183,3.0016952730185062,3.0016952730185062,0.42910000775009394,27.130500006023794
316,0015_0,anms_4d,406,234,0.5763546798029556,0.5615763546798029,0.9458128078817734,1.449404696914133,3.0633015862348416,3.0633015862348416,6.146300002001226,25.417900003958493
317,0015_0,grid_round_robin,629,348,0.5532591414944356,0.5580286168521462,0.9348171701112877,0.790969386112118,3.363882513531284,3.363882513531284,0.5772999720647931,43.40009996667504
317,0015_0,anms_4d,629,333,0.5294117647058824,0.534181240063593,0.9205087440381559,0.3480057640796412,1.4657567679147776,1.4657567679147776,11.270999966654927,50.631700025405735
318,0015_0,grid_round_robin,238,121,0.5084033613445378,0.5042016806722689,0.8907563025210085,0.2295071564924492,1.0771479322125876,1.0771479322125876,0.4824999487027526,32.46020001824945
318,0015_0,anms_4d,238,118,0.4957983193277311,0.4957983193277311,0.8739495798319328,0.6036230115080042,3.2930683907206113,3.2930683907206113,3.212599956896156,30.47950001200661
319,0015_0,grid_round_robin,338,164,0.48520710059171596,0.42011834319526625,0.8402366863905325,2.8483082595157785,6.729982276932802,6.729982276932802,0.3844000166282058,39.46080000605434
319,0015_0,anms_4d,338,164,0.48520710059171596,0.4260355029585799,0.8402366863905325,2.8485995479850086,6.590879137471252,6.590879137471252,4.969600006006658,37.94869995908812
320,0015_0,grid_round_robin,864,631,0.7303240740740741,0.7037037037037037,0.9884259259259259,0.18108676842728927,0.4873882079582,0.4873882079582,0.6581000052392483,36.83689999161288
320,0015_0,anms_4d,864,597,0.6909722222222222,0.6956018518518519,0.9872685185185185,2.034579104366823,5.605633890732971,5.605633890732971,16.648199991323054,35.434599965810776
321,0015_0,grid_round_robin,683,422,0.6178623718887262,0.5944363103953147,0.931185944363104,0.1079448553652775,0.11729587397985498,0.11729587397985498,0.546499970369041,42.25210001459345
321,0015_0,anms_4d,683,411,0.6017569546120058,0.582723279648609,0.9209370424597365,0.12116810710551122,0.14718360976680356,0.14718360976680356,12.9507000092417,33.734099997673184
322,0015_0,grid_round_robin,396,187,0.4722222222222222,0.10101010101010101,0.26515151515151514,22.29406757415991,51.9905805652657,51.9905805652657,0.42260001646354795,31.139999977312982
322,0015_0,anms_4d,396,184,0.46464646464646464,0.10353535353535354,0.25757575757575757,21.49991734234902,54.53229784177864,54.53229784177864,5.938099988270551,30.302700004540384
323,0015_0,grid_round_robin,679,415,0.6111929307805597,0.572901325478645,0.9499263622974963,0.4561272171610137,0.927208685301245,0.927208685301245,0.5558000411838293,31.872800027485937
323,0015_0,anms_4d,679,419,0.6170839469808542,0.5625920471281296,0.9366715758468336,1.0043501013603342,2.079038966125518,2.079038966125518,12.662599969189614,29.43819999927655
324,0015_0,grid_round_robin,531,358,0.6741996233521658,0.6365348399246704,0.9246704331450094,0.4533447911918425,1.0729922919881845,1.0729922919881845,0.4946999833919108,18.120299966540188
324,0015_0,anms_4d,531,354,0.6666666666666666,0.6308851224105462,0.9246704331450094,0.4015564662967184,0.9497126254914288,0.9497126254914288,9.388599952217191,21.418499993160367
325,0015_0,grid_round_robin,342,205,0.5994152046783626,0.6257309941520468,0.9502923976608187,0.08868699517661065,0.8359965031736176,0.8359965031736176,0.395099981687963,22.697700012940913
325,0015_0,anms_4d,342,204,0.5964912280701754,0.5964912280701754,0.935672514619883,0.390494172620451,2.1098319145765125,2.1098319145765125,5.245200009085238,17.963899997994304
326,0015_0,grid_round_robin,569,271,0.47627416520210897,0.47627416520210897,0.8804920913884007,1.437856644543659,3.9728302710460426,3.9728302710460426,0.49080001190304756,53.21759998332709
326,0015_0,anms_4d,569,267,0.46924428822495606,0.46748681898066785,0.8629173989455184,1.8091201789614588,5.040714503488166,5.040714503488166,9.48970002355054,47.94789996230975
327,0015_0,grid_round_robin,637,340,0.533751962323391,0.5196232339089482,0.9089481946624803,0.6982493520958216,1.310323919597576,1.310323919597576,0.5483999848365784,44.12629996659234
327,0015_0,anms_4d,637,338,0.5306122448979592,0.5039246467817896,0.8916797488226059,0.11373829418596183,0.19605763117733613,0.19605763117733613,11.247100017499179,48.92390000168234
328,0015_0,grid_round_robin,648,386,0.595679012345679,0.5401234567901234,0.8873456790123457,0.32784134111023017,58.768529136176475,58.768529136176475,0.5542000290006399,33.74649997567758
328,0015_0,anms_4d,648,395,0.6095679012345679,0.5339506172839507,0.8734567901234568,0.08596492168776272,49.12014253349553,49.12014253349553,11.454799969214946,42.576199979521334
329,0015_0,grid_round_robin,324,213,0.6574074074074074,0.5987654320987654,0.9259259259259259,1.226015801683976,2.748983151893923,2.748983151893923,0.3994000144302845,12.359199987258762
329,0015_0,anms_4d,324,207,0.6388888888888888,0.5802469135802469,0.9166666666666666,1.199527349563057,2.810182040732138,2.810182040732138,4.60340001154691,13.111700012814254
330,0015_0,grid_round_robin,92,39,0.42391304347826086,0.4891304347826087,0.8478260869565217,24.936124094837375,11.013283113511555,24.936124094837375,0.18510001245886087,21.61530003650114
330,0015_0,anms_4d,92,40,0.43478260869565216,0.4891304347826087,0.8369565217391305,71.95148805965381,33.569589142511035,71.95148805965381,1.316900015808642,21.43889997387305
331,0015_0,grid_round_robin,522,305,0.5842911877394636,0.603448275862069,0.9022988505747126,1.5061099932835766,2.1130092917273844,2.1130092917273844,0.47969998558983207,32.14600001228973
331,0015_0,anms_4d,522,311,0.5957854406130269,0.5862068965517241,0.8888888888888888,0.14297545190832175,0.17281291868166346,0.17281291868166346,8.634899975731969,41.32369998842478
332,0015_0,grid_round_robin,415,237,0.5710843373493976,0.5975903614457831,0.9518072289156626,0.7177395956039659,0.26429945875013083,0.7177395956039659,0.37640001391991973,26.617900002747774
332,0015_0,anms_4d,415,246,0.5927710843373494,0.6024096385542169,0.9493975903614458,0.9717876052515587,0.5720598163886177,0.9717876052515587,6.467800005339086,25.33099998254329
333,0015_0,grid_round_robin,659,379,0.575113808801214,0.5022761760242792,0.9150227617602428,1.6551383386021499,11.915743668038333,11.915743668038333,0.5844999686814845,48.47999999765307
333,0015_0,anms_4d,659,376,0.5705614567526556,0.48558421851289835,0.9044006069802731,1.431800606817821,10.49718384361874,10.49718384361874,18.48309999331832,43.149599980097264
334,0015_0,grid_round_robin,198,97,0.4898989898989899,0.48484848484848486,0.898989898989899,0.5283389177290906,1.1031324127029138,1.1031324127029138,0.29009999707341194,23.705300001893193
334,0015_0,anms_4d,198,95,0.4797979797979798,0.47474747474747475,0.8737373737373737,3.149223823812504,5.30841782015684,5.30841782015684,2.6049999869428575,24.199799983762205
335,0015_0,grid_round_robin,402,222,0.5522388059701493,0.4975124378109453,0.8781094527363185,0.5018019919941499,0.5400238277068845,0.5400238277068845,0.39900001138448715,38.44059997936711
335,0015_0,anms_4d,402,217,0.5398009950248757,0.4900497512437811,0.8681592039800995,0.5021161889573674,0.5384211762429524,0.5384211762429524,6.332699966151267,37.43620001478121
336,0015_0,grid_round_robin,424,293,0.6910377358490566,0.6792452830188679,0.9622641509433962,0.18725801371281153,0.404669460885576,0.404669460885576,0.4214000073261559,15.420400013681501
336,0015_0,anms_4d,424,284,0.6698113207547169,0.6533018867924528,0.9433962264150944,0.19485267969944634,0.41430498307885744,0.41430498307885744,6.647399975918233,16.253700014203787
337,0015_0,grid_round_robin,153,83,0.5424836601307189,0.5686274509803921,0.9281045751633987,1.2483916509533652,1.755743552402186,1.755743552402186,0.2519999979995191,19.47860000655055
337,0015_0,anms_4d,153,81,0.5294117647058824,0.5751633986928104,0.934640522875817,3.5908677081221216,5.018806170445852,5.018806170445852,1.9658999517560005,18.527900043409318
338,0015_0,grid_round_robin,306,115,0.3758169934640523,0.3627450980392157,0.6568627450980392,1.5115580445078485,0.9132477726123489,1.5115580445078485,0.32679998548701406,23.97059998475015
338,0015_0,anms_4d,306,109,0.3562091503267974,0.3431372549019608,0.6568627450980392,2.600015398812132,2.240827283896938,2.600015398812132,4.7991000465117395,26.856200012844056
339,0015_0,grid_round_robin,503,367,0.7296222664015904,0.6640159045725647,0.9105367793240556,0.5988343955224507,0.9669549999242365,0.9669549999242365,0.43779995758086443,12.069499993231148
339,0015_0,anms_4d,503,358,0.7117296222664016,0.6381709741550696,0.9065606361829026,0.556353112824297,0.9004182471570137,0.9004182471570137,8.232799998950213,20.988900039810687
340,0015_0,grid_round_robin,852,532,0.6244131455399061,0.613849765258216,0.954225352112676,0.469907462927102,1.256153751962104,1.256153751962104,0.61779998941347,40.4092000098899
340,0015_0,anms_4d,852,541,0.6349765258215962,0.6056338028169014,0.954225352112676,0.15586529991039152,0.31815660171065,0.31815660171065,16.590399958658963,35.4010000010021
341,0015_0,grid_round_robin,85,37,0.43529411764705883,0.4,0.8,16.295461082130018,7.869882022843629,16.295461082130018,0.19269995391368866,18.367100041359663
341,0015_0,anms_4d,85,34,0.4,0.4117647058823529,0.8117647058823529,8.557378608759468,64.45463995021323,64.45463995021323,1.0439999750815332,19.29180003935471
342,0015_0,grid_round_robin,519,292,0.5626204238921002,0.5761078998073218,0.9614643545279383,4.049803187630375,8.693091172638795,8.693091172638795,0.6454000249505043,38.86820003390312
342,0015_0,anms_4d,519,280,0.5394990366088632,0.5664739884393064,0.9499036608863198,2.3905334468025194,5.836055104290597,5.836055104290597,8.349400013685226,37.82209998462349
343,0015_0,grid_round_robin,420,255,0.6071428571428571,0.6214285714285714,0.9142857142857143,1.4216334968906892,5.132103879253447,5.132103879253447,0.4202999989502132,21.820199966896325
343,0015_0,anms_4d,420,255,0.6071428571428571,0.6,0.9023809523809524,0.16504730300878706,0.6286118531879882,0.6286118531879882,6.440599972847849,27.122900006361306
344,0015_0,grid_round_robin,419,251,0.5990453460620525,0.5250596658711217,0.9140811455847255,1.6354977552828374,2.1951082773130963,2.1951082773130963,0.4314000252634287,29.152499977499247
344,0015_0,anms_4d,419,245,0.5847255369928401,0.5155131264916468,0.9069212410501193,3.3936203810892382,4.777372462692491,4.777372462692491,7.346400001551956,25.52520000608638
345,0015_0,grid_round_robin,552,350,0.6340579710144928,0.6557971014492754,0.9456521739130435,0.9574010289778447,2.5906878426484785,2.5906878426484785,0.44079998042434454,26.915499998722225
345,0015_0,anms_4d,552,356,0.644927536231884,0.644927536231884,0.9456521739130435,0.12542237752873076,0.2539242014781165,0.2539242014781165,9.0423000510782,25.46020003501326
346,0015_0,grid_round_robin,549,330,0.6010928961748634,0.581056466302368,0.941712204007286,1.1047056038786767,0.8564389680101472,1.1047056038786767,0.5141000146977603,23.70590000646189
346,0015_0,anms_4d,549,326,0.5938069216757741,0.5664845173041895,0.9344262295081968,1.0783352557425294,0.8974903037323545,1.0783352557425294,9.244499960914254,22.925600002054125
347,0015_0,grid_round_robin,662,461,0.6963746223564955,0.6268882175226587,0.9425981873111783,0.4817392408017988,1.1187976455725228,1.1187976455725228,0.5500999977812171,21.049900038633496
347,0015_0,anms_4d,662,449,0.6782477341389728,0.6148036253776435,0.9410876132930514,0.49447347587366014,1.1099536689859646,1.1099536689859646,11.711099999956787,29.42460001213476
348,0015_0,grid_round_robin,472,288,0.6101694915254238,0.5529661016949152,0.913135593220339,0.43943129954748605,0.8589274855118866,0.8589274855118866,0.45250001130625606,23.01230002194643
348,0015_0,anms_4d,472,288,0.6101694915254238,0.5423728813559322,0.8919491525423728,0.994309435275232,2.0360050778195053,2.0360050778195053,7.636499998625368,25.63200000440702
349,0015_0,grid_round_robin,304,130,0.4276315789473684,0.4473684210526316,0.9013157894736842,3.0321465687325793,2.7290063898836037,3.0321465687325793,0.44510001316666603,35.64640000695363
349,0015_0,anms_4d,304,132,0.4342105263157895,0.4440789473684211,0.8980263157894737,2.8708095425844666,2.574353416338434,2.8708095425844666,5.651600018609315,29.383899993263185
350,0015_0,grid_round_robin,864,644,0.7453703703703703,0.7025462962962963,0.9907407407407407,0.32378812611837465,0.5771801001259407,0.5771801001259407,0.6769999745301902,20.827799977269024
350,0015_0,anms_4d,864,597,0.6909722222222222,0.6956018518518519,0.9872685185185185,2.0345790522135485,3.5746273027360234,3.5746273027360234,17.27249997202307,34.083699982147664
351,0015_0,grid_round_robin,369,172,0.46612466124661245,0.46070460704607047,0.8943089430894309,1.5030476806922224,4.475459339393826,4.475459339393826,0.39959995774552226,34.559099993202835
351,0015_0,anms_4d,369,169,0.45799457994579945,0.44986449864498645,0.8807588075880759,1.8653238929741804,5.3088836997885265,5.3088836997885265,5.672900006175041,33.970899996347725
352,0015_0,grid_round_robin,535,332,0.6205607476635514,0.616822429906542,0.9476635514018692,0.2991348972598372,0.41702269619056825,0.41702269619056825,0.5588000058196485,24.43729998776689
352,0015_0,anms_4d,535,322,0.6018691588785047,0.6037383177570094,0.930841121495327,0.1401890237850593,0.40297649698810906,0.40297649698810906,9.00379999075085,32.487899996340275
353,0015_0,grid_round_robin,613,375,0.6117455138662317,0.5497553017944535,0.9429037520391517,0.8431393394771154,1.0322841866863683,1.0322841866863683,0.5342999938875437,38.19180000573397
353,0015_0,anms_4d,613,371,0.6052202283849919,0.5432300163132137,0.9347471451876019,0.9169117731263834,1.11543706918597,1.11543706918597,10.813700035214424,41.62279999582097
354,0015_0,grid_round_robin,522,251,0.48084291187739464,0.4789272030651341,0.921455938697318,0.15893659856318385,0.27080650063375494,0.27080650063375494,0.5481999833136797,54.75889996159822
354,0015_0,anms_4d,522,248,0.47509578544061304,0.47509578544061304,0.9080459770114943,0.24014271769868042,0.3569251329287854,0.3569251329287854,9.932200016919523,55.78860000241548
355,0015_0,grid_round_robin,390,188,0.48205128205128206,0.4846153846153846,0.8974358974358975,0.10651449309452328,1.1477344780572254,1.1477344780572254,0.41149999015033245,40.464900026563555
355,0015_0,anms_4d,390,183,0.46923076923076923,0.46923076923076923,0.8743589743589744,0.09338625559117773,0.9254054941461503,0.9254054941461503,5.859999975655228,34.640399971976876
356,0015_0,grid_round_robin,656,473,0.7210365853658537,0.6082317073170732,0.948170731707317,1.5122285446175632,2.669332729307957,2.669332729307957,0.6073999684303999,20.580200012773275
356,0015_0,anms_4d,656,466,0.7103658536585366,0.6036585365853658,0.9451219512195121,1.4143753437572566,2.501432026985029,2.501432026985029,12.06749997800216,26.430999976582825
357,0015_0,grid_round_robin,732,490,0.6693989071038251,0.6188524590163934,0.9562841530054644,0.05515835958681024,0.13297631636571053,0.13297631636571053,0.799100031144917,30.471200007013977
357,0015_0,anms_4d,732,476,0.6502732240437158,0.6092896174863388,0.9521857923497268,0.47448063636646215,1.898455167333563,1.898455167333563,14.775399991776794,39.82890001498163
358,0015_0,grid_round_robin,327,231,0.7064220183486238,0.5749235474006116,0.8960244648318043,4.922292013223224,7.7748596685702,7.7748596685702,0.36750000435858965,14.511100016534328
358,0015_0,anms_4d,327,226,0.691131498470948,0.5657492354740061,0.8960244648318043,4.6466709755663524,7.357115329744777,7.357115329744777,5.180399981327355,12.299800000619143
359,0015_0,grid_round_robin,573,298,0.5200698080279232,0.5043630017452007,0.912739965095986,0.9816438784367008,0.4646024177191098,0.9816438784367008,0.5292000132612884,37.461499974597245
359,0015_0,anms_4d,573,286,0.49912739965095987,0.4869109947643979,0.8952879581151832,0.9649457969573348,0.4529325878703315,0.9649457969573348,9.610800014343113,43.986600008793175
360,0015_0,grid_round_robin,375,149,0.3973333333333333,0.344,0.7893333333333333,3.2495378425795205,2.3566808714225984,3.2495378425795205,0.7598999654874206,38.704800012055784
360,0015_0,anms_4d,375,142,0.37866666666666665,0.344,0.792,0.4638880409661101,0.4866811938857058,0.4866811938857058,5.688500008545816,36.58380004344508
361,0015_0,grid_round_robin,208,109,0.5240384615384616,0.5432692307692307,0.9663461538461539,4.061200712332521,13.056877552977612,13.056877552977612,0.27060002321377397,23.824800038710237
361,0015_0,anms_4d,208,107,0.5144230769230769,0.5480769230769231,0.9615384615384616,4.491166381325616,14.202877675812587,14.202877675812587,2.7661999920383096,26.863800012506545
362,0015_0,grid_round_robin,606,380,0.6270627062706271,0.5132013201320133,0.9405940594059405,0.5209123564387564,1.232455425551294,1.232455425551294,0.5514000076800585,37.597800022922456
362,0015_0,anms_4d,606,374,0.6171617161716172,0.5082508250825083,0.9405940594059405,0.5057836302717795,1.2065406778957268,1.2065406778957268,10.884599993005395,31.535000016447157
363,0015_0,grid_round_robin,859,609,0.7089639115250291,0.6915017462165308,0.9837019790454016,0.19106795811919064,1.3714799445133867,1.3714799445133867,0.6311999750323594,38.57480001170188
363,0015_0,anms_4d,859,600,0.6984866123399301,0.6845168800931315,0.9790454016298021,0.1735634658088812,1.1505003802227667,1.1505003802227667,17.716199974529445,39.75549997994676
364,0015_0,grid_round_robin,627,365,0.5821371610845295,0.5582137161084529,0.9362041467304625,0.3612688917575429,0.5392869142865898,0.5392869142865898,0.6411000504158437,32.083300000522286
364,0015_0,anms_4d,627,351,0.5598086124401914,0.543859649122807,0.9186602870813397,0.29082472542810534,0.379881161404726,0.379881161404726,10.738199984189123,35.230499983299524
365,0015_0,grid_round_robin,761,457,0.6005256241787122,0.5650459921156373,0.9461235216819974,0.9042889473666599,1.9375244783951264,1.9375244783951264,0.5634999834001064,44.22909999266267
365,0015_0,anms_4d,761,449,0.5900131406044679,0.5545335085413929,0.9395532194480947,1.3213183892046831,2.912703515947627,2.912703515947627,14.417800004594028,44.48260000208393
366,0015_0,grid_round_robin,571,391,0.6847635726795096,0.5674255691768827,0.9527145359019265,0.5369920776079432,5.440464745212854,5.440464745212854,0.5308000254444778,16.637599968817085
366,0015_0,anms_4d,571,389,0.681260945709282,0.5621716287215411,0.9544658493870403,0.3197436088928109,5.360338859645633,5.360338859645633,9.687000012490898,21.045699948444963
367,0015_0,grid_round_robin,387,208,0.537467700258398,0.5012919896640827,0.917312661498708,0.39477089018295136,1.3284768804124623,1.3284768804124623,0.4857000312767923,26.874199975281954
367,0015_0,anms_4d,387,211,0.5452196382428941,0.5064599483204134,0.9198966408268734,0.4173222288451282,0.8474466250224791,0.8474466250224791,6.286999967414886,23.56060000602156
368,0015_0,grid_round_robin,651,415,0.6374807987711214,0.5944700460829493,0.9354838709677419,0.2800083236172475,0.6486111582312132,0.6486111582312132,0.5686000222340226,31.093299970962107
368,0015_0,anms_4d,651,427,0.6559139784946236,0.5990783410138248,0.9324116743471582,0.15764723504907707,0.4114620900186504,0.4114620900186504,13.127700018230826,26.178899977821857
369,0015_0,grid_round_robin,601,356,0.5923460898502496,0.5457570715474209,0.9384359400998337,0.30011926650061654,0.6643050625346496,0.6643050625346496,0.5177999846637249,31.622300040908158
369,0015_0,anms_4d,601,353,0.5873544093178037,0.5324459234608985,0.9251247920133111,0.8436324325824788,2.0631172479821944,2.0631172479821944,10.291100014001131,37.089799996465445
370,0015_0,grid_round_robin,291,179,0.6151202749140894,0.5498281786941581,0.9278350515463918,1.3158711875544942,1.8635128084554204,1.8635128084554204,0.36260002525523305,16.18209999287501
370,0015_0,anms_4d,291,176,0.6048109965635738,0.5532646048109966,0.9243986254295533,1.707666396600549,1.5786754854759777,1.707666396600549,4.055800032801926,15.747999947052449
371,0015_0,grid_round_robin,617,370,0.5996758508914101,0.6061588330632091,0.9529983792544571,0.8093247411452651,2.8945803076494965,2.8945803076494965,0.5792999872937799,38.35980000440031
371,0015_0,anms_4d,617,350,0.5672609400324149,0.5899513776337115,0.9481361426256077,0.030997392026955426,0.04526358280468717,0.04526358280468717,10.647599992807955,32.83530002227053
372,0015_0,grid_round_robin,794,500,0.6297229219143576,0.5843828715365239,0.9458438287153652,0.12236666660528062,0.21558455071066024,0.21558455071066024,0.609499984420836,36.385899991728365
372,0015_0,anms_4d,794,494,0.6221662468513854,0.5780856423173804,0.9408060453400504,0.12556936022714357,0.2194405125044439,0.2194405125044439,14.924499962944537,36.4928999915719
373,0015_0,grid_round_robin,694,372,0.5360230547550432,0.47982708933717577,0.8688760806916427,0.9326622590298481,1.2225600365563285,1.2225600365563285,0.5236999713815749,55.44720002217218
373,0015_0,anms_4d,694,360,0.5187319884726225,0.4610951008645533,0.8587896253602305,0.9345765997018347,1.226152186901378,1.226152186901378,12.477500014938414,69.98680002288893
374,0015_0,grid_round_robin,646,471,0.7291021671826625,0.7151702786377709,0.9953560371517027,0.08243974128063039,0.2445155220229553,0.2445155220229553,0.5224000196903944,15.978200011886656
374,0015_0,anms_4d,646,465,0.7198142414860681,0.7043343653250774,0.9938080495356038,0.09604678426575013,0.2836409161426065,0.2836409161426065,11.985299992375076,19.895299978088588
375,0015_0,grid_round_robin,431,259,0.6009280742459396,0.6264501160092807,0.9396751740139211,0.2989689337275944,1.1826349144160493,1.1826349144160493,0.4480000352486968,25.149599998258054
375,0015_0,anms_4d,431,252,0.5846867749419954,0.6078886310904872,0.9303944315545244,0.5131807674876909,2.052513220987862,2.052513220987862,6.566600000951439,28.7683000206016
376,0015_0,grid_round_robin,294,171,0.5816326530612245,0.6122448979591837,0.9421768707482994,0.10937128741277573,4.803611082438038,4.803611082438038,0.3393999650143087,18.553300003986806
376,0015_0,anms_4d,294,175,0.5952380952380952,0.608843537414966,0.9285714285714286,0.05670700422254104,3.0421053283508823,3.0421053283508823,4.1179999825544655,19.024299981538206
377,0015_0,grid_round_robin,153,48,0.3137254901960784,0.3137254901960784,0.6405228758169934,26.615788400311477,62.69330869481196,62.69330869481196,0.22380001610144973,23.54130003368482
377,0015_0,anms_4d,153,53,0.3464052287581699,0.3137254901960784,0.6274509803921569,16.81109839526634,8.871040930462534,16.81109839526634,2.2392000537365675,20.09510004427284
378,0015_0,grid_round_robin,493,326,0.6612576064908722,0.5943204868154158,0.9249492900608519,1.1843517523965263,1.8994644602315867,1.8994644602315867,0.4930999712087214,30.16120003303513
378,0015_0,anms_4d,493,315,0.6389452332657201,0.5801217038539553,0.9066937119675457,1.1939681666768636,1.917381617619852,1.917381617619852,8.902699977625161,25.909800024237484
379,0015_0,grid_round_robin,768,436,0.5677083333333334,0.5442708333333334,0.9361979166666666,0.0935376729197169,0.5323122300141379,0.5323122300141379,1.2250000145286322,47.30129998642951
379,0015_0,anms_4d,768,428,0.5572916666666666,0.5325520833333334,0.9231770833333334,0.11474247327468726,0.6293615475263219,0.6293615475263219,14.834199973847717,53.7631000042893
380,0015_0,grid_round_robin,357,166,0.4649859943977591,0.4789915966386555,0.8879551820728291,1.065289030661217,1.5286351029220078,1.5286351029220078,0.3507999936118722,31.19400003924966
380,0015_0,anms_4d,357,161,0.45098039215686275,0.4565826330532213,0.8683473389355743,1.0217385324927977,1.5048506073378316,1.5048506073378316,5.238100013229996,28.028499975334853
381,0015_0,grid_round_robin,167,67,0.40119760479041916,0.40718562874251496,0.8323353293413174,1.2377658735323323,2.6966382247279572,2.6966382247279572,0.23020000662654638,20.54539998061955
381,0015_0,anms_4d,167,65,0.38922155688622756,0.39520958083832336,0.8143712574850299,0.690387050237837,2.8888325954907548,2.8888325954907548,2.9492999892681837,19.87000001827255
382,0015_0,grid_round_robin,579,316,0.5457685664939551,0.5302245250431779,0.9291882556131261,0.39625329322739,0.7755327857521993,0.7755327857521993,0.5138000124134123,40.27459997450933
382,0015_0,anms_4d,579,314,0.542314335060449,0.5198618307426598,0.918825561312608,0.36572715044413434,0.7090641139947603,0.7090641139947603,9.619400021620095,42.9592999862507
383,0015_0,grid_round_robin,679,427,0.6288659793814433,0.614138438880707,0.9484536082474226,0.06025164819367839,0.8372630236837227,0.8372630236837227,0.5786999827250838,24.88779998384416
383,0015_0,anms_4d,679,428,0.6303387334315169,0.6185567010309279,0.9499263622974963,0.03046649625184169,0.6235690522224013,0.6235690522224013,11.998500034678727,21.776000037789345
384,0015_0,grid_round_robin,540,290,0.5370370370370371,0.5074074074074074,0.9444444444444444,1.8045548305270396,9.800825237186546,9.800825237186546,0.5141999572515488,43.71370002627373
384,0015_0,anms_4d,540,280,0.5185185185185185,0.4962962962962963,0.9333333333333333,1.814068408559586,9.926108640171375,9.926108640171375,8.888999989721924,49.44589996011928
385,0015_0,grid_round_robin,627,352,0.5614035087719298,0.5422647527910686,0.9282296650717703,0.4329723130128621,1.520894560232055,1.520894560232055,0.6206000107340515,40.02710001077503
385,0015_0,anms_4d,627,353,0.5629984051036683,0.5454545454545454,0.9266347687400319,0.6187738904534389,2.094630058264768,2.094630058264768,11.403699987567961,42.34099999302998
386,0015_0,grid_round_robin,159,77,0.48427672955974843,0.5094339622641509,0.8427672955974843,0.3266487265371428,0.3014298252230165,0.3266487265371428,0.2637000288814306,22.343600052408874
386,0015_0,anms_4d,159,75,0.4716981132075472,0.5094339622641509,0.8238993710691824,0.35451654568177476,1.1921485264611502,1.1921485264611502,2.0753000280819833,26.07329998863861
387,0015_0,grid_round_robin,681,416,0.6108663729809104,0.5624082232011748,0.9397944199706314,0.38188833541276934,0.4046176166996667,0.4046176166996667,0.5681000184267759,34.62950000539422
387,0015_0,anms_4d,681,412,0.604992657856094,0.55359765051395,0.9427312775330396,0.30356764538024483,0.2990516886259658,0.30356764538024483,12.5283999950625,37.40909998305142
388,0015_0,grid_round_robin,807,537,0.6654275092936803,0.5514250309789344,0.9442379182156134,0.8126591362433357,0.8684240347547793,0.8684240347547793,0.7680999697186053,39.639699971303344
388,0015_0,anms_4d,807,524,0.6493184634448576,0.5377942998760843,0.9368029739776952,0.8932015620026943,1.0016934023080784,1.0016934023080784,15.170700033195317,26.421800022944808
389,0015_0,grid_round_robin,458,260,0.5676855895196506,0.5240174672489083,0.8820960698689956,0.12566144521519054,0.4296884031320798,0.4296884031320798,0.4225000157020986,27.189199987333268
389,0015_0,anms_4d,458,242,0.5283842794759825,0.5131004366812227,0.8646288209606987,0.1358945875329932,0.41939457451610573,0.41939457451610573,7.729300006758422,31.937099993228912
390,0015_0,grid_round_robin,864,559,0.6469907407407407,0.5856481481481481,0.9594907407407407,0.9633843698643059,0.8348966787831563,0.9633843698643059,0.7139000226743519,29.084900044836104
390,0015_0,anms_4d,864,541,0.6261574074074074,0.5636574074074074,0.9490740740740741,1.0233926211212654,0.894238077947182,1.0233926211212654,17.034499964211136,38.58699998818338
391,0015_0,grid_round_robin,347,229,0.659942363112392,0.5504322766570605,0.9394812680115274,4.02876940031366,4.9344578829148205,4.9344578829148205,0.39570004446431994,14.396999962627888
391,0015_0,anms_4d,347,228,0.6570605187319885,0.5389048991354467,0.930835734870317,1.5341505208637123,1.7650569490003984,1.7650569490003984,5.140999972354621,14.029800018761307
392,0015_0,grid_round_robin,401,199,0.49625935162094764,0.4912718204488778,0.9027431421446384,0.8295279555423924,0.8510473597709071,0.8510473597709071,0.34119997872039676,47.47369996039197
392,0015_0,anms_4d,401,192,0.47880299251870323,0.4837905236907731,0.9102244389027432,0.6528848283439339,0.6169893980022089,0.6528848283439339,6.57100003445521,55.89040002087131
393,0015_0,grid_round_robin,477,260,0.5450733752620545,0.5471698113207547,0.9790356394129979,4.619975210521627,9.889898454551318,9.889898454551318,0.4857999738305807,48.97310002706945
393,0015_0,anms_4d,477,259,0.5429769392033543,0.5345911949685535,0.9685534591194969,4.063198994895178,8.690873306046898,8.690873306046898,7.563699968159199,47.16700001154095
394,0015_0,grid_round_robin,77,34,0.44155844155844154,0.45454545454545453,0.8831168831168831,17.774970017728347,22.06196972022419,22.06196972022419,0.18560001626610756,18.058700021356344
394,0015_0,anms_4d,77,34,0.44155844155844154,0.44155844155844154,0.8831168831168831,14.02154461789084,20.666456364836744,20.666456364836744,1.1188999633304775,20.50270000472665
395,0015_0,grid_round_robin,688,453,0.6584302325581395,0.6569767441860465,0.9665697674418605,0.454015654119847,1.7537961952230092,1.7537961952230092,0.7396999862976372,36.93000000203028
395,0015_0,anms_4d,688,457,0.6642441860465116,0.6584302325581395,0.9651162790697675,0.4781594292803588,1.8245763622280757,1.8245763622280757,12.599000008776784,25.057799997739494
396,0015_0,grid_round_robin,825,529,0.6412121212121212,0.6303030303030303,0.9575757575757575,0.36475133449497116,1.2676001260240943,1.2676001260240943,0.729600025806576,37.10119996685535
396,0015_0,anms_4d,825,526,0.6375757575757576,0.623030303030303,0.9503030303030303,0.5050912034079205,1.7423030360311826,1.7423030360311826,15.646099986042827,42.527300014626235
397,0015_0,grid_round_robin,292,147,0.5034246575342466,0.5171232876712328,0.910958904109589,0.38285191889530257,0.7120769746551843,0.7120769746551843,0.35390001721680164,34.79979996336624
397,0015_0,anms_4d,292,142,0.4863013698630137,0.4897260273972603,0.9143835616438356,3.7695884363981276,7.4996234797611585,7.4996234797611585,4.408899985719472,34.54779996536672
398,0015_0,grid_round_robin,789,371,0.47021546261089986,0.41191381495564006,0.8960709759188846,0.6530887399440835,1.6459365693291268,1.6459365693291268,0.5720999906770885,76.93450001534075
398,0015_0,anms_4d,789,356,0.4512040557667934,0.40811153358681873,0.8871989860583016,0.37715827086022813,0.9446263544229673,0.9446263544229673,19.703500031027943,71.80269999662414
399,0015_0,grid_round_robin,411,218,0.5304136253041363,0.5304136253041363,0.9416058394160584,0.7509199442164092,1.2558675382717313,1.2558675382717313,0.3598000039346516,33.34680001717061
399,0015_0,anms_4d,411,217,0.5279805352798054,0.5328467153284672,0.9318734793187348,0.22303131703287288,0.3342196642059938,0.3342196642059938,6.7078000283800066,35.61810002429411
400,0015_0,grid_round_robin,327,187,0.5718654434250765,0.4434250764525994,0.8807339449541285,1.2893087098690033,2.945094900055084,2.945094900055084,0.44919998617842793,26.44339995458722
400,0015_0,anms_4d,327,182,0.5565749235474006,0.44954128440366975,0.8746177370030581,0.8170561667339435,1.9920219517017252,1.9920219517017252,5.350399995222688,27.35930000199005
401,0015_0,grid_round_robin,458,249,0.5436681222707423,0.5327510917030568,0.9410480349344978,0.07330378164163778,0.15042436902104786,0.15042436902104786,0.5388999707065523,38.072000024840236
401,0015_0,anms_4d,458,250,0.5458515283842795,0.5262008733624454,0.9344978165938864,0.07645054709879047,0.19447563700481188,0.19447563700481188,7.099299982655793,24.958199996035546
402,0015_0,grid_round_robin,817,514,0.6291309669522643,0.5850673194614443,0.9314565483476133,1.2201877460352757,2.837180849490598,2.837180849490598,0.6368000176735222,35.24620004463941
402,0015_0,anms_4d,817,500,0.6119951040391677,0.5716034271725826,0.9228886168910648,1.5830709863620096,3.6831070823672385,3.6831070823672385,16.022499999962747,47.805000038351864
403,0015_0,grid_round_robin,960,619,0.6447916666666667,0.5291666666666667,0.9052083333333333,0.8050631236556718,1.2981856557266225,1.2981856557266225,0.6677000201307237,29.416100005619228
403,0015_0,anms_4d,960,612,0.6375,0.5270833333333333,0.9,0.845852577614977,1.364135110317622,1.364135110317622,20.408299984410405,41.21120000490919
404,0015_0,grid_round_robin,449,230,0.512249443207127,0.45434298440979953,0.8864142538975501,3.733480528771183,7.757617995376145,7.757617995376145,0.4425999941304326,47.508499992545694
404,0015_0,anms_4d,449,230,0.512249443207127,0.44988864142538976,0.8864142538975501,4.377294098788515,9.11993479265475,9.11993479265475,6.908299983479083,42.62590000871569
405,0015_0,grid_round_robin,458,240,0.5240174672489083,0.5218340611353712,0.982532751091703,0.3215606290357116,0.7649839053421436,0.7649839053421436,0.438000017311424,40.443899983074516
405,0015_0,anms_4d,458,241,0.5262008733624454,0.5152838427947598,0.980349344978166,0.4675748123985193,0.999885554352145,0.999885554352145,7.136199972592294,42.991099995560944
406,0015_0,grid_round_robin,368,174,0.47282608695652173,0.48097826086956524,0.9184782608695652,1.4431279248652094,1.5340848993039842,1.5340848993039842,0.3619999624788761,38.84200000902638
406,0015_0,anms_4d,368,176,0.4782608695652174,0.47554347826086957,0.8994565217391305,2.328273377820741,2.8919360475136107,2.8919360475136107,5.508899979759008,36.51389997685328
407,0015_0,grid_round_robin,567,385,0.6790123456790124,0.6349206349206349,0.9470899470899471,0.16516755591136878,0.34797421285912544,0.34797421285912544,0.534999999217689,26.15779999177903
407,0015_0,anms_4d,567,377,0.6649029982363316,0.6172839506172839,0.9294532627865961,0.15239029438370078,0.3259535881113911,0.3259535881113911,10.76380000449717,26.70599997509271
408,0015_0,grid_round_robin,402,215,0.5348258706467661,0.5398009950248757,0.8930348258706468,0.0669180124560883,0.1947634259158279,0.1947634259158279,0.4110000445507467,30.662600009236485
408,0015_0,anms_4d,402,211,0.5248756218905473,0.5298507462686567,0.8880597014925373,0.07543148595695695,0.18874898660388345,0.18874898660388345,6.045099988114089,28.062800003681332
409,0015_0,grid_round_robin,494,209,0.4230769230769231,0.46153846153846156,0.9251012145748988,5.334586034173683,50.36348797323261,50.36348797323261,0.49239996587857604,50.62150000594556
409,0015_0,anms_4d,494,220,0.44534412955465585,0.4534412955465587,0.9149797570850202,1.9640213275434293,8.241933686103327,8.241933686103327,7.825000036973506,48.92230004770681
410,0015_0,grid_round_robin,347,198,0.5706051873198847,0.553314121037464,0.9221902017291066,1.0944772137064764,1.404984548619924,1.404984548619924,0.4028999828733504,22.486800036858767
410,0015_0,anms_4d,347,196,0.5648414985590778,0.5504322766570605,0.9164265129682997,1.896902763731926,2.627302559090798,2.627302559090798,10.322600021027029,21.3645999901928
411,0015_0,grid_round_robin,632,364,0.5759493670886076,0.5031645569620253,0.9287974683544303,1.0042345272350885,1.1997716940958982,1.1997716940958982,0.4931000294163823,32.95570000773296
411,0015_0,anms_4d,632,355,0.5617088607594937,0.49683544303797467,0.9224683544303798,0.9524409146204476,1.2056877131891703,1.2056877131891703,11.40240003587678,41.02529998635873
412,0015_0,grid_round_robin,821,515,0.6272838002436053,0.5602923264311814,0.9488428745432399,1.1731746579767623,3.0515912475896885,3.0515912475896885,0.702100049238652,44.50420005014166
412,0015_0,anms_4d,821,506,0.6163215590742996,0.5517661388550548,0.9451887941534713,1.1871707342102351,3.0810617780185936,3.0810617780185936,16.232000023592263,37.00490004848689
413,0015_0,grid_round_robin,554,371,0.6696750902527075,0.628158844765343,0.9602888086642599,0.38197763062808027,0.6215009935309899,0.6215009935309899,0.5007999716326594,26.710800011642277
413,0015_0,anms_4d,554,363,0.6552346570397112,0.6137184115523465,0.9548736462093863,0.6418089515020238,1.0247461813398948,1.0247461813398948,9.429200028534979,22.56349998060614
414,0015_0,grid_round_robin,417,210,0.5035971223021583,0.4844124700239808,0.8968824940047961,1.617761144382333,2.37868703710646,2.37868703710646,0.4486000398173928,35.551699984353036
414,0015_0,anms_4d,417,202,0.4844124700239808,0.47721822541966424,0.8896882494004796,1.5958824839673276,2.4064359478449604,2.4064359478449604,6.955799995921552,35.05300002871081
415,0015_0,grid_round_robin,320,176,0.55,0.49375,0.85,1.637609582378617,0.8065486035828089,1.637609582378617,0.354600022546947,26.78459999151528
415,0015_0,anms_4d,320,175,0.546875,0.490625,0.84375,1.6132041873048903,0.792892074020871,1.6132041873048903,4.660399979911745,26.733000006061047
416,0015_0,grid_round_robin,293,146,0.49829351535836175,0.552901023890785,0.9351535836177475,0.9639063800346598,0.9900718603902448,0.9900718603902448,0.2901999978348613,32.48689998872578
416,0015_0,anms_4d,293,145,0.4948805460750853,0.5631399317406144,0.9419795221843004,0.6688824168526117,0.6345632046165232,0.6688824168526117,4.102300037629902,40.71430000476539
417,0015_0,grid_round_robin,308,204,0.6623376623376623,0.5844155844155844,0.9415584415584416,0.47360399877205156,0.18719659317420306,0.47360399877205156,0.41909998981282115,17.208500008564442
417,0015_0,anms_4d,308,194,0.6298701298701299,0.5616883116883117,0.922077922077922,0.9322873100012892,0.3704892550824692,0.9322873100012892,6.381500046700239,23.92970002256334
418,0015_0,grid_round_robin,533,337,0.6322701688555347,0.5984990619136961,0.926829268292683,0.2903012427159014,0.33617549543638336,0.33617549543638336,0.491499959025532,37.599700037389994
418,0015_0,anms_4d,533,328,0.6153846153846154,0.5984990619136961,0.9193245778611632,0.20916572624215443,0.13388456091563378,0.20916572624215443,9.100300027057528,24.108999990858138
419,0015_0,grid_round_robin,606,336,0.5544554455445545,0.5066006600660066,0.8943894389438944,0.6411835863246087,0.4149524980595662,0.6411835863246087,0.7928000413812697,49.401800031773746
419,0015_0,anms_4d,606,337,0.5561056105610561,0.5033003300330033,0.8861386138613861,0.3064835408162948,0.16239909536513855,0.3064835408162948,10.94469998497516,45.469800010323524
420,0015_0,grid_round_robin,41,14,0.34146341463414637,0.0,0.0,12.80664929146241,7.808402374634418,12.80664929146241,0.16379996668547392,17.79860001988709
420,0015_0,anms_4d,41,14,0.34146341463414637,0.0,0.0,27.22290353747254,27.003664110471142,27.22290353747254,0.547999981790781,15.287799993529916
421,0015_0,grid_round_robin,472,266,0.5635593220338984,0.5529661016949152,0.9152542372881356,0.33714771691612666,0.7692456440094773,0.7692456440094773,0.44159998651593924,26.457500003743917
421,0015_0,anms_4d,472,262,0.5550847457627118,0.5508474576271186,0.9088983050847458,0.08875128725326537,0.24744733441812736,0.24744733441812736,7.989499950781465,35.02529999241233
422,0015_0,grid_round_robin,522,282,0.5402298850574713,0.524904214559387,0.9061302681992337,0.2993986541165655,0.690513328825874,0.690513328825874,0.5475000361911952,42.90529998252168
422,0015_0,anms_4d,522,271,0.5191570881226054,0.5114942528735632,0.89272030651341,0.10709636299461692,0.2062863414176782,0.2062863414176782,8.837500005029142,58.4478999953717
423,0015_0,grid_round_robin,140,71,0.5071428571428571,0.4857142857142857,0.75,0.6679250937301082,0.49534492446412876,0.6679250937301082,0.28229999588802457,17.71839999128133
423,0015_0,anms_4d,140,67,0.4785714285714286,0.4714285714285714,0.7357142857142858,2.545126115936339,1.3507326010965568,2.545126115936339,1.8572999979369342,18.117400002665818
424,0015_0,grid_round_robin,481,285,0.5925155925155925,0.5717255717255717,0.9376299376299376,3.41634882952462,8.360000553344827,8.360000553344827,0.6543999770656228,26.521700026933104
424,0015_0,anms_4d,481,279,0.58004158004158,0.5654885654885655,0.9376299376299376,0.10764397904455189,0.18865847899558347,0.18865847899558347,7.795300043653697,33.37109996937215
425,0015_0,grid_round_robin,493,294,0.5963488843813387,0.563894523326572,0.9391480730223124,0.24058608697422554,0.9098567786018739,0.9098567786018739,0.4453000146895647,34.29569996660575
425,0015_0,anms_4d,493,291,0.59026369168357,0.5578093306288032,0.922920892494929,0.31216089263469493,1.2169049557921852,1.2169049557921852,7.929700019303709,44.78300001937896
426,0015_0,grid_round_robin,540,317,0.587037037037037,0.5666666666666667,0.912962962962963,1.5167258541116493,2.485084252674991,2.485084252674991,0.4705999745056033,35.3583000251092
426,0015_0,anms_4d,540,309,0.5722222222222222,0.5537037037037037,0.8981481481481481,1.610737420107356,2.6364495222798627,2.6364495222798627,12.073900026734918,31.20290004881099
427,0015_0,grid_round_robin,390,185,0.47435897435897434,0.3871794871794872,0.8358974358974359,5.285557393296016,8.59722769185949,8.59722769185949,0.44929998693987727,41.55580000951886
427,0015_0,anms_4d,390,187,0.4794871794871795,0.36923076923076925,0.8205128205128205,6.8618659876244354,10.92887153149948,10.92887153149948,5.781400017440319,40.367000037804246
428,0015_0,grid_round_robin,773,502,0.6494178525226391,0.6015523932729625,0.9495472186287193,1.9072863744934423,3.2421570828599457,3.2421570828599457,0.6098999874666333,45.456099964212626
428,0015_0,anms_4d,773,495,0.6403622250970246,0.5847347994825356,0.9353169469598965,0.20700693638916726,0.3791410444347385,0.3791410444347385,14.936399995349348,31.06770000886172
429,0015_0,grid_round_robin,462,242,0.5238095238095238,0.5411255411255411,0.9437229437229437,0.4390187426685507,0.8643421005177944,0.8643421005177944,0.5418999935500324,35.14950000680983
429,0015_0,anms_4d,462,244,0.5281385281385281,0.5411255411255411,0.9415584415584416,0.963965361207744,0.7690161843227517,0.963965361207744,7.496600039303303,33.33270002622157
430,0015_0,grid_round_robin,445,231,0.5191011235955056,0.48764044943820223,0.9146067415730337,0.9923037352113359,1.9033716854721785,1.9033716854721785,0.4692000220529735,43.34160004509613
430,0015_0,anms_4d,445,230,0.5168539325842697,0.4853932584269663,0.9101123595505618,0.24234537468736822,0.6396290700898766,0.6396290700898766,7.284100051037967,47.48890001792461
431,0015_0,grid_round_robin,447,290,0.6487695749440716,0.6510067114093959,0.9395973154362416,0.8991861906229083,1.9159504164559342,1.9159504164559342,0.4564999835565686,14.902700029779226
431,0015_0,anms_4d,447,278,0.6219239373601789,0.6353467561521253,0.9373601789709173,1.2511423639462256,2.524728061214861,2.524728061214861,7.247600005939603,17.26659998530522
432,0015_0,grid_round_robin,480,309,0.64375,0.6291666666666667,0.9375,0.27629644269264747,0.16680055882645645,0.27629644269264747,0.46939996536821127,19.538699998520315
432,0015_0,anms_4d,480,308,0.6416666666666667,0.6291666666666667,0.9333333333333333,0.17582480955176322,0.03531502164213288,0.17582480955176322,7.59019999532029,19.335600023623556
433,0015_0,grid_round_robin,505,240,0.4752475247524752,0.4891089108910891,0.9247524752475248,0.14767340221364325,0.7486170313839955,0.7486170313839955,0.5254000425338745,40.685700019821525
433,0015_0,anms_4d,505,239,0.47326732673267324,0.48118811881188117,0.9128712871287129,0.8883031265409335,0.18108292163573048,0.8883031265409335,8.324499998707324,44.67800003476441
434,0015_0,grid_round_robin,225,136,0.6044444444444445,0.5822222222222222,0.96,0.9821740805162569,0.5326467740048471,0.9821740805162569,0.29090000316500664,13.624500017613173
434,0015_0,anms_4d,225,135,0.6,0.5955555555555555,0.9555555555555556,0.6778581861075724,0.4160368134868851,0.6778581861075724,3.3917000400833786,13.09449999826029
435,0015_0,grid_round_robin,238,140,0.5882352941176471,0.592436974789916,0.9159663865546218,0.337618868573944,2.1476680048459253,2.1476680048459253,0.2950999769382179,17.15379999950528
435,0015_0,anms_4d,238,141,0.592436974789916,0.5966386554621849,0.9117647058823529,0.26834572340295115,1.671640680840636,1.671640680840636,3.574599977582693,17.37339998362586
436,0015_0,grid_round_robin,425,225,0.5294117647058824,0.5247058823529411,0.9176470588235294,4.032654183745747,1.4220402435209372,4.032654183745747,0.42239995673298836,29.425200016703457
436,0015_0,anms_4d,425,218,0.5129411764705882,0.5035294117647059,0.9035294117647059,4.317614282105039,1.5691946094743774,4.317614282105039,6.446900020819157,33.548499981407076
437,0015_0,grid_round_robin,269,179,0.6654275092936803,0.6468401486988847,0.9256505576208178,1.3644081144283884,2.1300409454375098,2.1300409454375098,0.29799999902024865,11.126700032036752
437,0015_0,anms_4d,269,181,0.6728624535315985,0.6431226765799256,0.9256505576208178,0.8774625365621994,1.1737874725231556,1.1737874725231556,3.4943000064231455,13.143699965439737
438,0015_0,grid_round_robin,289,159,0.5501730103806228,0.5432525951557093,0.9792387543252595,0.634547771023017,8.814626820574642,8.814626820574642,0.38109999150037766,30.2440999657847
438,0015_0,anms_4d,289,151,0.5224913494809689,0.4982698961937716,0.9619377162629758,0.660355480706925,9.160411049947282,9.160411049947282,4.084200016222894,31.186100037302822
439,0015_0,grid_round_robin,495,290,0.5858585858585859,0.6161616161616161,0.9595959595959596,0.0840905373320043,0.1545422999075832,0.1545422999075832,0.5154000245966017,20.422799978405237
439,0015_0,anms_4d,495,283,0.5717171717171717,0.602020202020202,0.9474747474747475,0.2339172520903692,0.11772681620500683,0.2339172520903692,7.840400037821382,23.32650002790615
440,0015_0,grid_round_robin,486,289,0.5946502057613169,0.5370370370370371,0.9444444444444444,1.7593102039211674,7.0001820593116095,7.0001820593116095,0.4067999543622136,30.57760000228882
440,0015_0,anms_4d,486,292,0.6008230452674898,0.5370370370370371,0.948559670781893,0.7776111630722096,3.706021792035338,3.706021792035338,8.488499966915697,26.85129997553304
441,0015_0,grid_round_robin,442,278,0.6289592760180995,0.5723981900452488,0.9434389140271493,0.3000458506662409,0.2082848047527075,0.3000458506662409,0.4118000506423414,25.120900012552738
441,0015_0,anms_4d,442,261,0.5904977375565611,0.5542986425339367,0.920814479638009,0.09712320316317997,0.4039640677195096,0.4039640677195096,6.784800032619387,24.340600008144975
442,0015_0,grid_round_robin,294,127,0.43197278911564624,0.41496598639455784,0.8775510204081632,1.0362967273124524,1.0947615537483768,1.0947615537483768,0.3420999855734408,35.105699964333326
442,0015_0,anms_4d,294,128,0.43537414965986393,0.41496598639455784,0.8673469387755102,1.1368500855080927,1.1610015440987302,1.1610015440987302,4.361200029961765,27.80359995085746
443,0015_0,grid_round_robin,554,337,0.6083032490974729,0.6119133574007221,0.9530685920577617,0.24035364487777536,0.6513781645589152,0.6513781645589152,0.5115999956615269,38.37349999230355
443,0015_0,anms_4d,554,329,0.5938628158844765,0.6101083032490975,0.9512635379061372,0.5064758469025488,1.4954124069597334,1.4954124069597334,9.353100031148642,38.30870002275333
444,0015_0,grid_round_robin,833,635,0.7623049219687875,0.6446578631452581,0.9675870348139256,1.151517724777714,1.139107410799071,1.151517724777714,0.6698999786749482,28.66299997549504
444,0015_0,anms_4d,833,625,0.7503001200480192,0.6398559423769508,0.9663865546218487,1.221211583202765,1.189143114076826,1.221211583202765,15.896699973382056,24.27749999333173
445,0015_0,grid_round_robin,467,258,0.5524625267665952,0.5438972162740899,0.9314775160599572,2.010960631501916,6.248070285706768,6.248070285706768,0.8116000099107623,46.93089995998889
445,0015_0,anms_4d,467,251,0.5374732334047109,0.5246252676659529,0.9186295503211992,1.7428144383237067,5.344738319106724,5.344738319106724,7.337799994274974,43.92849997384474
446,0015_0,grid_round_robin,499,312,0.625250501002004,0.5571142284569138,0.9458917835671342,1.0869057652766911,1.6287239108149716,1.6287239108149716,0.5016999784857035,25.559799978509545
446,0015_0,anms_4d,499,312,0.625250501002004,0.5531062124248497,0.935871743486974,1.0311904632266649,1.5534944059503677,1.5534944059503677,8.476699993479997,23.087200010195374
447,0015_0,grid_round_robin,729,421,0.5775034293552812,0.578875171467764,0.9355281207133059,0.057579152720291495,0.12215175388296697,0.12215175388296697,0.6619999767281115,43.33570000017062
447,0015_0,anms_4d,729,421,0.5775034293552812,0.578875171467764,0.9286694101508917,0.05714647560402918,0.11704969266235313,0.11704969266235313,14.520700031425804,43.42880001058802
448,0015_0,grid_round_robin,284,150,0.528169014084507,0.5211267605633803,0.9049295774647887,0.6989711317409018,0.8060234971735509,0.8060234971735509,0.3084999625571072,26.645699981600046
448,0015_0,anms_4d,284,157,0.5528169014084507,0.5316901408450704,0.9014084507042254,0.8253201094515049,0.8504296600006787,0.8504296600006787,4.042799992021173,23.822999966796488
449,0015_0,grid_round_robin,697,451,0.6470588235294118,0.624103299856528,0.9799139167862266,0.5586049653100701,1.2973694039121133,1.2973694039121133,0.5745000089518726,35.05890001542866
449,0015_0,anms_4d,697,441,0.6327116212338594,0.6197991391678622,0.96987087517934,0.5132336754744947,1.1861910834618195,1.1861910834618195,12.561500014271587,39.71879999153316
450,0015_0,grid_round_robin,478,222,0.46443514644351463,0.4602510460251046,0.9121338912133892,1.3345753621373717,3.788960688222495,3.788960688222495,0.40010001976042986,45.43030000058934
450,0015_0,anms_4d,478,220,0.4602510460251046,0.4497907949790795,0.9016736401673641,1.6408522905045504,5.098304956211495,5.098304956211495,7.651299994904548,46.67509999126196
451,0015_0,grid_round_robin,750,510,0.68,0.6653333333333333,0.9626666666666667,0.049850487318360184,0.3901436115264151,0.3901436115264151,0.5955999949947,26.991299993824214
451,0015_0,anms_4d,750,507,0.676,0.6626666666666666,0.964,0.041441009367255865,0.393476643155902,0.393476643155902,14.531299995724112,27.247299964074045
452,0015_0,grid_round_robin,394,189,0.4796954314720812,0.48223350253807107,0.9111675126903553,2.5417105768997734,5.317898556647737,5.317898556647737,0.4044999950565398,35.97170003922656
452,0015_0,anms_4d,394,190,0.48223350253807107,0.4847715736040609,0.9010152284263959,2.5604198946518526,5.384681930669286,5.384681930669286,6.012799974996597,35.40420002536848
453,0015_0,grid_round_robin,117,51,0.4358974358974359,0.39316239316239315,0.717948717948718,0.7282054085132039,0.7956196879542039,0.7956196879542039,0.221800000872463,18.08150002034381
453,0015_0,anms_4d,117,50,0.42735042735042733,0.38461538461538464,0.7008547008547008,1.76698149134115,2.0710544862457283,2.0710544862457283,1.5118999872356653,18.064400006551296
454,0015_0,grid_round_robin,275,139,0.5054545454545455,0.509090909090909,0.8872727272727273,2.5451213822449614,1.4702908342961043,2.5451213822449614,0.36559998989105225,30.417900008615106
454,0015_0,anms_4d,275,140,0.509090909090909,0.49818181818181817,0.8763636363636363,2.0566074735343847,1.35991937820333,2.0566074735343847,9.430999984033406,28.186299954541028
455,0015_0,grid_round_robin,314,153,0.4872611464968153,0.445859872611465,0.9171974522292994,1.9406645372838827,11.335627479237782,11.335627479237782,0.37789996713399887,34.732400032225996
455,0015_0,anms_4d,314,149,0.4745222929936306,0.4426751592356688,0.8980891719745223,1.9420605094578611,11.00025621434545,11.00025621434545,4.684499988798052,34.105699975043535
456,0015_0,grid_round_robin,692,386,0.5578034682080925,0.5390173410404624,0.9436416184971098,0.09217233459628701,0.9020053922549575,0.9020053922549575,0.5592000088654459,44.98610005248338
456,0015_0,anms_4d,692,374,0.5404624277456648,0.5303468208092486,0.9393063583815029,0.10925093751957904,0.956864344066986,0.956864344066986,13.34040000801906,45.31910002697259
457,0015_0,grid_round_robin,73,36,0.4931506849315068,0.3835616438356164,0.7945205479452054,18.932747883847682,3.1963502843322082,18.932747883847682,0.18370000179857016,24.930000014137477
457,0015_0,anms_4d,73,33,0.4520547945205479,0.3561643835616438,0.7671232876712328,22.894606349539117,3.540937534276934,22.894606349539117,1.1097000096924603,18.33940000506118
458,0015_0,grid_round_robin,741,446,0.601889338731444,0.5897435897435898,0.941970310391363,1.7555347582315985,4.452144148345368,4.452144148345368,0.5874999915249646,43.19579998264089
458,0015_0,anms_4d,741,436,0.5883940620782726,0.5695006747638327,0.9284750337381916,1.173085940677329,2.9547251422070797,2.9547251422070797,13.498599990271032,65.5828999588266
459,0015_0,grid_round_robin,446,245,0.5493273542600897,0.5291479820627802,0.9103139013452914,0.7526756060828,0.5420884806447274,0.7526756060828,0.7663000142201781,29.19929998461157
459,0015_0,anms_4d,446,246,0.5515695067264574,0.5201793721973094,0.9035874439461884,0.7274850335913491,0.5308085651994281,0.7274850335913491,6.940999999642372,27.751299960073084
460,0015_0,grid_round_robin,251,127,0.5059760956175299,0.4900398406374502,0.8725099601593626,0.583738403677568,0.8588141250339454,0.8588141250339454,0.311699986923486,32.249499985482544
460,0015_0,anms_4d,251,127,0.5059760956175299,0.4900398406374502,0.8645418326693227,2.076484827021922,3.730984589337437,3.730984589337437,3.6358999786898494,29.188800021074712
461,0015_0,grid_round_robin,676,461,0.6819526627218935,0.650887573964497,0.9837278106508875,0.08639678142956692,0.16473920880436085,0.16473920880436085,0.527600001078099,25.45259997714311
461,0015_0,anms_4d,676,444,0.6568047337278107,0.6331360946745562,0.9822485207100592,0.08074429168983452,0.29571052743057297,0.29571052743057297,13.96700000623241,28.47509999992326
462,0015_0,grid_round_robin,447,263,0.5883668903803132,0.5794183445190156,0.941834451901566,0.8830604167235586,1.1425776380105883,1.1425776380105883,0.4493000451475382,23.165500024333596
462,0015_0,anms_4d,447,262,0.5861297539149888,0.5659955257270693,0.930648769574944,0.5955028894193753,0.9647653715990089,0.9647653715990089,7.1293999790214,25.276999978814274
463,0015_0,grid_round_robin,314,171,0.5445859872611465,0.5382165605095541,0.9331210191082803,1.6372521269580127,4.515927670801459,4.515927670801459,0.38300000596791506,21.51859999867156
463,0015_0,anms_4d,314,170,0.5414012738853503,0.5222929936305732,0.9171974522292994,1.7349744314946205,4.711206078587083,4.711206078587083,4.532999999355525,20.61810001032427
464,0015_0,grid_round_robin,488,270,0.5532786885245902,0.5327868852459017,0.9057377049180327,0.44033434563913626,1.4428945249851635,1.4428945249851635,0.5042999982833862,41.250300011597574
464,0015_0,anms_4d,488,260,0.5327868852459017,0.5286885245901639,0.8811475409836066,0.6661814037529366,2.1661116955083735,2.1661116955083735,8.099699974991381,40.22419999819249
465,0015_0,grid_round_robin,428,265,0.6191588785046729,0.6051401869158879,0.9509345794392523,0.7499285343516872,1.7336273376708162,1.7336273376708162,0.4881999921053648,22.670900041703135
465,0015_0,anms_4d,428,257,0.6004672897196262,0.602803738317757,0.9415887850467289,1.4327723580816754,2.831747389808549,2.831747389808549,6.8595000193454325,20.030399959068745
466,0015_0,grid_round_robin,643,443,0.6889580093312597,0.6594090202177294,0.926905132192846,0.33045198821977134,0.5768855581768707,0.5768855581768707,0.5344999954104424,18.750399991404265
466,0015_0,anms_4d,643,438,0.6811819595645412,0.6469673405909798,0.9222395023328149,0.09603733898366022,0.14340654054431598,0.14340654054431598,13.792900019325316,20.83300001686439
467,0015_0,grid_round_robin,503,261,0.5188866799204771,0.5029821073558648,0.904572564612326,0.3413293692884386,0.9404887693821531,0.9404887693821531,0.6614999729208648,53.19539998890832
467,0015_0,anms_4d,503,270,0.536779324055666,0.5009940357852882,0.8926441351888668,0.2411729213433523,0.602689609466026,0.602689609466026,8.423999999649823,39.118300017435104
468,0015_0,grid_round_robin,397,205,0.5163727959697733,0.5440806045340051,0.9370277078085643,1.1004002979412506,1.4559638298514939,1.4559638298514939,0.4045999958179891,47.17729997355491
468,0015_0,anms_4d,397,209,0.5264483627204031,0.5314861460957179,0.9345088161209067,2.6540179077415873,3.7167080058247626,3.7167080058247626,5.9772999957203865,39.343400043435395
469,0015_0,grid_round_robin,587,371,0.6320272572402045,0.5996592844974447,0.9165247018739353,0.23642828279452327,0.5381957794681675,0.5381957794681675,0.5366000114008784,24.402600014582276
469,0015_0,anms_4d,587,362,0.616695059625213,0.5911413969335605,0.909710391822828,0.23392869289077642,0.5146432421267928,0.5146432421267928,9.95330000296235,28.01690000342205
470,0015_0,grid_round_robin,682,399,0.5850439882697948,0.5,0.9428152492668622,1.2774206182104195,1.0672620067530467,1.2774206182104195,0.5587000050581992,46.163000050000846
470,0015_0,anms_4d,682,388,0.5689149560117303,0.4897360703812317,0.9354838709677419,1.2532188797993482,1.2149594463186875,1.2532188797993482,12.521199998445809,51.49579996941611
471,0015_0,grid_round_robin,430,283,0.6581395348837209,0.6046511627906976,0.9325581395348838,1.5064120571714643,1.5286045178531813,1.5286045178531813,0.4419999895617366,16.750500013586134
471,0015_0,anms_4d,430,273,0.6348837209302326,0.6023255813953489,0.9255813953488372,1.559719909662569,1.679799541264894,1.679799541264894,7.291499990969896,16.11959998263046
472,0015_0,grid_round_robin,480,262,0.5458333333333333,0.5291666666666667,0.9291666666666667,0.2224444308230628,0.5183662739980184,0.5183662739980184,0.4488999838940799,36.80160001385957
472,0015_0,anms_4d,480,265,0.5520833333333334,0.5229166666666667,0.9208333333333333,0.3345381295130841,1.1994055358951898,1.1994055358951898,7.7945999801158905,49.579699989408255
473,0015_0,grid_round_robin,335,153,0.45671641791044776,0.45671641791044776,0.9134328358208955,3.2715643701113613,2.7923401010062863,3.2715643701113613,0.367900007404387,32.76219998952001
473,0015_0,anms_4d,335,153,0.45671641791044776,0.44477611940298506,0.8895522388059701,1.024504403661537,0.30792308702989973,1.024504403661537,4.959599988069385,29.24860001076013
474,0015_0,grid_round_robin,444,248,0.5585585585585585,0.5675675675675675,0.9797297297297297,0.5166183138163744,0.3577929596977456,0.5166183138163744,0.521100009791553,28.69140001712367
474,0015_0,anms_4d,444,243,0.5472972972972973,0.5608108108108109,0.9797297297297297,0.7131129064068068,0.6972210033418139,0.7131129064068068,6.794099987018853,31.12709999550134
475,0015_0,grid_round_robin,525,299,0.5695238095238095,0.5676190476190476,0.9257142857142857,0.08584699907289396,0.041864983279841374,0.08584699907289396,0.8271000115200877,32.235799997579306
475,0015_0,anms_4d,525,289,0.5504761904761905,0.5485714285714286,0.92,0.11086774165382082,0.3744795785831724,0.3744795785831724,8.88219999615103,33.944399969186634
476,0015_0,grid_round_robin,513,288,0.5614035087719298,0.5419103313840156,0.9161793372319688,2.592322571295048,1.8405185678407132,2.592322571295048,0.44490001164376736,47.62290004873648
476,0015_0,anms_4d,513,287,0.5594541910331384,0.5321637426900585,0.9064327485380117,2.4689556831156025,1.7523226568326218,2.4689556831156025,8.505400037392974,40.690199995879084
477,0015_0,grid_round_robin,353,192,0.5439093484419264,0.5439093484419264,0.8923512747875354,0.8927832063141693,0.25452073465442826,0.8927832063141693,0.3586999955587089,28.597299999091774
477,0015_0,anms_4d,353,185,0.5240793201133145,0.5382436260623229,0.8810198300283286,0.8784380433427605,0.23060771373211011,0.8784380433427605,5.398600012995303,27.551600011065602
478,0015_0,grid_round_robin,386,174,0.45077720207253885,0.4481865284974093,0.8808290155440415,0.4498619260832939,0.9131252305037749,0.9131252305037749,0.4401000333018601,33.64999999757856
478,0015_0,anms_4d,386,176,0.45595854922279794,0.4430051813471503,0.8549222797927462,0.8132143782832543,0.29459788963808503,0.8132143782832543,6.041400018148124,33.25050004059449
479,0015_0,grid_round_robin,66,35,0.5303030303030303,0.4090909090909091,0.7878787878787878,3.5302763333369795,5.382636731651019,5.382636731651019,0.18879998242482543,14.143100008368492
479,0015_0,anms_4d,66,34,0.5151515151515151,0.4090909090909091,0.7878787878787878,3.4430944489434125,5.251433023613882,5.251433023613882,0.7705999887548387,16.081000037956983
480,0015_0,grid_round_robin,577,292,0.5060658578856152,0.48700173310225303,0.9133448873483535,0.38185320826922736,0.868962041340424,0.868962041340424,0.5255000432953238,56.0657000169158
480,0015_0,anms_4d,577,284,0.49220103986135183,0.4696707105719237,0.901213171577123,0.40426323037499645,1.0196025188137643,1.0196025188137643,10.182400001212955,54.08139998326078
481,0015_0,grid_round_robin,249,122,0.4899598393574297,0.42971887550200805,0.8755020080321285,1.80987679044151,2.2763192809198527,2.2763192809198527,0.36259996704757214,30.084400030318648
481,0015_0,anms_4d,249,118,0.4738955823293173,0.42570281124497994,0.8795180722891566,1.4339968083986974,1.8659171118054119,1.8659171118054119,3.507399989757687,29.76249996572733
482,0015_0,grid_round_robin,408,202,0.4950980392156863,0.48284313725490197,0.9044117647058824,0.72120536466559,1.050059515216866,1.050059515216866,0.4430999979376793,48.81879995809868
482,0015_0,anms_4d,408,198,0.4852941176470588,0.47549019607843135,0.8995098039215687,1.3364325669326376,2.540399360958074,2.540399360958074,18.46359996125102,39.000999997369945
483,0015_0,grid_round_robin,504,298,0.5912698412698413,0.625,0.9722222222222222,0.7593386449433209,2.2070051519699727,2.2070051519699727,0.60450000455603,28.808100032620132
483,0015_0,anms_4d,504,295,0.5853174603174603,0.6150793650793651,0.9662698412698413,0.4677485110364398,1.4159321937081706,1.4159321937081706,8.03770002676174,29.668500006664544
484,0015_0,grid_round_robin,275,145,0.5272727272727272,0.5890909090909091,0.9309090909090909,0.5684709895784826,1.2438371446458574,1.2438371446458574,0.32029999420046806,27.147000015247613
484,0015_0,anms_4d,275,145,0.5272727272727272,0.5890909090909091,0.9272727272727272,0.5649318870075073,1.2352589463955868,1.2352589463955868,3.5920999944210052,25.63769998960197
485,0015_0,grid_round_robin,312,162,0.5192307692307693,0.5288461538461539,0.8942307692307693,3.5579089351195763,0.6787695651294183,3.5579089351195763,0.3711000317707658,27.83920004731044
485,0015_0,anms_4d,312,166,0.532051282051282,0.5288461538461539,0.8878205128205128,2.379993941233294,0.7845129504884748,2.379993941233294,4.716099996585399,24.93240003241226
486,0015_0,grid_round_robin,644,372,0.577639751552795,0.5978260869565217,0.9456521739130435,0.391159608928045,0.9563554969893185,0.9563554969893185,0.4803999909199774,42.423700040671974
486,0015_0,anms_4d,644,366,0.5683229813664596,0.593167701863354,0.9425465838509317,0.4777994153820728,1.0336500299794982,1.0336500299794982,11.065200029406697,44.44059997331351
487,0015_0,grid_round_robin,911,614,0.6739846322722283,0.6421514818880352,0.9615806805708014,0.38620235667554387,0.34616139209865937,0.38620235667554387,0.7142999675124884,30.62770003452897
487,0015_0,anms_4d,911,603,0.6619099890230515,0.6267837541163557,0.9582875960482986,0.34519971027054985,0.28680694922938166,0.34519971027054985,17.93040003394708,30.817900027614087
488,0015_0,grid_round_robin,575,343,0.5965217391304348,0.5339130434782609,0.9443478260869566,0.9107878688502138,1.4980353309975765,1.4980353309975765,0.4820000031031668,37.28019999107346
488,0015_0,anms_4d,575,334,0.5808695652173913,0.528695652173913,0.9339130434782609,1.3388104204998992,2.210489411737002,2.210489411737002,9.566499968059361,30.613899987656623
489,0015_0,grid_round_robin,495,278,0.5616161616161616,0.5777777777777777,0.9414141414141414,0.658700321907488,1.528751568809897,1.528751568809897,0.48290000995621085,37.89959999267012
489,0015_0,anms_4d,495,275,0.5555555555555556,0.5535353535353535,0.9232323232323232,0.8716063246022565,1.747953646020964,1.747953646020964,8.283799979835749,32.852400036063045
490,0015_0,grid_round_robin,625,314,0.5024,0.512,0.9104,4.0079258805488305,12.819134843136647,12.819134843136647,0.6218000198714435,62.76959995739162
490,0015_0,anms_4d,625,342,0.5472,0.5024,0.9008,0.11111663386336366,0.24187407921848608,0.24187407921848608,11.180299974512309,43.98449999280274
491,0015_0,grid_round_robin,376,213,0.5664893617021277,0.5425531914893617,0.9361702127659575,1.9468209173007576,2.560732270898883,2.560732270898883,0.39679999463260174,24.778100021649152
491,0015_0,anms_4d,376,205,0.5452127659574468,0.526595744680851,0.925531914893617,1.8571063533998717,2.27779912175921,2.27779912175921,5.72640000609681,26.32509998511523
492,0015_0,grid_round_robin,281,150,0.5338078291814946,0.5587188612099644,0.9217081850533808,0.40339645996598245,1.8529693853040015,1.8529693853040015,0.3429999924264848,29.864999989513308
492,0015_0,anms_4d,281,144,0.5124555160142349,0.5373665480427047,0.9110320284697508,0.8033763477554446,3.801359174065448,3.801359174065448,4.181199998129159,31.259300012607127
493,0015_0,grid_round_robin,462,217,0.4696969696969697,0.461038961038961,0.935064935064935,5.475037646647408,9.9391833137511,9.9391833137511,0.4971000016666949,52.147399983368814
493,0015_0,anms_4d,462,212,0.4588744588744589,0.4588744588744589,0.9285714285714286,5.468709025664211,9.92679324169433,9.92679324169433,7.238299993332475,51.452500047162175
494,0015_0,grid_round_robin,510,302,0.592156862745098,0.5470588235294118,0.9431372549019608,0.32075542128160933,0.34303567494698955,0.34303567494698955,0.4588000010699034,27.03200001269579
494,0015_0,anms_4d,510,293,0.5745098039215686,0.5372549019607843,0.9392156862745098,0.6136606328212937,0.654669449876368,0.654669449876368,8.461300050839782,26.961499999742955
495,0015_0,grid_round_robin,186,95,0.510752688172043,0.5053763440860215,0.8763440860215054,1.2055451822994865,0.4714850433415387,1.2055451822994865,0.26240001898258924,24.700099951587617
495,0015_0,anms_4d,186,96,0.5161290322580645,0.5053763440860215,0.8494623655913979,3.105032632672934,1.0385912326362843,3.105032632672934,8.566999982576817,24.21530004357919
496,0015_0,grid_round_robin,369,207,0.5609756097560976,0.5447154471544715,0.9132791327913279,0.83899055742793,0.464006292423209,0.83899055742793,0.3700000233948231,24.608800013083965
496,0015_0,anms_4d,369,213,0.5772357723577236,0.5501355013550135,0.9051490514905149,0.40835413856991987,0.7309477968577444,0.7309477968577444,5.4641999886371195,21.679299999959767
497,0015_0,grid_round_robin,604,339,0.5612582781456954,0.5380794701986755,0.9089403973509934,0.05237638373190779,0.26885505145923727,0.26885505145923727,0.47660002019256353,38.99720002664253
497,0015_0,anms_4d,604,336,0.5562913907284768,0.5331125827814569,0.8990066225165563,0.050963398671643366,0.24074666434265432,0.24074666434265432,10.67059999331832,33.212199981790036
498,0015_0,grid_round_robin,404,230,0.5693069306930693,0.5371287128712872,0.9034653465346535,0.7277093220656307,1.1804357894289108,1.1804357894289108,0.4096999764442444,27.39220001967624
498,0015_0,anms_4d,404,234,0.5792079207920792,0.5396039603960396,0.900990099009901,0.6057823212819682,0.9928287432199586,0.9928287432199586,6.969599984586239,23.468300001695752
499,0015_0,grid_round_robin,251,144,0.5737051792828686,0.5219123505976095,0.8804780876494024,0.5019486529188406,0.898682874199962,0.898682874199962,0.3254999755881727,16.72859996324405
499,0015_0,anms_4d,251,139,0.5537848605577689,0.5099601593625498,0.8645418326693227,0.6277001913369528,1.006658867877522,1.006658867877522,3.565700026229024,18.58220004942268
500,0015_0,grid_round_robin,574,328,0.5714285714285714,0.5818815331010453,0.9616724738675958,0.8949683814328784,1.948033547036513,1.948033547036513,0.4694999661296606,28.559099999256432
500,0015_0,anms_4d,574,329,0.573170731707317,0.5836236933797909,0.9581881533101045,0.32939409070027975,0.7198883732624713,0.7198883732624713,10.080999985802919,30.32249998068437
501,0015_0,grid_round_robin,292,145,0.4965753424657534,0.4486301369863014,0.8767123287671232,4.643922770895215,8.656799209624703,8.656799209624703,0.35849999403581023,32.53580001182854
501,0015_0,anms_4d,292,146,0.5,0.4417808219178082,0.8732876712328768,3.5219647308488944,6.645639591888022,6.645639591888022,4.104299994651228,32.139700022526085
502,0015_0,grid_round_robin,336,153,0.45535714285714285,0.44345238095238093,0.8273809523809523,1.3401007965526777,1.1777295181682739,1.3401007965526777,0.3989000106230378,31.844800047110766
502,0015_0,anms_4d,336,152,0.4523809523809524,0.43154761904761907,0.8214285714285714,0.46824456206139997,0.7018590372910656,0.7018590372910656,5.1380000077188015,28.6305999616161
503,0015_0,grid_round_robin,433,204,0.47113163972286376,0.47344110854503463,0.9399538106235565,0.3573520037566509,0.7120357129402163,0.7120357129402163,0.37519994657486677,43.34289999678731
503,0015_0,anms_4d,433,209,0.48267898383371827,0.47344110854503463,0.930715935334873,0.20521588525878018,0.7740890708941546,0.7740890708941546,6.887099996674806,35.53419996751472
504,0015_0,grid_round_robin,762,442,0.5800524934383202,0.5748031496062992,0.9488188976377953,0.7378345439868833,0.33266074558317177,0.7378345439868833,0.6217000191099942,47.00640001101419
504,0015_0,anms_4d,762,439,0.5761154855643045,0.5643044619422573,0.937007874015748,0.5562030196948493,1.460228437268387,1.460228437268387,15.938600001391023,35.54329997859895
505,0015_0,grid_round_robin,272,129,0.4742647058823529,0.5147058823529411,0.9742647058823529,2.8869511090559308,3.2994322262696043,3.2994322262696043,0.3580999909900129,37.325199984479696
505,0015_0,anms_4d,272,135,0.4963235294117647,0.5183823529411765,0.9779411764705882,7.120840062317198,8.90836023120268,8.90836023120268,4.772899963427335,28.28540001064539
506,0015_0,grid_round_robin,328,152,0.4634146341463415,0.4481707317073171,0.8932926829268293,1.3667354556676086,8.457922411393206,8.457922411393206,0.3056999994441867,38.32670004339889
506,0015_0,anms_4d,328,147,0.4481707317073171,0.4451219512195122,0.8810975609756098,1.336276082897294,8.185479957487622,8.185479957487622,4.756300011649728,34.85280001768842
507,0015_0,grid_round_robin,449,282,0.6280623608017817,0.5723830734966593,0.9398663697104677,0.22891163211454296,0.20299572304600463,0.22891163211454296,0.4330999800004065,21.326699992641807
507,0015_0,anms_4d,449,278,0.6191536748329621,0.5679287305122495,0.9309576837416481,0.11661802739894538,0.22042172536796048,0.22042172536796048,7.022899982985109,23.53199996287003
508,0015_0,grid_round_robin,559,258,0.46153846153846156,0.45796064400715564,0.8640429338103757,1.365363175513328,13.416866800814645,13.416866800814645,0.6173000438138843,58.40590002480894
508,0015_0,anms_4d,559,258,0.46153846153846156,0.45796064400715564,0.851520572450805,1.3932788248799635,13.677105360876816,13.677105360876816,9.587800013832748,64.77140000788495
509,0015_0,grid_round_robin,612,318,0.5196078431372549,0.5228758169934641,0.9183006535947712,0.52496899449978,0.47210877277462326,0.52496899449978,0.4901000065729022,46.354399994015694
509,0015_0,anms_4d,612,312,0.5098039215686274,0.5212418300653595,0.9166666666666666,0.3231715619263896,0.19334653517492228,0.3231715619263896,10.701899998821318,46.64100002264604
510,0015_0,grid_round_robin,427,288,0.6744730679156908,0.6487119437939111,0.9531615925058547,0.20791008752664197,0.45824680346277485,0.45824680346277485,0.47939998330548406,20.764300017617643
510,0015_0,anms_4d,427,285,0.667447306791569,0.6346604215456675,0.9508196721311475,0.20995673354114772,0.46155259315046854,0.46155259315046854,6.770399981178343,22.307600011117756
511,0015_0,grid_round_robin,591,316,0.5346869712351946,0.4754653130287648,0.9001692047377327,2.354734661795487,11.3596232179746,11.3596232179746,0.5281000048853457,50.29860005015507
511,0015_0,anms_4d,591,287,0.4856175972927242,0.44839255499153974,0.8747884940778342,3.8796452135554063,20.66218911242262,20.66218911242262,10.282100003678352,53.2965999445878
512,0015_0,grid_round_robin,755,479,0.6344370860927152,0.45827814569536424,0.9152317880794701,0.775773798371103,1.3564950775783067,1.3564950775783067,0.707699975464493,44.01710000820458
512,0015_0,anms_4d,755,476,0.6304635761589404,0.4556291390728477,0.909933774834437,0.8075926347971903,1.5649417933750593,1.5649417933750593,14.323200040962547,28.683100012131035
513,0015_0,grid_round_robin,517,329,0.6363636363636364,0.5764023210831721,0.9497098646034816,0.776916165184519,1.803837949742756,1.803837949742756,0.48399996012449265,25.57080000406131
513,0015_0,anms_4d,517,321,0.620889748549323,0.5531914893617021,0.9381044487427466,0.7699173393975655,1.8074281670995276,1.8074281670995276,9.505199966952205,22.67470001243055
514,0015_0,grid_round_robin,328,179,0.5457317073170732,0.5060975609756098,0.9207317073170732,0.8394144292385298,0.3247425156725208,0.8394144292385298,0.36340003134682775,24.192399985622615
514,0015_0,anms_4d,328,170,0.5182926829268293,0.4969512195121951,0.9146341463414634,1.6881082696608658,1.6697516893782467,1.6881082696608658,4.739299998618662,31.339599983766675
515,0015_0,grid_round_robin,357,204,0.5714285714285714,0.5518207282913166,0.9131652661064426,0.4983803106568909,1.9176255081799776,1.9176255081799776,0.3638999769464135,21.799799986183643
515,0015_0,anms_4d,357,194,0.5434173669467787,0.5434173669467787,0.8935574229691877,0.47025005394558606,1.4912691433137832,1.4912691433137832,6.049100018572062,23.7529999576509
516,0015_0,grid_round_robin,484,304,0.628099173553719,0.6198347107438017,0.9235537190082644,0.5082424400218535,0.42958461380636226,0.5082424400218535,0.43100002221763134,17.708699975628406
516,0015_0,anms_4d,484,292,0.6033057851239669,0.5909090909090909,0.9008264462809917,0.4744498690559242,0.28237832784357214,0.4744498690559242,7.596499985083938,21.765800018329173
517,0015_0,grid_round_robin,699,467,0.6680972818311874,0.6566523605150214,0.9699570815450643,0.5746318038107361,1.3250287694686202,1.3250287694686202,0.5675999564118683,29.12550000473857
517,0015_0,anms_4d,699,456,0.6523605150214592,0.6380543633762518,0.9570815450643777,0.580916957002672,1.3526141551879218,1.3526141551879218,13.274300028569996,20.827899978030473
518,0015_0,grid_round_robin,105,45,0.42857142857142855,0.4666666666666667,0.8857142857142857,1.6218289672052781,1.0210580984449946,1.6218289672052781,0.20340003538876772,17.377100011799484
518,0015_0,anms_4d,105,45,0.42857142857142855,0.45714285714285713,0.8761904761904762,1.8217521254589368,1.1581107092526393,1.8217521254589368,1.4668999938294291,18.523500009905547
519,0015_0,grid_round_robin,352,174,0.4943181818181818,0.4005681818181818,0.8494318181818182,0.9703574092566941,0.6892224135298413,0.9703574092566941,0.4465999663807452,34.76690000388771
519,0015_0,anms_4d,352,167,0.4744318181818182,0.38920454545454547,0.8323863636363636,1.5611783628924853,0.9934566718621415,1.5611783628924853,5.189299990888685,37.72289998596534
520,0015_0,grid_round_robin,701,379,0.5406562054208274,0.4921540656205421,0.905848787446505,1.828433975826354,3.033104895223178,3.033104895223178,0.576700025703758,51.01120000472292
520,0015_0,anms_4d,701,378,0.5392296718972895,0.48216833095577744,0.9044222539229672,1.1224067360950452,1.9086373243971322,1.9086373243971322,13.226100010797381,55.494199972599745
521,0015_0,grid_round_robin,524,283,0.5400763358778626,0.517175572519084,0.9484732824427481,0.19427223149986292,1.4410704613854592,1.4410704613854592,0.5097999819554389,49.472999991849065
521,0015_0,anms_4d,524,270,0.5152671755725191,0.5095419847328244,0.9370229007633588,0.15391012110787267,0.5855215534283292,0.5855215534283292,10.811999964062124,43.539400037843734
522,0015_0,grid_round_robin,627,286,0.45614035087719296,0.4513556618819777,0.8995215311004785,0.6095666589264329,0.8033316471427395,0.8033316471427395,0.4922000225633383,42.90609998861328
522,0015_0,anms_4d,627,287,0.45773524720893144,0.4433811802232855,0.886762360446571,0.4689224521564126,0.5696313337315319,0.5696313337315319,12.788699998054653,57.96459998236969
523,0015_0,grid_round_robin,212,94,0.44339622641509435,0.4481132075471698,0.8726415094339622,2.111215055034007,0.34018800265480786,2.111215055034007,0.7711000507697463,25.96790000097826
523,0015_0,anms_4d,212,94,0.44339622641509435,0.4481132075471698,0.8773584905660378,1.5154347175403833,0.3200969598387394,1.5154347175403833,2.8442000038921833,23.01990002160892
524,0015_0,grid_round_robin,204,100,0.49019607843137253,0.4411764705882353,0.9019607843137255,1.6782032417528452,3.1906166302054966,3.1906166302054966,0.5073000211268663,23.238299996592104
524,0015_0,anms_4d,204,97,0.47549019607843135,0.4362745098039216,0.9019607843137255,0.6732368391180743,0.55110688708443,0.6732368391180743,2.760400006081909,24.406999989878386
525,0015_0,grid_round_robin,677,356,0.5258493353028065,0.49926144756277696,0.9039881831610044,0.44788471173299516,1.8777655383466927,1.8777655383466927,0.5676000146195292,67.25139997433871
525,0015_0,anms_4d,677,349,0.5155096011816839,0.49039881831610044,0.8847858197932054,0.19129324961594052,0.8374976901874861,0.8374976901874861,22.999399981927127,75.53620001999661
526,0015_0,grid_round_robin,472,279,0.5911016949152542,0.5783898305084746,0.923728813559322,0.06398049277935784,0.20635931371842064,0.20635931371842064,0.4418000462464988,24.73710000049323
526,0015_0,anms_4d,472,269,0.5699152542372882,0.5614406779661016,0.9152542372881356,0.04646979015152702,0.107535215699008,0.107535215699008,8.168799977283925,31.62319998955354
527,0015_0,grid_round_robin,485,332,0.6845360824742268,0.5505154639175258,0.8865979381443299,0.5489213835287856,0.2602524259799261,0.5489213835287856,0.5009000306017697,13.887799985241145
527,0015_0,anms_4d,485,321,0.6618556701030928,0.5278350515463918,0.8701030927835052,0.6510896475789087,0.30202341066547267,0.6510896475789087,9.523099986836314,20.042799995280802
528,0015_0,grid_round_robin,451,246,0.5454545454545454,0.5543237250554324,0.9401330376940134,1.0283434802433216,4.519672366922293,4.519672366922293,0.4243000294081867,38.6032999958843
528,0015_0,anms_4d,451,233,0.516629711751663,0.5365853658536586,0.9379157427937915,1.834744443090494,8.589384121548605,8.589384121548605,7.253299991134554,46.25439998926595
529,0015_0,grid_round_robin,345,152,0.4405797101449275,0.4666666666666667,0.9101449275362319,0.7761697791877258,1.7139868331523698,1.7139868331523698,0.6128000095486641,28.538999962620437
529,0015_0,anms_4d,345,151,0.43768115942028984,0.45217391304347826,0.9014492753623189,0.8165961140982811,1.845280586997915,1.845280586997915,5.079299968201667,32.982799981255084
530,0015_0,grid_round_robin,331,197,0.595166163141994,0.6102719033232629,0.9365558912386707,1.3501712314143368,1.5924485822381238,1.5924485822381238,0.4219000111334026,18.56459997361526
530,0015_0,anms_4d,331,190,0.5740181268882175,0.5921450151057401,0.9305135951661632,0.4003100244462883,0.83303204941824,0.83303204941824,5.020100041292608,22.133899969048798
531,0015_0,grid_round_robin,518,295,0.5694980694980695,0.5888030888030888,0.9498069498069498,0.37280747349621,2.125200616818298,2.125200616818298,0.43029995867982507,48.3208000077866
531,0015_0,anms_4d,518,291,0.5617760617760618,0.5772200772200772,0.944015444015444,0.4210422369212654,2.4112234624267206,2.4112234624267206,9.4999999855645,42.83290001330897
532,0015_0,grid_round_robin,636,387,0.6084905660377359,0.5628930817610063,0.9229559748427673,0.8036171785501409,2.0483720138065,2.0483720138065,0.5902000120840967,31.766000029165298
532,0015_0,anms_4d,636,377,0.5927672955974843,0.5566037735849056,0.9229559748427673,0.3539756234163242,2.212366843671571,2.212366843671571,11.681400006636977,30.546699999831617
533,0015_0,grid_round_robin,402,253,0.6293532338308457,0.6119402985074627,0.9328358208955224,1.4545731569811522,1.6681084516683784,1.6681084516683784,0.36970002111047506,21.385999978519976
533,0015_0,anms_4d,402,251,0.6243781094527363,0.6119402985074627,0.9253731343283582,1.4603957435542867,1.6651304408253234,1.6651304408253234,7.083900040015578,18.609600025229156
534,0015_0,grid_round_robin,177,109,0.615819209039548,0.5649717514124294,0.903954802259887,2.8508302041821914,4.3001296099301625,4.3001296099301625,0.32110000029206276,11.408100021071732
534,0015_0,anms_4d,177,102,0.576271186440678,0.559322033898305,0.8926553672316384,6.121452489791426,10.181727116318031,10.181727116318031,2.357299963477999,13.182500028051436
535,0015_0,grid_round_robin,514,314,0.6108949416342413,0.5214007782101168,0.9260700389105059,0.7240118096687418,1.1648386517648632,1.1648386517648632,0.48129999777302146,32.69010002259165
535,0015_0,anms_4d,514,309,0.6011673151750972,0.5175097276264592,0.9163424124513618,0.5380743723048419,0.8570428663183495,0.8570428663183495,8.351000025868416,31.47960000205785
536,0015_0,grid_round_robin,701,404,0.5763195435092725,0.5092724679029957,0.9315263908701854,0.5653107758847489,3.087338821485777,3.087338821485777,0.5743000074289739,43.788000009953976
536,0015_0,anms_4d,701,389,0.5549215406562055,0.4992867332382311,0.9229671897289586,0.7515917882383848,3.286145221016968,3.286145221016968,13.966600003186613,42.07570001017302
537,0015_0,grid_round_robin,582,388,0.6666666666666666,0.6323024054982818,0.936426116838488,0.12930505000628623,0.37735953740833195,0.37735953740833195,0.4825000069104135,26.5032000024803
537,0015_0,anms_4d,582,366,0.6288659793814433,0.6099656357388317,0.9123711340206185,0.14247601574184507,0.4321868085129622,0.4321868085129622,10.123300016857684,25.844100047834218
538,0015_0,grid_round_robin,352,207,0.5880681818181818,0.5596590909090909,0.9375,1.542928154146009,2.707391778563929,2.707391778563929,0.49730000318959355,20.786300010513514
538,0015_0,anms_4d,352,195,0.5539772727272727,0.5426136363636364,0.9204545454545454,2.1586104054959208,3.726033305634468,3.726033305634468,5.098499997984618,26.184799964539707
539,0015_0,grid_round_robin,319,129,0.4043887147335423,0.49843260188087773,0.9373040752351097,0.30557183842016405,7.696072171952683,7.696072171952683,0.30690000858157873,31.249399995431304
539,0015_0,anms_4d,319,138,0.43260188087774293,0.49843260188087773,0.9278996865203761,0.13899295307836387,11.615167537409633,11.615167537409633,5.2069000084884465,33.23380002984777
540,0015_0,grid_round_robin,848,561,0.6615566037735849,0.597877358490566,0.9481132075471698,0.2770351024119865,0.5309579208278461,0.5309579208278461,0.6357000092975795,32.94589999131858
540,0015_0,anms_4d,848,546,0.6438679245283019,0.5872641509433962,0.9386792452830188,0.3136232591766012,0.6406705508509681,0.6406705508509681,16.19080000091344,37.89360000519082
541,0015_0,grid_round_robin,346,217,0.6271676300578035,0.6098265895953757,0.9479768786127167,1.8170874691073162,4.544939644278483,4.544939644278483,0.3645999822765589,17.619499994907528
541,0015_0,anms_4d,346,213,0.615606936416185,0.5953757225433526,0.9393063583815029,1.5598802058342451,3.8758825452212475,3.8758825452212475,5.038100003730506,19.64320003753528
542,0015_0,grid_round_robin,133,60,0.45112781954887216,0.42105263157894735,0.7894736842105263,50.01350059192743,1.3639378341008808,50.01350059192743,0.2508999896235764,20.40300000226125
542,0015_0,anms_4d,133,64,0.48120300751879697,0.41353383458646614,0.7669172932330827,6.4377889432747,3.0036991672160087,6.4377889432747,1.5780999674461782,18.935700005386025
543,0015_0,grid_round_robin,283,147,0.519434628975265,0.4876325088339223,0.8904593639575972,0.49654187440903164,1.2637256726045873,1.2637256726045873,0.35879999632015824,35.06069997092709
543,0015_0,anms_4d,283,145,0.5123674911660777,0.49469964664310956,0.8798586572438163,0.5629899060589685,1.5317043928372198,1.5317043928372198,3.986200026702136,35.049400001298636
544,0015_0,grid_round_robin,205,87,0.424390243902439,0.43414634146341463,0.8634146341463415,3.4169674197320052,5.686551646044101,5.686551646044101,0.32320001628249884,24.45549995172769
544,0015_0,anms_4d,205,82,0.4,0.4195121951219512,0.8439024390243902,1.715892510450046,2.9482760190467734,2.9482760190467734,2.7624000213108957,27.829400030896068
545,0015_0,grid_round_robin,481,320,0.6652806652806653,0.6278586278586279,0.9397089397089398,0.0659733118160625,0.130125119859792,0.130125119859792,0.47400000039488077,19.45670001441613
545,0015_0,anms_4d,481,313,0.6507276507276507,0.6112266112266113,0.9334719334719335,0.12525742717222396,0.269003619591787,0.269003619591787,7.7597000054083765,16.918900015298277
546,0015_0,grid_round_robin,832,471,0.5661057692307693,0.46875,0.8894230769230769,4.472017676146166,3.710321101223601,4.472017676146166,0.6267999997362494,46.62430001189932
546,0015_0,anms_4d,832,461,0.5540865384615384,0.453125,0.8846153846153846,4.3533392515849645,3.5985014925146612,4.3533392515849645,16.282299999147654,60.01200003083795
547,0015_0,grid_round_robin,952,617,0.648109243697479,0.6428571428571429,0.9495798319327731,0.6808526924056361,2.1875629462410116,2.1875629462410116,0.6856999825686216,44.41989999031648
547,0015_0,anms_4d,952,611,0.6418067226890757,0.6334033613445378,0.9390756302521008,0.3744014094842197,1.1880711276655551,1.1880711276655551,19.812699989415705,42.16640000231564
548,0015_0,grid_round_robin,285,176,0.6175438596491228,0.5894736842105263,0.9859649122807017,2.7258190862440945,3.245186182630285,3.245186182630285,0.3185000387020409,18.45769997453317
548,0015_0,anms_4d,285,170,0.5964912280701754,0.5754385964912281,0.9824561403508771,2.4926757680397706,3.0229829720948396,3.0229829720948396,4.007600015029311,18.49500002572313
549,0015_0,grid_round_robin,390,177,0.45384615384615384,0.4282051282051282,0.8846153846153846,1.5061454170796515,2.385913365343128,2.385913365343128,0.437400012742728,38.329700008034706
549,0015_0,anms_4d,390,185,0.47435897435897434,0.4205128205128205,0.8846153846153846,4.4812089728867734,6.9205074516824014,6.9205074516824014,6.243999989237636,41.60589998355135
550,0015_0,grid_round_robin,433,210,0.48498845265588914,0.48498845265588914,0.8637413394919169,1.150004847971548,2.445520767696812,2.445520767696812,0.4684000159613788,41.75560001749545
550,0015_0,anms_4d,433,216,0.49884526558891457,0.47575057736720555,0.8614318706697459,1.7348928705638824,3.614457166338415,3.614457166338415,7.097399968188256,38.805400021374226
551,0015_0,grid_round_robin,417,211,0.5059952038369304,0.4292565947242206,0.8513189448441247,4.213732651994378,5.803869175569221,5.803869175569221,0.4319000290706754,47.363099991343915
551,0015_0,anms_4d,417,210,0.5035971223021583,0.4292565947242206,0.8369304556354916,2.1243470774845186,2.8769333703057796,2.8769333703057796,6.3325000228360295,52.55679995752871
552,0015_0,grid_round_robin,784,410,0.5229591836734694,0.5255102040816326,0.9030612244897959,0.05288433279617566,0.2403953879642829,0.2403953879642829,0.7893999572843313,60.312299989163876
552,0015_0,anms_4d,784,380,0.4846938775510204,0.5102040816326531,0.8928571428571429,0.1900559363004388,0.9911864537894307,0.9911864537894307,21.74830000149086,76.71729999128729
553,0015_0,grid_round_robin,725,411,0.5668965517241379,0.5172413793103449,0.903448275862069,0.5154173337028886,0.8190187681454162,0.8190187681454162,0.5866000428795815,51.98459996609017
553,0015_0,anms_4d,725,397,0.5475862068965517,0.4993103448275862,0.8924137931034483,0.5162748232155732,0.7877422145132392,0.7877422145132392,13.58050003182143,51.2309999903664
554,0015_0,grid_round_robin,788,450,0.5710659898477157,0.5888324873096447,0.9454314720812182,0.19436593742583252,0.8027225188612068,0.8027225188612068,0.5815000040456653,53.215700027067214
554,0015_0,anms_4d,788,456,0.5786802030456852,0.5736040609137056,0.932741116751269,0.042176941275721386,0.1048477721651964,0.1048477721651964,14.901100017596036,46.211799955926836
555,0015_0,grid_round_robin,601,341,0.56738768718802,0.5291181364392679,0.9467554076539102,0.9927441517821045,1.2251592791892618,1.2251592791892618,0.5166999762877822,38.63249998539686
555,0015_0,anms_4d,601,330,0.5490848585690515,0.5224625623960066,0.9417637271214643,0.9357562259262278,1.311277424549737,1.311277424549737,13.074300019070506,46.4151999913156
556,0015_0,grid_round_robin,246,117,0.47560975609756095,0.47560975609756095,0.8252032520325203,3.9454987373932844,1.473079545940864,3.9454987373932844,0.3305000136606395,35.9294000081718
556,0015_0,anms_4d,246,119,0.483739837398374,0.4715447154471545,0.8089430894308943,1.7723904165370261,0.46919453122290894,1.7723904165370261,3.8874000310897827,25.82280000206083
557,0015_0,grid_round_robin,309,184,0.5954692556634305,0.5857605177993528,0.9352750809061489,0.05840811399589395,0.2438176772588516,0.2438176772588516,0.36479998379945755,16.87390002189204
557,0015_0,anms_4d,309,180,0.5825242718446602,0.5825242718446602,0.9255663430420712,0.22952027109016673,0.38355490088716954,0.38355490088716954,4.427300009410828,18.17619998473674
558,0015_0,grid_round_robin,894,648,0.7248322147651006,0.6666666666666666,0.9686800894854586,0.5908381956443491,0.6301933144190393,0.6301933144190393,0.6640999927185476,27.74729998782277
558,0015_0,anms_4d,894,622,0.6957494407158836,0.6465324384787472,0.9507829977628636,0.3937958135943506,0.41618783577429225,0.41618783577429225,19.83870001276955,38.38360001100227
559,0015_0,grid_round_robin,637,410,0.6436420722135008,0.6169544740973313,0.9529042386185244,1.1936043943049017,15.942339409664129,15.942339409664129,0.6831000209785998,31.98770002927631
559,0015_0,anms_4d,637,409,0.6420722135007849,0.6028257456828885,0.945054945054945,0.4327856796551019,4.233397310019485,4.233397310019485,11.494699981994927,36.06850001960993
560,0015_0,grid_round_robin,85,40,0.47058823529411764,0.4117647058823529,0.8,26.91772578335241,50.01699572595979,50.01699572595979,0.20810001296922565,19.13919998332858
560,0015_0,anms_4d,85,37,0.43529411764705883,0.4,0.8117647058823529,24.432482468996906,49.47125098543535,49.47125098543535,1.0411000112071633,19.334700016770512
561,0015_0,grid_round_robin,643,419,0.6516329704510109,0.5925349922239502,0.9502332814930016,1.0204484678125718,2.4159635590364568,2.4159635590364568,0.5216999561525881,23.518400033935905
561,0015_0,anms_4d,643,419,0.6516329704510109,0.5863141524105754,0.937791601866252,0.4592946800745114,1.0618233072524483,1.0618233072524483,11.038800003007054,26.236600009724498
562,0015_0,grid_round_robin,487,305,0.6262833675564682,0.6098562628336756,0.9609856262833676,0.7791465867121736,9.379178495747569,9.379178495747569,0.39930001366883516,35.94329999759793
562,0015_0,anms_4d,487,306,0.6283367556468172,0.6078028747433265,0.9609856262833676,0.7127185898374374,8.602273454124429,8.602273454124429,7.776600017677993,28.16400001756847
563,0015_0,grid_round_robin,787,541,0.6874205844980941,0.6429479034307497,0.9695044472681067,2.0299507207041096,2.7321995366619225,2.7321995366619225,0.590300012845546,41.269499983172864
563,0015_0,anms_4d,787,527,0.6696315120711563,0.6200762388818297,0.9644218551461246,2.0351659621150193,2.741235141703778,2.741235141703778,14.8854999570176,29.51820002635941
564,0015_0,grid_round_robin,558,275,0.492831541218638,0.492831541218638,0.8924731182795699,1.8526558883248838,2.1685741859996637,2.1685741859996637,0.4597000079229474,42.43490000953898
564,0015_0,anms_4d,558,280,0.5017921146953405,0.48566308243727596,0.8781362007168458,0.5570758077474744,0.6212547343320155,0.6212547343320155,9.304200008045882,39.94270000839606
565,0015_0,grid_round_robin,923,617,0.6684723726977249,0.5839653304442037,0.9306608884073673,1.7829889758170108,3.9094237807380785,3.9094237807380785,0.7075000321492553,48.60809998353943
565,0015_0,anms_4d,923,612,0.6630552546045504,0.5687973997833152,0.9219934994582882,1.849007680109735,4.052606181723782,4.052606181723782,19.505800039041787,36.68469999684021
566,0015_0,grid_round_robin,256,159,0.62109375,0.58984375,0.9375,1.7263389185707363,2.940448760473304,2.940448760473304,0.2703999634832144,18.539800017606467
566,0015_0,anms_4d,256,154,0.6015625,0.58984375,0.92578125,1.5710793831941319,2.7329461352897777,2.7329461352897777,3.7155000027269125,19.371000002138317
567,0015_0,grid_round_robin,470,231,0.49148936170212765,0.48936170212765956,0.9425531914893617,2.303925269608991,7.941206079248715,7.941206079248715,0.9735999628901482,52.8072000015527
567,0015_0,anms_4d,470,237,0.5042553191489362,0.4829787234042553,0.9276595744680851,0.6829800466843011,2.3341304753015013,2.3341304753015013,7.611399982124567,46.80279997410253
568,0015_0,grid_round_robin,422,203,0.48104265402843605,0.45734597156398105,0.8886255924170616,0.37373345307637795,1.209718912038914,1.209718912038914,0.388299988117069,36.04420000920072
568,0015_0,anms_4d,422,198,0.46919431279620855,0.45023696682464454,0.8649289099526066,0.4561821588186031,1.0398363114730285,1.0398363114730285,6.350899988319725,34.56280002137646
569,0015_0,grid_round_robin,1030,699,0.6786407766990291,0.6737864077669903,0.9786407766990292,0.03438351125698498,0.26110930751544315,0.26110930751544315,0.7013999857008457,40.10659997584298
569,0015_0,anms_4d,1030,685,0.6650485436893204,0.6592233009708738,0.9728155339805825,0.03804739549305718,0.46883914610105015,0.46883914610105015,22.1218999940902,46.00929998559877
570,0015_0,grid_round_robin,617,422,0.6839546191247974,0.646677471636953,0.9675850891410048,0.3891241761630933,1.6198597569007016,1.6198597569007016,0.539399974513799,18.442599975969642
570,0015_0,anms_4d,617,410,0.6645056726094003,0.6304700162074555,0.9578606158833063,0.1696416475445411,0.5125482561799661,0.5125482561799661,11.522100016009063,25.35630000056699
571,0015_0,grid_round_robin,249,131,0.5261044176706827,0.5220883534136547,0.8835341365461847,1.3062927696828932,1.3629545128815626,1.3629545128815626,0.311699986923486,21.612799959257245
571,0015_0,anms_4d,249,132,0.5301204819277109,0.5341365461847389,0.8835341365461847,1.1088719885967522,1.3291774183045135,1.3291774183045135,3.5197000252082944,21.403899998404086
572,0015_0,grid_round_robin,670,428,0.6388059701492538,0.6283582089552239,0.9492537313432836,0.14033114240376868,0.9932153707304718,0.9932153707304718,0.5747000104747713,37.58649999508634
572,0015_0,anms_4d,670,424,0.6328358208955224,0.6134328358208955,0.9447761194029851,0.17226152225155653,1.7022531406012265,1.7022531406012265,12.188299966510385,34.87410000525415
573,0015_0,grid_round_robin,257,114,0.44357976653696496,0.36964980544747084,0.7821011673151751,7.2432557431845686,9.518278884864683,9.518278884864683,0.3425999893806875,33.07270002551377
573,0015_0,anms_4d,257,112,0.4357976653696498,0.36964980544747084,0.7704280155642024,7.591992502058768,9.966447251172116,9.966447251172116,3.5542999976314604,28.44520000508055
574,0015_0,grid_round_robin,945,505,0.5343915343915344,0.4666666666666667,0.9417989417989417,1.6142438529397631,7.324140062416376,7.324140062416376,0.646200031042099,90.75039997696877
574,0015_0,anms_4d,945,500,0.5291005291005291,0.4582010582010582,0.9301587301587302,1.435199079114248,6.2609680133783066,6.2609680133783066,20.34819999244064,77.94559997273609
575,0015_0,grid_round_robin,370,199,0.5378378378378378,0.5324324324324324,0.9540540540540541,0.07072141817238518,0.8642242892019285,0.8642242892019285,0.3407999756745994,33.98850001394749
575,0015_0,anms_4d,370,191,0.5162162162162162,0.5243243243243243,0.9378378378378378,0.43941729517734107,1.1999301445957167,1.1999301445957167,5.586200044490397,45.81390001112595
576,0015_0,grid_round_robin,842,566,0.672209026128266,0.671021377672209,0.9762470308788599,0.11681901952717785,0.4935173326244694,0.4935173326244694,0.6428000051528215,29.537800000980496
576,0015_0,anms_4d,842,557,0.661520190023753,0.663895486935867,0.9679334916864608,0.1063245377319734,0.4375195136026468,0.4375195136026468,16.503199993167073,33.60019996762276
577,0015_0,grid_round_robin,456,217,0.4758771929824561,0.4342105263157895,0.8925438596491229,0.42731881306128483,1.1603539978096138,1.1603539978096138,0.4322000313550234,39.96140003437176
577,0015_0,anms_4d,456,207,0.45394736842105265,0.43201754385964913,0.881578947368421,0.884498943347345,1.3418016194867923,1.3418016194867923,7.432000013068318,36.350400012452155
578,0015_0,grid_round_robin,446,273,0.6121076233183856,0.6121076233183856,0.9372197309417041,0.301587259897727,0.06712742796066457,0.301587259897727,0.4498999915085733,25.07739997236058
578,0015_0,anms_4d,446,262,0.5874439461883408,0.5896860986547086,0.92152466367713,0.2901905519426857,0.06360380335376237,0.2901905519426857,12.399200000800192,22.897700022440404
579,0015_0,grid_round_robin,398,183,0.45979899497487436,0.4824120603015075,0.949748743718593,0.2179928413378516,74.24691973773841,74.24691973773841,0.5703000351786613,41.95000004256144
579,0015_0,anms_4d,398,179,0.44974874371859297,0.47738693467336685,0.9447236180904522,1.4199931909119592,25.203312929908947,25.203312929908947,6.314900005236268,46.99379997327924
580,0015_0,grid_round_robin,259,133,0.5135135135135135,0.5212355212355212,0.861003861003861,2.402163013520652,3.4962397416248203,3.4962397416248203,0.298700004350394,27.424899977631867
580,0015_0,anms_4d,259,124,0.47876447876447875,0.5057915057915058,0.861003861003861,3.0229462733496115,4.876344873425469,4.876344873425469,3.6709000123664737,26.876899995841086
581,0015_0,grid_round_robin,417,191,0.4580335731414868,0.434052757793765,0.8705035971223022,2.414351901912369,4.03767439388986,4.03767439388986,0.42230001417919993,48.18019998492673
581,0015_0,anms_4d,417,195,0.4676258992805755,0.4412470023980815,0.8633093525179856,2.3542125099564424,3.9723922479789735,3.9723922479789735,6.382599996868521,42.39139996934682
582,0015_0,grid_round_robin,789,508,0.6438529784537389,0.6185044359949303,0.9366286438529785,0.4939912368981528,14.757882056706132,14.757882056706132,0.6545999785885215,29.671600030269474
582,0015_0,anms_4d,789,501,0.6349809885931559,0.6083650190114068,0.9378960709759189,0.510149560459943,15.22231865725472,15.22231865725472,15.614799980539829,49.39930001273751
583,0015_0,grid_round_robin,988,555,0.5617408906882592,0.5536437246963563,0.9331983805668016,0.726762917805427,4.650562502685202,4.650562502685202,0.7660000119358301,86.30500000435859
583,0015_0,anms_4d,988,538,0.5445344129554656,0.5445344129554656,0.9281376518218624,0.5835740515843965,3.7305882933823664,3.7305882933823664,20.18509997287765,83.35079997777939
584,0015_0,grid_round_robin,401,236,0.5885286783042394,0.5610972568578554,0.9326683291770573,0.31904894882837426,0.17507018319066903,0.31904894882837426,0.4031999851576984,21.820500027388334
584,0015_0,anms_4d,401,239,0.5960099750623441,0.5511221945137157,0.9201995012468828,0.3501465212309739,1.1737854270464747,1.1737854270464747,5.992499995045364,23.1766999932006
585,0015_0,grid_round_robin,941,526,0.5589798087141339,0.5132837407013815,0.900106269925611,0.4611371587829616,0.6214672509842346,0.6214672509842346,0.6198000046424568,69.19110001763329
585,0015_0,anms_4d,941,514,0.5462274176408076,0.4973432518597237,0.8873538788522848,0.06243943633243215,0.08750321845167998,0.08750321845167998,19.30240000365302,68.15720000304282
586,0015_0,grid_round_robin,479,254,0.5302713987473904,0.534446764091858,0.9144050104384134,2.3671612808809197,3.6361927432697363,3.6361927432697363,0.4097999772056937,43.01710001891479
586,0015_0,anms_4d,479,260,0.5427974947807933,0.5323590814196242,0.9144050104384134,0.7584264901158483,1.0914667079564702,1.0914667079564702,7.675100001506507,36.499999987427145
587,0015_0,grid_round_robin,589,308,0.5229202037351444,0.499151103565365,0.8913412563667232,0.5613905929561293,0.2986601588525361,0.5613905929561293,0.507800024934113,41.50539997499436
587,0015_0,anms_4d,589,299,0.5076400679117148,0.49575551782682514,0.8845500848896435,8.264330742082565,6.774383073658893,8.264330742082565,9.87329997587949,47.73829999612644
588,0015_0,grid_round_robin,367,220,0.5994550408719346,0.553133514986376,0.9264305177111717,1.38594729336196,1.1020384625670585,1.38594729336196,0.40499999886378646,22.127500036731362
588,0015_0,anms_4d,367,209,0.5694822888283378,0.5422343324250681,0.9209809264305178,1.436257687847235,1.1030444298288846,1.436257687847235,5.391799961216748,24.937400012277067
589,0015_0,grid_round_robin,238,145,0.6092436974789915,0.5840336134453782,0.9537815126050421,3.684337216164116,14.255822504031231,14.255822504031231,0.28219999512657523,16.835100017488003
589,0015_0,anms_4d,238,141,0.592436974789916,0.5714285714285714,0.9495798319327731,3.6696603340889125,14.217242465133364,14.217242465133364,3.44770000083372,17.110399960074574
590,0015_0,grid_round_robin,750,509,0.6786666666666666,0.6466666666666666,0.9746666666666667,0.09500350076215883,1.307137597199471,1.307137597199471,0.5525000160560012,34.84640002716333
590,0015_0,anms_4d,750,498,0.664,0.6333333333333333,0.9706666666666667,0.09492725912717456,1.3316951560570462,1.3316951560570462,14.060000015888363,33.47269998630509
591,0015_0,grid_round_robin,568,279,0.49119718309859156,0.4876760563380282,0.8926056338028169,0.26530975143451496,0.26240893755662426,0.26530975143451496,0.5310999695211649,45.394200016744435
591,0015_0,anms_4d,568,282,0.4964788732394366,0.4894366197183099,0.8926056338028169,0.09786912562339052,0.4999257745573611,0.4999257745573611,9.662500000558794,45.16370000783354
592,0015_0,grid_round_robin,451,244,0.541019955654102,0.5432372505543237,0.9512195121951219,0.9367980980361599,4.421288221749846,4.421288221749846,0.37859997246414423,44.94310001609847
592,0015_0,anms_4d,451,232,0.5144124168514412,0.5365853658536586,0.9512195121951219,0.04684092648054337,0.2590732761887025,0.2590732761887025,6.958000012673438,41.83189995819703
593,0015_0,grid_round_robin,832,526,0.6322115384615384,0.6009615384615384,0.9543269230769231,0.5232227461119656,5.188966199786073,5.188966199786073,0.602399988565594,50.84390001138672
593,0015_0,anms_4d,832,505,0.6069711538461539,0.5745192307692307,0.9435096153846154,0.5146936952356792,4.719205114224279,4.719205114224279,16.570699983276427,47.05310001736507
594,0015_0,grid_round_robin,581,247,0.42512908777969016,0.4165232358003442,0.8812392426850258,0.31140877098117653,1.008486264138998,1.008486264138998,0.45960000716149807,44.63069996563718
594,0015_0,anms_4d,581,236,0.40619621342512907,0.41308089500860584,0.8812392426850258,0.8823082326207334,0.5656225349942461,0.8823082326207334,9.887500025797635,46.11090000253171
595,0015_0,grid_round_robin,136,62,0.45588235294117646,0.4338235294117647,0.8088235294117647,9.677780918784022,8.760349475701387,9.677780918784022,0.2245999639853835,20.760499988682568
595,0015_0,anms_4d,136,59,0.4338235294117647,0.4485294117647059,0.8088235294117647,4.674388539005145,3.6562901243563077,4.674388539005145,1.6261000419035554,24.377900001127273
596,0015_0,grid_round_robin,27,15,0.5555555555555556,0.37037037037037035,0.7037037037037037,42.518570993239166,1.6004307801603315,42.518570993239166,0.15239999629557133,10.023400012869388
596,0015_0,anms_4d,27,15,0.5555555555555556,0.37037037037037035,0.6666666666666666,41.504783948956046,2.562254275854644,41.504783948956046,0.36830001045018435,10.326100047677755
597,0015_0,grid_round_robin,364,233,0.6401098901098901,0.5906593406593407,0.9862637362637363,2.968575702978626,0.5976413691738937,2.968575702978626,0.4023000365123153,18.246699997689575
597,0015_0,anms_4d,364,219,0.6016483516483516,0.5851648351648352,0.978021978021978,1.4263971170923035,0.14110559586917165,1.4263971170923035,5.532300041522831,18.475400051102042
598,0015_0,grid_round_robin,336,177,0.5267857142857143,0.4523809523809524,0.8333333333333334,1.8133762094426291,1.6264352727856821,1.8133762094426291,0.37620001239702106,36.75730002578348
598,0015_0,anms_4d,336,179,0.5327380952380952,0.46130952380952384,0.8392857142857143,1.8009481828609584,1.6189530159659318,1.8009481828609584,5.411499994806945,34.760399954393506
599,0015_0,grid_round_robin,962,587,0.6101871101871101,0.5821205821205822,0.9625779625779626,0.14221556470354518,0.4110588419586765,0.4110588419586765,0.7224999717436731,43.83059998508543
599,0015_0,anms_4d,962,576,0.5987525987525988,0.5696465696465697,0.9573804573804574,0.24883400413445422,0.5958710664395938,0.5958710664395938,21.205400000326335,45.67799996584654
600,0022_0,grid_round_robin,752,527,0.7007978723404256,0.6835106382978723,0.9893617021276596,0.8780713773504919,2.0247230353307817,2.0247230353307817,0.6457000272348523,29.875999956857413
600,0022_0,anms_4d,752,526,0.699468085106383,0.6848404255319149,0.9853723404255319,0.7244408330403458,1.6556983083991665,1.6556983083991665,15.452500025276095,31.833999964874238
601,0022_0,grid_round_robin,885,620,0.7005649717514124,0.6542372881355932,0.9638418079096045,0.5470573956703414,4.865272375982948,4.865272375982948,0.6608000257983804,33.22019998449832
601,0022_0,anms_4d,885,614,0.6937853107344633,0.6531073446327683,0.9593220338983051,0.544622039278791,4.8409393738046065,4.8409393738046065,23.614700010512024,36.83810000075027
602,0022_0,grid_round_robin,565,310,0.5486725663716814,0.41061946902654867,0.9380530973451328,1.8564699280005736,1.6354584234034728,1.8564699280005736,0.48990000505000353,36.23989998595789
602,0022_0,anms_4d,565,305,0.5398230088495575,0.4,0.9327433628318584,3.816552679112466,3.3344110074778883,3.816552679112466,14.445799984969199,39.774400007445365
603,0022_0,grid_round_robin,791,595,0.7522123893805309,0.729456384323641,0.9456384323640961,0.284024303135129,2.390638171609253,2.390638171609253,0.633800053037703,25.822600000537932
603,0022_0,anms_4d,791,583,0.7370417193426043,0.7079646017699115,0.943109987357775,0.2996511942581873,2.491259915831002,2.491259915831002,14.969500014558434,23.02849997067824
604,0022_0,grid_round_robin,437,193,0.4416475972540046,0.4691075514874142,0.919908466819222,2.3637675338175748,74.68862230223344,74.68862230223344,0.45029999455437064,48.71230002027005
604,0022_0,anms_4d,437,208,0.4759725400457666,0.4805491990846682,0.919908466819222,0.38850352051631976,7.405762045522063,7.405762045522063,6.821700022555888,48.36799995973706
605,0022_0,grid_round_robin,767,472,0.6153846153846154,0.5058670143415906,0.863102998696219,0.3876348448171159,3.337506830275634,3.337506830275634,0.6201000069268048,39.292800007387996
605,0022_0,anms_4d,767,459,0.5984354628422425,0.500651890482399,0.864406779661017,0.3862173564850445,3.285771520716448,3.285771520716448,15.627500019036233,56.709199969191104
606,0022_0,grid_round_robin,448,313,0.6986607142857143,0.5491071428571429,0.9642857142857143,3.6839928223997145,2.5891912271076407,3.6839928223997145,0.45250001130625606,14.955999969970435
606,0022_0,anms_4d,448,302,0.6741071428571429,0.5334821428571429,0.9486607142857143,3.7222864138449685,2.6153950703769624,3.7222864138449685,7.728199998382479,19.36770003521815
607,0022_0,grid_round_robin,800,556,0.695,0.68375,0.99125,0.3051156143413118,0.7099359432197346,0.7099359432197346,0.5606000195257366,20.993699959944934
607,0022_0,anms_4d,800,566,0.7075,0.69125,0.9925,0.48005563129700257,0.994803793818424,0.994803793818424,15.379899996332824,27.37979998346418
608,0022_0,grid_round_robin,601,411,0.6838602329450915,0.5374376039933444,0.8801996672212978,2.6860708677136045,6.829960686382828,6.829960686382828,0.508100027218461,21.337600017432123
608,0022_0,anms_4d,601,394,0.6555740432612313,0.5291181364392679,0.8785357737104825,3.10109105826888,8.16613951345314,8.16613951345314,10.456899995915592,18.917599983979017
609,0022_0,grid_round_robin,490,335,0.6836734693877551,0.6122448979591837,0.9387755102040817,0.20391203251571197,0.3662031962218625,0.3662031962218625,0.6594000151380897,26.50449995417148
609,0022_0,anms_4d,490,330,0.673469387755102,0.6081632653061224,0.9326530612244898,0.15725224688153996,0.27897260841817545,0.27897260841817545,7.863899983931333,26.708399993367493
610,0022_0,grid_round_robin,399,267,0.6691729323308271,0.6942355889724311,0.9949874686716792,0.9155134189443097,8.849740240749007,8.849740240749007,0.6216000183485448,24.96359997894615
610,0022_0,anms_4d,399,269,0.6741854636591479,0.6992481203007519,0.9874686716791979,0.9626051148139166,9.190414482506187,9.190414482506187,6.190399988554418,24.025199993047863
611,0022_0,grid_round_robin,878,595,0.6776765375854215,0.6560364464692483,0.9783599088838268,1.5845752365068217,4.973515419678682,4.973515419678682,0.6644999957643449,42.16950002592057
611,0022_0,anms_4d,878,569,0.6480637813211845,0.6366742596810934,0.9760820045558086,1.4592022285720583,4.541656550045121,4.541656550045121,21.805299969855696,29.14439997402951
612,0022_0,grid_round_robin,685,486,0.7094890510948905,0.6802919708029197,0.9985401459854014,0.72459276405095,4.2362977267952004,4.2362977267952004,0.6226999685168266,26.715699990745634
612,0022_0,anms_4d,685,480,0.7007299270072993,0.6759124087591241,0.9941605839416059,0.7659334767211555,4.481950012998094,4.481950012998094,12.111200019717216,26.941100019030273
613,0022_0,grid_round_robin,922,673,0.7299349240780911,0.6681127982646421,0.9609544468546638,0.19589758490128156,1.364434917898251,1.364434917898251,2.9662000015378,44.17660000035539
613,0022_0,anms_4d,922,670,0.7266811279826464,0.6605206073752712,0.9566160520607375,0.11954633563394793,1.5454107850632932,1.5454107850632932,18.67279998259619,41.13059997325763
614,0022_0,grid_round_robin,636,422,0.6635220125786163,0.660377358490566,0.9544025157232704,0.649025216263621,1.488637204156933,1.488637204156933,0.4922000225633383,28.797199949622154
614,0022_0,anms_4d,636,422,0.6635220125786163,0.660377358490566,0.9528301886792453,0.6592055287861491,1.5191684044102594,1.5191684044102594,18.443899985868484,23.76950002508238
615,0022_0,grid_round_robin,522,364,0.6973180076628352,0.5651340996168582,0.9655172413793104,0.550173121587177,0.3556048582713081,0.550173121587177,0.5190999945625663,20.556300005409867
615,0022_0,anms_4d,522,361,0.6915708812260536,0.553639846743295,0.9674329501915708,0.5497160628960992,0.35948968989673125,0.5497160628960992,8.757499977946281,19.73230001749471
616,0022_0,grid_round_robin,600,416,0.6933333333333334,0.6883333333333334,0.9866666666666667,0.23337874214103943,2.2943335334950934,2.2943335334950934,0.5271999980323017,31.21450002072379
616,0022_0,anms_4d,600,412,0.6866666666666666,0.6783333333333333,0.98,0.2374656449238726,2.3837691860234074,2.3837691860234074,10.207500017713755,28.20669999346137
617,0022_0,grid_round_robin,936,666,0.7115384615384616,0.686965811965812,0.9893162393162394,0.831654612168321,2.311698492062016,2.311698492062016,0.8301000343635678,33.074600039981306
617,0022_0,anms_4d,936,653,0.6976495726495726,0.6730769230769231,0.9893162393162394,0.892510029828953,2.4675425462181195,2.4675425462181195,18.75400001881644,24.048399995081127
618,0022_0,grid_round_robin,580,457,0.7879310344827586,0.7793103448275862,0.9724137931034482,0.35754605307696186,0.816408052206352,0.816408052206352,0.5564000457525253,12.22030003555119
618,0022_0,anms_4d,580,452,0.7793103448275862,0.7672413793103449,0.9689655172413794,0.352112549432835,1.3148779705006561,1.3148779705006561,10.260500013828278,9.691399987787008
619,0022_0,grid_round_robin,329,221,0.6717325227963525,0.7142857142857143,0.9756838905775076,1.1389640664231595,5.015830578073846,5.015830578073846,0.3958999877795577,14.822299999650568
619,0022_0,anms_4d,329,219,0.6656534954407295,0.7051671732522796,0.9726443768996961,1.4781213799091535,6.414545139935493,6.414545139935493,4.682100028730929,15.991899999789894
620,0022_0,grid_round_robin,977,709,0.7256908904810645,0.706243602865916,0.9836233367451381,1.0771461948192835,2.8203858025790063,2.8203858025790063,0.7374999695457518,29.97879998292774
620,0022_0,anms_4d,977,697,0.7134083930399181,0.691914022517912,0.9825997952917093,1.0933085239685336,2.873359163637462,2.873359163637462,21.245600015390664,26.045600010547787
621,0022_0,grid_round_robin,1111,760,0.684068406840684,0.6804680468046804,0.9882988298829883,0.29263073584231925,1.8017871397860938,1.8017871397860938,0.7783999899402261,40.79119995003566
621,0022_0,anms_4d,1111,762,0.6858685868586859,0.6786678667866787,0.9864986498649865,0.04463883578007884,0.23268869712434617,0.23268869712434617,24.31760000763461,35.32619995530695
622,0022_0,grid_round_robin,671,458,0.6825633383010432,0.624441132637854,0.9731743666169895,0.899389956711196,6.272386386636698,6.272386386636698,0.9608999826014042,22.87579997209832
622,0022_0,anms_4d,671,438,0.6527570789865872,0.6125186289120715,0.970193740685544,0.8706575796135984,6.217136069021222,6.217136069021222,12.243399978615344,39.82120001455769
623,0022_0,grid_round_robin,432,291,0.6736111111111112,0.6064814814814815,0.9722222222222222,0.8130171267013089,2.0666015907881468,2.0666015907881468,0.47480000648647547,15.951699984725565
623,0022_0,anms_4d,432,282,0.6527777777777778,0.5949074074074074,0.9652777777777778,0.7774343774305317,2.020770571800077,2.020770571800077,7.786000031046569,14.870400016661733
624,0022_0,grid_round_robin,603,482,0.7993366500829188,0.8009950248756219,0.9751243781094527,0.33470036832327094,1.4360232755006903,1.4360232755006903,0.5258999881334603,18.967200012411922
624,0022_0,anms_4d,603,465,0.7711442786069652,0.7728026533996684,0.9701492537313433,0.3292898340263062,1.2953065344732013,1.2953065344732013,10.127099987585098,12.352499994449317
625,0022_0,grid_round_robin,264,178,0.6742424242424242,0.7007575757575758,0.9886363636363636,2.9468121382875667,32.67168986376937,32.67168986376937,0.34339999547228217,12.669600022491068
625,0022_0,anms_4d,264,179,0.678030303030303,0.696969696969697,0.9810606060606061,2.867945774744496,32.15041873448669,32.15041873448669,3.403400012757629,16.44869998563081
626,0022_0,grid_round_robin,792,580,0.7323232323232324,0.6073232323232324,0.9722222222222222,0.3536223481876756,0.24239705980095425,0.3536223481876756,0.6424000021070242,24.980099988169968
626,0022_0,anms_4d,792,581,0.7335858585858586,0.5972222222222222,0.9696969696969697,0.1711191941272486,0.07165482413356894,0.1711191941272486,15.004700049757957,23.57520000077784
627,0022_0,grid_round_robin,297,203,0.6835016835016835,0.6464646464646465,0.9528619528619529,1.5929081223683081,2.45969936240502,2.45969936240502,0.6433000089600682,14.101400040090084
627,0022_0,anms_4d,297,196,0.6599326599326599,0.6296296296296297,0.9494949494949495,1.6488192549644125,2.5451266801590817,2.5451266801590817,4.331300035119057,17.02969998586923
628,0022_0,grid_round_robin,849,639,0.7526501766784452,0.7408716136631331,0.9776207302709069,0.2752546367518805,1.9738885616320314,1.9738885616320314,1.4641000307165086,29.831000021658838
628,0022_0,anms_4d,849,640,0.7538280329799765,0.7444051825677267,0.9752650176678446,0.254394689029179,1.8151146654220038,1.8151146654220038,17.056800017599016,22.840999998152256
629,0022_0,grid_round_robin,552,317,0.5742753623188406,0.43478260869565216,0.9257246376811594,1.4510695203485109,0.9694681592037647,1.4510695203485109,0.464899989310652,41.91590001573786
629,0022_0,anms_4d,552,299,0.5416666666666666,0.42934782608695654,0.9202898550724637,1.0319405990677972,0.6581276308525703,1.0319405990677972,10.746499989181757,32.292399962898344
630,0022_0,grid_round_robin,800,479,0.59875,0.56,0.98,1.7607646931586756,4.930497441578258,4.930497441578258,0.58230001013726,47.323299979325384
630,0022_0,anms_4d,800,460,0.575,0.55625,0.9725,3.1730993057510988,9.683552385146351,9.683552385146351,15.88870002888143,36.89289995236322
631,0022_0,grid_round_robin,500,377,0.754,0.636,0.95,0.27683063707659106,0.12634736451179962,0.27683063707659106,0.42380002560094,19.0444000181742
631,0022_0,anms_4d,500,363,0.726,0.622,0.942,0.2903061573561127,0.15040814461959331,0.2903061573561127,8.353099983651191,19.504399970173836
632,0022_0,grid_round_robin,973,697,0.7163412127440905,0.7081192189105858,0.9845837615621789,0.9552471427774482,7.0220678624940485,7.0220678624940485,0.6970000104047358,41.47409996949136
632,0022_0,anms_4d,973,678,0.696813977389517,0.6885919835560124,0.9804727646454265,0.5000128776622188,3.8795252975317847,3.8795252975317847,20.079599984455854,38.85459998855367
633,0022_0,grid_round_robin,601,437,0.7271214642262895,0.6738768718801996,0.9816971713810316,0.4724376866695619,0.49151780091968406,0.49151780091968406,0.5204000044614077,15.29459998710081
633,0022_0,anms_4d,601,432,0.718801996672213,0.6638935108153078,0.9767054908485857,0.46745000949179816,0.48753873388310665,0.48753873388310665,10.52219996927306,17.744800017680973
634,0022_0,grid_round_robin,427,275,0.6440281030444965,0.6323185011709602,0.9437939110070258,0.21644760208485128,0.5250955272345996,0.5250955272345996,0.4027000395581126,24.431099998764694
634,0022_0,anms_4d,427,268,0.6276346604215457,0.6112412177985949,0.9414519906323185,0.2433343104776081,0.5955101523931768,0.5955101523931768,6.848599994555116,25.093300035223365
635,0022_0,grid_round_robin,494,330,0.6680161943319838,0.6518218623481782,0.9635627530364372,0.7641868522053402,2.2464416922570987,2.2464416922570987,0.9590000263415277,18.593300017528236
635,0022_0,anms_4d,494,330,0.6680161943319838,0.6417004048582996,0.9635627530364372,0.4885448326129853,1.51008694015189,1.51008694015189,8.65570001769811,18.046799988951534
636,0022_0,grid_round_robin,667,488,0.7316341829085458,0.7061469265367316,0.9715142428785607,0.18288856463399,0.40921727129450974,0.40921727129450974,0.6137999589554965,24.166900024283677
636,0022_0,anms_4d,667,475,0.712143928035982,0.6941529235382309,0.9700149925037481,0.17007818744500175,0.3667424466531125,0.3667424466531125,13.877899968065321,20.464400004129857
637,0022_0,grid_round_robin,549,369,0.6721311475409836,0.6794171220400729,0.9927140255009107,1.5098623769686714,8.357596180354635,8.357596180354635,0.506300013512373,24.51889996882528
637,0022_0,anms_4d,549,364,0.663023679417122,0.668488160291439,0.9890710382513661,1.5669510716151158,8.662215765541031,8.662215765541031,8.985800028312951,21.145899954717606
638,0022_0,grid_round_robin,565,332,0.5876106194690266,0.5752212389380531,0.9575221238938053,0.41603358156593234,1.642130321384495,1.642130321384495,0.4757000133395195,35.46369995456189
638,0022_0,anms_4d,565,332,0.5876106194690266,0.5716814159292035,0.9504424778761061,0.809147705017578,2.537894905530435,2.537894905530435,9.720299975015223,32.969599997159094
639,0022_0,grid_round_robin,851,622,0.7309048178613397,0.6345475910693302,0.9506462984723855,0.9838788634678058,3.142230606859145,3.142230606859145,0.6606999668292701,18.39129999279976
639,0022_0,anms_4d,851,611,0.717978848413631,0.6239717978848414,0.9482961222091657,0.988702674159996,3.194455845281275,3.194455845281275,16.184200008865446,27.998599980492145
640,0022_0,grid_round_robin,428,320,0.7476635514018691,0.6098130841121495,0.9252336448598131,0.25555424705865515,0.2653396921068356,0.2653396921068356,0.493900035507977,13.129100028891116
640,0022_0,anms_4d,428,313,0.7313084112149533,0.6004672897196262,0.9158878504672897,0.35514454437329573,0.37370995712474514,0.37370995712474514,11.234000034164637,19.80460004415363
641,0022_0,grid_round_robin,226,115,0.5088495575221239,0.5398230088495575,0.8938053097345132,1.3077210290453212,1.2483582750988094,1.3077210290453212,0.31450000824406743,26.810300012584776
641,0022_0,anms_4d,226,112,0.49557522123893805,0.5221238938053098,0.8849557522123894,0.994879954641497,1.0323572629063311,1.0323572629063311,3.238899982534349,27.37259998684749
642,0022_0,grid_round_robin,444,294,0.6621621621621622,0.6126126126126126,0.9662162162162162,0.5202976457376304,4.759504585077772,4.759504585077772,0.3847000189125538,20.201199979055673
642,0022_0,anms_4d,444,285,0.6418918918918919,0.5945945945945946,0.9594594594594594,0.2716260305672417,2.979714255097689,2.979714255097689,10.306199954356998,21.984699997119606
643,0022_0,grid_round_robin,642,480,0.7476635514018691,0.6557632398753894,0.9906542056074766,0.4431714846706494,0.5342890717740695,0.5342890717740695,0.5620000301860273,17.77629996649921
643,0022_0,anms_4d,642,465,0.7242990654205608,0.6370716510903427,0.9890965732087228,0.44438967946905744,0.5324547023240486,0.5324547023240486,11.217000021133572,22.04049995634705
644,0022_0,grid_round_robin,458,278,0.6069868995633187,0.5655021834061136,0.9432314410480349,1.3477491081090396,8.763649861453858,8.763649861453858,0.40550000267103314,23.840999987442046
644,0022_0,anms_4d,458,267,0.5829694323144105,0.5480349344978166,0.9366812227074236,1.5089633348179268,8.782930013593512,8.782930013593512,8.334500016644597,30.60569998342544
645,0022_0,grid_round_robin,688,490,0.7122093023255814,0.688953488372093,0.9607558139534884,0.2350766784756285,0.6485348762332604,0.6485348762332604,0.5754000158049166,21.792099985759705
645,0022_0,anms_4d,688,485,0.7049418604651163,0.6744186046511628,0.9607558139534884,0.2650322475163379,0.7292478813140159,0.7292478813140159,12.636200000997633,20.430300035513937
646,0022_0,grid_round_robin,548,400,0.7299270072992701,0.6587591240875912,0.9635036496350365,0.5654433834513647,1.3384835269997553,1.3384835269997553,0.4791999817825854,15.444500022567809
646,0022_0,anms_4d,548,399,0.7281021897810219,0.656934306569343,0.9525547445255474,0.32939868879828876,0.792271552791819,0.792271552791819,9.371100051794201,16.003300028387457
647,0022_0,grid_round_robin,308,219,0.711038961038961,0.698051948051948,1.0,1.5246920404165276,14.694484092219245,14.694484092219245,0.4490999854169786,16.703100001905113
647,0022_0,anms_4d,308,212,0.6883116883116883,0.6948051948051948,0.9967532467532467,1.7082995741903628,18.48364022475659,18.48364022475659,4.3406999902799726,17.616599972825497
648,0022_0,grid_round_robin,547,416,0.7605118829981719,0.6709323583180987,0.9872029250457038,0.10892502014990924,0.047962771518714586,0.10892502014990924,0.49270002637058496,11.079599964432418
648,0022_0,anms_4d,547,400,0.7312614259597806,0.6471663619744058,0.9817184643510055,0.20629073866710157,0.07791855126027708,0.20629073866710157,9.99190000584349,11.753500031773001
649,0022_0,grid_round_robin,1042,624,0.5988483685220729,0.5009596928982726,0.9040307101727447,1.1046562510514453,8.891317635468376,8.891317635468376,0.7436000159941614,72.67989998217672
649,0022_0,anms_4d,1042,610,0.5854126679462572,0.5,0.9011516314779271,1.1577626023389507,9.273506763509328,9.273506763509328,22.651399951428175,66.21540000196546
650,0022_0,grid_round_robin,848,618,0.7287735849056604,0.7193396226415094,0.9929245283018868,0.35873080105127075,1.0858929516708034,1.0858929516708034,0.6630999851040542,23.661600018385798
650,0022_0,anms_4d,848,597,0.7040094339622641,0.6933962264150944,0.9929245283018868,0.366042629636792,1.1084932578234818,1.1084932578234818,17.83239998621866,23.72629998717457
651,0022_0,grid_round_robin,359,170,0.4735376044568245,0.48746518105849584,0.8997214484679665,0.7990429755181869,0.14686978443695412,0.7990429755181869,0.34500000765547156,28.614399954676628
651,0022_0,anms_4d,359,176,0.49025069637883006,0.47075208913649025,0.8774373259052924,1.6637523793751463,0.905860814637877,1.6637523793751463,5.285800027195364,31.105300004128367
652,0022_0,grid_round_robin,963,735,0.7632398753894081,0.731048805815161,0.9865005192107996,0.3280152760861824,1.0316964706528506,1.0316964706528506,0.673100003041327,23.960100021213293
652,0022_0,anms_4d,963,724,0.7518172377985463,0.7082035306334372,0.9813084112149533,0.2995319583692013,0.9778939427291923,0.9778939427291923,20.470399991609156,22.854499984532595
653,0022_0,grid_round_robin,822,542,0.6593673965936739,0.6119221411192214,0.975669099756691,0.8715306693918501,1.2062066418236832,1.2062066418236832,0.6434000097215176,28.684800025075674
653,0022_0,anms_4d,822,529,0.6435523114355232,0.6082725060827251,0.975669099756691,0.35954727394836966,0.910033945991631,0.910033945991631,15.418900002259761,29.584999952930957
654,0022_0,grid_round_robin,362,221,0.6104972375690608,0.5220994475138122,0.9226519337016574,1.2873803457639734,7.671859857317306,7.671859857317306,0.44489995343610644,18.058300018310547
654,0022_0,anms_4d,362,216,0.5966850828729282,0.5027624309392266,0.9171270718232044,1.3545050460676604,7.844259229883279,7.844259229883279,5.309399974066764,23.357100028079003
655,0022_0,grid_round_robin,706,461,0.6529745042492918,0.546742209631728,0.9008498583569405,0.42912892925089574,4.157516326466031,4.157516326466031,0.5749000119976699,31.54019999783486
655,0022_0,anms_4d,706,461,0.6529745042492918,0.5453257790368272,0.9008498583569405,0.4379981505754493,4.657824374447208,4.657824374447208,21.01949998177588,33.18069997476414
656,0022_0,grid_round_robin,339,249,0.7345132743362832,0.6224188790560472,0.9557522123893806,1.143474621689716,0.4520260374376378,1.143474621689716,0.3564999788068235,9.509299998171628
656,0022_0,anms_4d,339,239,0.7050147492625368,0.6135693215339233,0.943952802359882,1.4510717129351924,0.5802415902740626,1.4510717129351924,5.233599978964776,10.354499972891062
657,0022_0,grid_round_robin,264,183,0.6931818181818182,0.5909090909090909,0.9507575757575758,0.3195495097562966,0.3350470162486443,0.3350470162486443,0.3377000102773309,11.416099965572357
657,0022_0,anms_4d,264,180,0.6818181818181818,0.5795454545454546,0.946969696969697,0.41039234075532144,0.45705490232758544,0.45705490232758544,3.4340000129304826,11.634199996478856
658,0022_0,grid_round_robin,525,410,0.780952380952381,0.6209523809523809,0.9561904761904761,0.45573848476413675,0.27353051446016385,0.45573848476413675,0.4912000149488449,18.148500006645918
658,0022_0,anms_4d,525,406,0.7733333333333333,0.6114285714285714,0.9542857142857143,0.3997804794373084,0.2322007952243058,0.3997804794373084,8.501700009219348,19.442699966020882
659,0022_0,grid_round_robin,556,379,0.6816546762589928,0.6151079136690647,0.9532374100719424,0.6393326142265036,1.3881274674281558,1.3881274674281558,0.470499973744154,27.585300034843385
659,0022_0,anms_4d,556,369,0.6636690647482014,0.6007194244604317,0.947841726618705,0.637774377772074,1.340916221290971,1.340916221290971,9.326200000941753,21.71589998761192
660,0022_0,grid_round_robin,793,530,0.6683480453972257,0.6658259773013872,0.9798234552332913,0.325157108765497,0.7734583626136773,0.7734583626136773,0.6814000080339611,34.00139999575913
660,0022_0,anms_4d,793,536,0.6759142496847415,0.669609079445145,0.978562421185372,0.44318225936481637,1.086285293343385,1.086285293343385,14.801899960730225,29.88720004213974
661,0022_0,grid_round_robin,478,362,0.7573221757322176,0.5920502092050209,0.9518828451882845,0.27038711474736404,0.13757956470309113,0.27038711474736404,0.47530001029372215,12.393999961204827
661,0022_0,anms_4d,478,353,0.7384937238493724,0.5836820083682008,0.9456066945606695,0.31021496031571894,0.16337252660509813,0.31021496031571894,7.44349998421967,13.927799998782575
662,0022_0,grid_round_robin,643,441,0.6858475894245724,0.6594090202177294,0.9580093312597201,0.24891234537969928,3.2755849432086306,3.2755849432086306,0.4980000085197389,26.70279995072633
662,0022_0,anms_4d,643,429,0.6671850699844479,0.6594090202177294,0.9564541213063764,0.16416052429693698,1.9587217088685054,1.9587217088685054,11.582400009501725,35.30519997002557
663,0022_0,grid_round_robin,961,664,0.6909469302809573,0.6982310093652445,0.9812695109261186,0.3191926687997725,2.190497209264363,2.190497209264363,0.8137000259011984,32.99119998700917
663,0022_0,anms_4d,961,650,0.676378772112383,0.6867845993756504,0.9771071800208116,0.4357548397794736,2.713146284800843,2.713146284800843,20.179099985398352,29.871399980038404
664,0022_0,grid_round_robin,689,485,0.7039187227866474,0.6560232220609579,0.9840348330914369,0.18020209536742116,0.2553698087027569,0.2553698087027569,0.5544000305235386,33.98199996445328
664,0022_0,anms_4d,689,477,0.6923076923076923,0.6473149492017417,0.9811320754716981,0.18326178491596049,0.21853707413433843,0.21853707413433843,12.65569997485727,24.18559999205172
665,0022_0,grid_round_robin,770,548,0.7116883116883117,0.638961038961039,0.9792207792207792,0.21800358054863575,0.14769813723949435,0.21800358054863575,0.5810000002384186,22.101400012616068
665,0022_0,anms_4d,770,536,0.6961038961038961,0.6233766233766234,0.9662337662337662,0.41842826560654045,0.30321286436542444,0.41842826560654045,14.133399992715567,18.399699998553842
666,0022_0,grid_round_robin,633,407,0.6429699842022117,0.593996840442338,0.9589257503949447,0.7086156137513233,0.44409580961066364,0.7086156137513233,0.5329999839887023,21.408499975223094
666,0022_0,anms_4d,633,397,0.627172195892575,0.5908372827804107,0.9557661927330173,0.5170968254222008,0.4370772005339955,0.5170968254222008,10.941100015770644,30.880400037858635
667,0022_0,grid_round_robin,807,597,0.7397769516728625,0.734820322180917,0.9863692688971499,0.24962500856045441,0.7085463894009307,0.7085463894009307,0.5728999967686832,21.619300008751452
667,0022_0,anms_4d,807,579,0.7174721189591078,0.7174721189591078,0.9851301115241635,0.2650517745977534,0.7801428559416165,0.7801428559416165,15.295899996999651,24.725699971895665
668,0022_0,grid_round_robin,669,453,0.6771300448430493,0.6816143497757847,0.9626307922272048,0.15694825628183232,0.053599079676299066,0.15694825628183232,0.5666000070050359,27.902600006200373
668,0022_0,anms_4d,669,440,0.6576980568011959,0.6576980568011959,0.9596412556053812,0.1572363646917207,0.057318563132809905,0.1572363646917207,11.818600003607571,28.04970002034679
669,0022_0,grid_round_robin,613,387,0.6313213703099511,0.598694942903752,0.9787928221859706,3.248990341169004,4.196069998874527,4.196069998874527,0.5504000000655651,25.403200008440763
669,0022_0,anms_4d,613,384,0.6264274061990212,0.5954323001631321,0.967373572593801,3.2680772519837555,4.263656411618296,4.263656411618296,10.715500044170767,20.92030004132539
670,0022_0,grid_round_robin,559,357,0.6386404293381037,0.5384615384615384,0.9302325581395349,0.7103076646412889,4.74155386338103,4.74155386338103,0.44549995800480247,23.688799992669374
670,0022_0,anms_4d,559,351,0.627906976744186,0.5277280858676208,0.924865831842576,0.7019508820116513,4.660259403963718,4.660259403963718,9.38740000128746,22.936000023037195
671,0022_0,grid_round_robin,571,375,0.6567425569176882,0.6164623467600701,0.9404553415061296,0.4090808482371809,1.3202959530740048,1.3202959530740048,0.49860001308843493,25.703099963720888
671,0022_0,anms_4d,571,363,0.6357267950963222,0.6042031523642732,0.9369527145359019,0.08869349033449242,0.2181817754236919,0.2181817754236919,9.54599998658523,27.37700002035126
672,0022_0,grid_round_robin,926,693,0.7483801295896328,0.7408207343412527,0.9913606911447084,0.46647689500097794,1.3018013818669871,1.3018013818669871,0.7877000025473535,31.1760000186041
672,0022_0,anms_4d,926,680,0.734341252699784,0.7311015118790497,0.9913606911447084,0.45517412857907047,1.2794102879093114,1.2794102879093114,18.851200002245605,30.805199989117682
673,0022_0,grid_round_robin,470,290,0.6170212765957447,0.44468085106382976,0.8021276595744681,0.6857481793246115,5.414962873233538,5.414962873233538,0.4655999946407974,27.18169998843223
673,0022_0,anms_4d,470,281,0.597872340425532,0.44680851063829785,0.8042553191489362,0.6640114069306831,5.449034850540474,5.449034850540474,7.93249998241663,22.540799982380122
674,0022_0,grid_round_robin,779,550,0.7060333761232349,0.5943517329910141,0.9152759948652118,0.25459345696964863,1.2039201550840344,1.2039201550840344,0.5696999724023044,20.962500013411045
674,0022_0,anms_4d,779,539,0.6919127086007703,0.582798459563543,0.9139922978177151,0.2536826651743754,1.1856145528367994,1.1856145528367994,14.966399990953505,27.905099967028946
675,0022_0,grid_round_robin,446,323,0.7242152466367713,0.726457399103139,0.9618834080717489,0.4058911835635588,7.944916715108226,7.944916715108226,0.42799999937415123,17.85339997150004
675,0022_0,anms_4d,446,309,0.6928251121076233,0.695067264573991,0.9551569506726457,0.05406847820478413,1.014366505168171,1.014366505168171,7.214599987491965,20.14549996238202
676,0022_0,grid_round_robin,496,359,0.7237903225806451,0.6653225806451613,0.9536290322580645,0.2667345664281364,0.319748962540367,0.319748962540367,0.5258000455796719,17.13200000813231
676,0022_0,anms_4d,496,342,0.6895161290322581,0.6391129032258065,0.9475806451612904,0.22668374619210455,0.27468910476627073,0.27468910476627073,8.178899995982647,18.39409995591268
677,0022_0,grid_round_robin,1022,731,0.7152641878669276,0.6937377690802349,0.987279843444227,0.10467438812612706,0.4525951745687859,0.4525951745687859,0.6800999981351197,32.068700005766004
677,0022_0,anms_4d,1022,723,0.7074363992172211,0.6868884540117417,0.9843444227005871,0.1300838118276323,0.5298087149772315,0.5298087149772315,22.00060000177473,31.160200014710426
678,0022_0,grid_round_robin,490,308,0.6285714285714286,0.5857142857142857,0.9408163265306122,0.3632964559705152,2.3119506368143004,2.3119506368143004,0.4387000226415694,27.501200034748763
678,0022_0,anms_4d,490,295,0.6020408163265306,0.5714285714285714,0.9346938775510204,0.47504904807909926,2.8800887580938483,2.8800887580938483,7.770799973513931,29.51800002483651
679,0022_0,grid_round_robin,323,249,0.7708978328173375,0.7337461300309598,0.9907120743034056,0.3340238493007538,0.3663054164777307,0.3663054164777307,0.37510000402107835,9.554099990054965
679,0022_0,anms_4d,323,244,0.7554179566563467,0.7275541795665634,0.9845201238390093,0.31281492336915856,0.48803161491910013,0.48803161491910013,4.636599973309785,8.446199994068593
680,0022_0,grid_round_robin,770,528,0.6857142857142857,0.7038961038961039,0.9831168831168832,0.5291372141840449,1.7736585176012054,1.7736585176012054,0.5831000162288547,28.834199998527765
680,0022_0,anms_4d,770,534,0.6935064935064935,0.6948051948051948,0.9792207792207792,0.8739491621928018,3.143855633159045,3.143855633159045,19.187300000339746,25.558399967849255
681,0022_0,grid_round_robin,880,580,0.6590909090909091,0.6568181818181819,0.9931818181818182,0.22191756702387067,0.7568859772755877,0.7568859772755877,0.6092000403441489,59.610299998894334
681,0022_0,anms_4d,880,584,0.6636363636363637,0.6522727272727272,0.9897727272727272,0.07981838244464959,0.3102813620428016,0.3102813620428016,17.751700012013316,31.63969999877736
682,0022_0,grid_round_robin,830,531,0.6397590361445783,0.6216867469879518,0.9686746987951808,0.3095792675035125,0.8715396273651289,0.8715396273651289,0.611600000411272,34.97139998944476
682,0022_0,anms_4d,830,527,0.6349397590361445,0.6204819277108434,0.9674698795180723,0.2909683175175002,0.8250776518864221,0.8250776518864221,16.384099959395826,30.508499999996275
683,0022_0,grid_round_robin,377,206,0.5464190981432361,0.5411140583554377,0.9840848806366048,0.15794868097286546,0.7975474610071112,0.7975474610071112,0.4081000224687159,32.64560003299266
683,0022_0,anms_4d,377,202,0.5358090185676393,0.5358090185676393,0.9840848806366048,0.12064592477772064,0.6340560185090642,0.6340560185090642,5.631999985780567,44.283099996391684
684,0022_0,grid_round_robin,457,274,0.5995623632385121,0.5951859956236324,0.973741794310722,0.21369403875526927,0.5165946139668517,0.5165946139668517,0.464599987026304,20.53199999500066
684,0022_0,anms_4d,457,279,0.6105032822757112,0.6061269146608315,0.973741794310722,0.3213405074914445,0.7826861041987189,0.7826861041987189,9.078899980522692,22.735600010491908
685,0022_0,grid_round_robin,799,612,0.7659574468085106,0.7571964956195244,0.986232790988736,0.09803850389234896,0.8563362702596518,0.8563362702596518,0.5987000185996294,19.55099997576326
685,0022_0,anms_4d,799,600,0.7509386733416771,0.7409261576971214,0.986232790988736,0.09159349256491511,0.6068350627580595,0.6068350627580595,14.928299991879612,20.363699994049966
686,0022_0,grid_round_robin,739,537,0.7266576454668471,0.6847090663058186,0.9702300405953992,0.2999633240357581,0.8961497985281653,0.8961497985281653,0.7135000196285546,18.596500041894615
686,0022_0,anms_4d,739,523,0.7077131258457375,0.6630581867388363,0.9675236806495264,0.3254291070778618,0.9563651696658712,0.9563651696658712,13.758899993263185,16.199099947698414
687,0022_0,grid_round_robin,585,382,0.652991452991453,0.6410256410256411,0.9829059829059829,0.03543925352581231,0.12174039300321272,0.12174039300321272,0.464599987026304,21.450400003232062
687,0022_0,anms_4d,585,379,0.6478632478632479,0.6358974358974359,0.9777777777777777,0.01776234931969577,0.0792426193242777,0.0792426193242777,10.067700000945479,24.309600004926324
688,0022_0,grid_round_robin,972,720,0.7407407407407407,0.7211934156378601,0.9917695473251029,0.1104972966719499,0.26056086390383565,0.26056086390383565,0.6771000334993005,29.671399970538914
688,0022_0,anms_4d,972,708,0.7283950617283951,0.7098765432098766,0.9897119341563786,0.08672115815499568,0.16614568361218274,0.16614568361218274,20.477899990510195,24.254699994344264
689,0022_0,grid_round_robin,585,402,0.6871794871794872,0.7111111111111111,0.9863247863247864,0.33010609211601494,3.414226542683249,3.414226542683249,0.528200005646795,26.309599983505905
689,0022_0,anms_4d,585,397,0.6786324786324787,0.6974358974358974,0.9846153846153847,0.2695732925003008,2.6934238869188745,2.6934238869188745,10.302899987436831,25.75619996059686
690,0022_0,grid_round_robin,690,503,0.7289855072463768,0.6289855072463768,0.9666666666666667,0.37635561586266564,0.43512799399355584,0.43512799399355584,0.561299966648221,24.397200031671673
690,0022_0,anms_4d,690,483,0.7,0.6159420289855072,0.9652173913043478,0.346642156250094,0.32801693991834596,0.346642156250094,13.190400029998273,16.05010003549978
691,0022_0,grid_round_robin,837,445,0.5316606929510155,0.4970131421744325,0.9438470728793309,2.9596856650799976,10.53565116121272,10.53565116121272,0.5942999850958586,64.76869998732582
691,0022_0,anms_4d,837,430,0.5137395459976105,0.4886499402628435,0.9342891278375149,3.461820587374178,12.62126611173563,12.62126611173563,16.160400002263486,65.34720002673566
692,0022_0,grid_round_robin,378,235,0.6216931216931217,0.6058201058201058,0.9708994708994709,3.1138391803135756,8.129952023505888,8.129952023505888,0.46549999387934804,20.360499969683588
692,0022_0,anms_4d,378,239,0.6322751322751323,0.6164021164021164,0.9656084656084656,2.6525181620791813,6.758603331114236,6.758603331114236,5.95899997279048,21.50109998183325
693,0022_0,grid_round_robin,456,305,0.668859649122807,0.6008771929824561,0.9605263157894737,0.45656451677366783,0.8377872031784644,0.8377872031784644,0.4878999898210168,15.241499990224838
693,0022_0,anms_4d,456,295,0.6469298245614035,0.5679824561403509,0.9451754385964912,0.5240365988124902,0.974451984057364,0.974451984057364,7.142000016756356,21.401199977844954
694,0022_0,grid_round_robin,474,352,0.7426160337552743,0.6835443037974683,0.9746835443037974,0.22802912199478736,0.4246315719523369,0.4246315719523369,0.4243000294081867,11.42769999569282
694,0022_0,anms_4d,474,345,0.7278481012658228,0.6687763713080169,0.9746835443037974,0.7831877859512513,1.4665171964368602,1.4665171964368602,7.8498999937437475,11.490300006698817
695,0022_0,grid_round_robin,474,264,0.5569620253164557,0.5654008438818565,0.9240506329113924,0.8231086357620611,2.328030407955713,2.328030407955713,0.4363000043667853,36.72749997349456
695,0022_0,anms_4d,474,259,0.5464135021097046,0.5590717299578059,0.919831223628692,0.8326532882150648,2.3533631971627753,2.3533631971627753,7.54890003008768,48.19220001809299
696,0022_0,grid_round_robin,800,556,0.695,0.705,0.9875,1.1665580814907903,4.993719543269022,4.993719543269022,2.595399972051382,24.533600022550672
696,0022_0,anms_4d,800,530,0.6625,0.6875,0.98875,0.9530900547722142,4.189895357110735,4.189895357110735,15.622399980202317,26.018999982625246
697,0022_0,grid_round_robin,478,307,0.6422594142259415,0.6317991631799164,0.9393305439330544,0.31232592984357527,1.171951586708532,1.171951586708532,0.6567999953404069,24.60629999404773
697,0022_0,anms_4d,478,303,0.6338912133891214,0.6255230125523012,0.9393305439330544,0.3518175271949818,1.3680684488594386,1.3680684488594386,7.688899990171194,23.438200005330145
698,0022_0,grid_round_robin,666,474,0.7117117117117117,0.6636636636636637,0.978978978978979,0.09010159496807289,0.08809775301025438,0.09010159496807289,0.5494999932125211,26.99779998511076
698,0022_0,anms_4d,666,460,0.6906906906906907,0.6471471471471472,0.9774774774774775,0.09550979820646156,0.09889530590248137,0.09889530590248137,12.288099969737232,20.09629999520257
699,0022_0,grid_round_robin,579,319,0.5509499136442142,0.540587219343696,0.9689119170984456,2.6576336960594147,9.569658172700796,9.569658172700796,0.5436000064946711,40.03950004698709
699,0022_0,anms_4d,579,311,0.5371329879101899,0.531951640759931,0.9602763385146805,2.6465910525840126,9.573179193415557,9.573179193415557,9.623799996916205,46.78420000709593
700,0022_0,grid_round_robin,1004,587,0.5846613545816733,0.5756972111553785,0.9760956175298805,1.275108853387838,6.072403770887542,6.072403770887542,1.3778000138700008,57.509200007189065
700,0022_0,anms_4d,1004,578,0.5756972111553785,0.5617529880478087,0.9721115537848606,1.9278453720211721,8.711262439676469,8.711262439676469,26.00660000462085,58.193799981381744
701,0022_0,grid_round_robin,716,484,0.6759776536312849,0.6145251396648045,0.9371508379888268,0.16487897495262138,0.3990582754544113,0.3990582754544113,0.5660000024363399,40.006899973377585
701,0022_0,anms_4d,716,480,0.6703910614525139,0.6047486033519553,0.9371508379888268,0.16501544097428128,0.4146526958539617,0.4146526958539617,12.792500026989728,36.28489997936413
702,0022_0,grid_round_robin,456,285,0.625,0.6030701754385965,0.9671052631578947,3.349979291781194,2.6531425315539567,3.349979291781194,0.6252999883145094,23.35139998467639
702,0022_0,anms_4d,456,281,0.6162280701754386,0.5942982456140351,0.956140350877193,3.7198722536448003,2.909787302530258,3.7198722536448003,7.568500004708767,22.64360000845045
703,0022_0,grid_round_robin,560,411,0.7339285714285714,0.6732142857142858,0.9803571428571428,0.18963782219634245,0.39388241562948334,0.39388241562948334,0.4702000296674669,14.615799998864532
703,0022_0,anms_4d,560,405,0.7232142857142857,0.6696428571428571,0.9767857142857143,0.2028940629675888,0.34003470605638614,0.34003470605638614,9.344599966425449,14.896799984853715
704,0022_0,grid_round_robin,689,467,0.6777939042089985,0.6618287373004355,0.9680696661828737,0.28429184881759434,0.7614335642142771,0.7614335642142771,0.5401999806053936,28.146500000730157
704,0022_0,anms_4d,689,472,0.6850507982583455,0.6458635703918723,0.965166908563135,0.14404430632936385,0.41804272871482845,0.41804272871482845,31.645199982449412,42.79310000129044
705,0022_0,grid_round_robin,871,523,0.600459242250287,0.5040183696900115,0.9207807118254879,0.6556497328451936,1.995781265470092,1.995781265470092,0.6520000169984996,46.660699998028576
705,0022_0,anms_4d,871,525,0.6027554535017221,0.5063145809414467,0.9173363949483353,0.5761936548122769,1.6958962719741657,1.6958962719741657,17.358099983539432,46.77419998915866
706,0022_0,grid_round_robin,917,531,0.579062159214831,0.5801526717557252,0.9749182115594329,0.29545202714763263,0.3871052075917402,0.3871052075917402,0.6880000000819564,39.083999989088625
706,0022_0,anms_4d,917,522,0.569247546346783,0.5768811341330425,0.9749182115594329,0.390666013434328,0.6735885405789636,0.6735885405789636,18.765500048175454,42.676699988078326
707,0022_0,grid_round_robin,260,158,0.6076923076923076,0.5961538461538461,0.9653846153846154,1.6233495489581486,47.25938021217518,47.25938021217518,0.33650000113993883,21.72789996257052
707,0022_0,anms_4d,260,163,0.6269230769230769,0.6038461538461538,0.9653846153846154,1.6509493647323392,48.49036429014544,48.49036429014544,3.5877000191248953,19.561199995223433
708,0022_0,grid_round_robin,654,463,0.7079510703363915,0.6896024464831805,0.9892966360856269,0.2105949755300109,0.6351560087879062,0.6351560087879062,0.548600044567138,26.343700010329485
708,0022_0,anms_4d,654,466,0.7125382262996942,0.6850152905198776,0.9877675840978594,0.10687222125095011,0.13958774835278465,0.13958774835278465,11.278300022240728,30.670100008137524
709,0022_0,grid_round_robin,640,506,0.790625,0.778125,0.98125,0.3528346689064406,2.0196084319229657,2.0196084319229657,0.5030999891459942,19.117999996524304
709,0022_0,anms_4d,640,491,0.7671875,0.7546875,0.98125,0.3890801374116568,2.1990828441434735,2.1990828441434735,11.00830000359565,21.731699991505593
710,0022_0,grid_round_robin,723,525,0.7261410788381742,0.7385892116182573,0.9681881051175657,0.1727112996249123,1.0389509317495502,1.0389509317495502,0.5949999904260039,35.4382999939844
710,0022_0,anms_4d,723,518,0.7164591977869986,0.7247579529737206,0.9598893499308437,0.18477684918403303,1.100060017643542,1.100060017643542,13.488999975379556,33.402100030798465
711,0022_0,grid_round_robin,629,503,0.7996820349761526,0.6279809220985691,0.9634340222575517,0.6778333861340012,0.32780291389863786,0.6778333861340012,0.5027999868616462,12.071900011505932
711,0022_0,anms_4d,629,496,0.7885532591414944,0.615262321144674,0.9618441971383148,0.5163589259609659,0.2543973085187291,0.5163589259609659,10.738899989519268,13.847599970176816
712,0022_0,grid_round_robin,224,169,0.7544642857142857,0.75,0.9955357142857143,0.6106890988509532,3.9578443066058626,3.9578443066058626,0.3079999587498605,6.542599992826581
712,0022_0,anms_4d,224,170,0.7589285714285714,0.7366071428571429,0.9955357142857143,0.5705437907003866,3.641633632561344,3.641633632561344,3.0917999683879316,8.460699988063425
713,0022_0,grid_round_robin,1114,809,0.7262118491921006,0.7271095152603232,0.9892280071813285,0.17758508974736248,0.08720891918709817,0.17758508974736248,0.819500011857599,34.54700001748279
713,0022_0,anms_4d,1114,789,0.7082585278276481,0.7082585278276481,0.9874326750448833,0.22911459166877204,0.17032676622017226,0.22911459166877204,34.60389998508617,33.006199984811246
714,0022_0,grid_round_robin,813,544,0.6691266912669127,0.5276752767527675,0.933579335793358,2.3441826007453197,2.341397941144754,2.3441826007453197,0.6389000336639583,33.02149998489767
714,0022_0,anms_4d,813,537,0.6605166051660517,0.5202952029520295,0.9298892988929889,2.3294244191416595,2.3332472803303443,2.3332472803303443,15.540299995336682,27.61879999889061
715,0022_0,grid_round_robin,181,120,0.6629834254143646,0.574585635359116,0.9834254143646409,11.321396998322877,7.536550693419233,11.321396998322877,0.27440005214884877,10.18300000578165
715,0022_0,anms_4d,181,120,0.6629834254143646,0.574585635359116,0.9834254143646409,11.068029079187115,7.870415730108669,11.068029079187115,2.438399998936802,9.188600000925362
716,0022_0,grid_round_robin,618,489,0.7912621359223301,0.7184466019417476,0.9773462783171522,0.18119803206832283,0.18089629392898346,0.18119803206832283,0.5230000242590904,15.702499949838966
716,0022_0,anms_4d,618,480,0.7766990291262136,0.7071197411003236,0.9627831715210357,0.33519043769643164,0.3210719793941679,0.33519043769643164,10.958199971355498,17.910700000356883
717,0022_0,grid_round_robin,374,224,0.5989304812834224,0.5748663101604278,0.9278074866310161,0.14670953684577787,0.12239615269001837,0.14670953684577787,0.3738999948836863,19.397500029299408
717,0022_0,anms_4d,374,226,0.6042780748663101,0.5721925133689839,0.93048128342246,0.13081377222569648,0.09989492092789928,0.13081377222569648,5.606999970041215,20.946100004948676
718,0022_0,grid_round_robin,425,264,0.6211764705882353,0.6164705882352941,0.9411764705882353,0.22258340582032501,1.0698170528406112,1.0698170528406112,0.394799979403615,21.290000004228204
718,0022_0,anms_4d,425,252,0.5929411764705882,0.5882352941176471,0.9364705882352942,0.19991332870786602,1.2300523006206894,1.2300523006206894,6.7479999852366745,19.14649998070672
719,0022_0,grid_round_robin,1087,777,0.7148114075436982,0.6660533578656854,0.9797608095676172,1.4499607634386142,3.1178738380003455,3.1178738380003455,0.8306000381708145,39.14939996320754
719,0022_0,anms_4d,1087,766,0.7046918123275069,0.6605335786568537,0.9797608095676172,1.4875777689962928,3.1843946300710915,3.1843946300710915,23.33550003822893,31.558700022287667
720,0022_0,grid_round_robin,424,302,0.7122641509433962,0.7028301886792453,0.9575471698113207,0.2399045916829904,1.6258060906237615,1.6258060906237615,0.4023000365123153,13.900000019930303
720,0022_0,anms_4d,424,291,0.6863207547169812,0.6792452830188679,0.9457547169811321,0.2413697953680252,1.6186592754843905,1.6186592754843905,6.370700022671372,18.936700013000518
721,0022_0,grid_round_robin,426,293,0.687793427230047,0.6173708920187794,0.9671361502347418,0.9377798913017695,0.9677550460172947,0.9677550460172947,0.39329996798187494,12.652100005652755
721,0022_0,anms_4d,426,281,0.6596244131455399,0.596244131455399,0.960093896713615,0.9333464753376838,0.7782132663366548,0.9333464753376838,6.466599996201694,17.48610002687201
722,0022_0,grid_round_robin,483,310,0.6418219461697723,0.587991718426501,0.937888198757764,0.35208067578922747,1.207973154661568,1.207973154661568,0.5026999861001968,25.240099988877773
722,0022_0,anms_4d,483,303,0.6273291925465838,0.5838509316770186,0.927536231884058,0.31908401168142947,1.073114384758386,1.073114384758386,7.618199975695461,25.604000024031848
723,0022_0,grid_round_robin,469,300,0.6396588486140725,0.6204690831556503,0.9850746268656716,0.1489021899906983,0.6410164646491098,0.6410164646491098,0.4480000352486968,19.880599982570857
723,0022_0,anms_4d,469,303,0.6460554371002132,0.605543710021322,0.9808102345415778,0.2556613271800137,1.0557734085084864,1.0557734085084864,7.306300045456737,26.697600027546287
724,0022_0,grid_round_robin,487,337,0.6919917864476386,0.6632443531827515,0.9876796714579056,0.33691946559241975,0.756056375960827,0.756056375960827,0.44249999336898327,21.044399996753782
724,0022_0,anms_4d,487,333,0.6837782340862423,0.6570841889117043,0.9815195071868583,0.199123149053892,0.6600728834930578,0.6600728834930578,7.682199997361749,17.135699978098273
725,0022_0,grid_round_robin,1040,733,0.7048076923076924,0.7009615384615384,0.9951923076923077,0.09664771082455982,0.3312481954512154,0.3312481954512154,0.792600039858371,28.909399989061058
725,0022_0,anms_4d,1040,708,0.6807692307692308,0.6759615384615385,0.989423076923077,0.10944078136695257,0.3395428159572855,0.3395428159572855,22.396799991838634,32.99530001822859
726,0022_0,grid_round_robin,390,238,0.6102564102564103,0.6358974358974359,0.9871794871794872,2.0887572849242977,4.1462487759482025,4.1462487759482025,0.360500009264797,25.167400017380714
726,0022_0,anms_4d,390,235,0.6025641025641025,0.6307692307692307,0.9846153846153847,0.4856000081425403,2.728589645791215,2.728589645791215,5.828199966344982,21.196099987719208
727,0022_0,grid_round_robin,776,564,0.7268041237113402,0.7074742268041238,0.9845360824742269,0.16161055444762557,0.7801036301467161,0.7801036301467161,0.9529000381007791,27.148600027430803
727,0022_0,anms_4d,776,553,0.7126288659793815,0.6894329896907216,0.9819587628865979,0.21037337562813074,1.021820428003586,1.021820428003586,14.510200009681284,25.69570002378896
728,0022_0,grid_round_robin,594,390,0.6565656565656566,0.6397306397306397,0.9377104377104377,0.1661027983190244,1.0139425193822549,1.0139425193822549,0.5463999696075916,30.047199979890138
728,0022_0,anms_4d,594,378,0.6363636363636364,0.6195286195286195,0.9175084175084175,0.1601229580297361,0.9965096487927988,0.9965096487927988,10.077600018121302,32.61130000464618
729,0022_0,grid_round_robin,404,269,0.6658415841584159,0.47029702970297027,0.8341584158415841,0.7920909189560135,0.32624533413339224,0.7920909189560135,0.3754999488592148,16.045500000473112
729,0022_0,anms_4d,404,255,0.6311881188118812,0.44801980198019803,0.8292079207920792,1.1290150498074776,0.5172010611785969,1.1290150498074776,6.0464999987743795,23.78109999699518
730,0022_0,grid_round_robin,382,280,0.7329842931937173,0.6387434554973822,0.981675392670157,0.45623329763515574,0.5508758058496488,0.5508758058496488,0.39000000106170774,14.101399981882423
730,0022_0,anms_4d,382,272,0.7120418848167539,0.6256544502617801,0.9790575916230366,0.4535993120077967,0.5474288041919511,0.5474288041919511,6.735500006470829,14.24859999679029
731,0022_0,grid_round_robin,178,112,0.6292134831460674,0.5561797752808989,0.8539325842696629,3.645081689749496,4.542563558650095,4.542563558650095,0.26699999580159783,10.520200012251735
731,0022_0,anms_4d,178,108,0.6067415730337079,0.5561797752808989,0.8539325842696629,3.2890375142113046,4.118641949808543,4.118641949808543,2.4332000175490975,13.01439997041598
732,0022_0,grid_round_robin,723,517,0.715076071922545,0.681881051175657,0.9737206085753803,0.5939535155064155,0.6952051110363086,0.6952051110363086,0.5803000531159341,24.91770003689453
732,0022_0,anms_4d,723,501,0.6929460580912863,0.669432918395574,0.9681881051175657,0.5904405700285337,0.6383595185118084,0.6383595185118084,13.400800002273172,22.77400001185015
733,0022_0,grid_round_robin,1048,727,0.6937022900763359,0.6593511450381679,0.9704198473282443,0.25835676038091954,1.032581800096577,1.032581800096577,0.7285000174306333,41.77849995903671
733,0022_0,anms_4d,1048,712,0.6793893129770993,0.642175572519084,0.9685114503816794,0.24972898938097032,1.0397827294362407,1.0397827294362407,22.116800013463944,43.90170000260696
734,0022_0,grid_round_robin,622,418,0.6720257234726688,0.6655948553054662,0.9839228295819936,0.27757558248930525,1.4865513151889465,1.4865513151889465,0.5552999791689217,26.78149996791035
734,0022_0,anms_4d,622,423,0.680064308681672,0.6591639871382636,0.9790996784565916,0.0694141759651051,0.19688679942424914,0.19688679942424914,10.694800002966076,22.26100000552833
735,0022_0,grid_round_robin,664,361,0.5436746987951807,0.41566265060240964,0.9322289156626506,1.2662136130009158,1.5395050060767468,1.5395050060767468,0.5108999903313816,45.52580002928153
735,0022_0,anms_4d,664,358,0.5391566265060241,0.411144578313253,0.9216867469879518,1.5159533590714347,1.7966081492519432,1.7966081492519432,12.135099968872964,39.970099984202534
736,0022_0,grid_round_robin,542,378,0.6974169741697417,0.6642066420664207,0.974169741697417,0.2168693339486315,0.30456660714193123,0.30456660714193123,0.4440000047907233,23.29079998889938
736,0022_0,anms_4d,542,372,0.6863468634686347,0.6678966789667896,0.9760147601476015,0.3107457031346605,0.5222159846671918,0.5222159846671918,8.841099974233657,17.776800028514117
737,0022_0,grid_round_robin,618,384,0.6213592233009708,0.5938511326860841,0.9498381877022654,0.9644522354517433,5.048389175963557,5.048389175963557,0.6876999977976084,35.658400040119886
737,0022_0,anms_4d,618,376,0.6084142394822006,0.598705501618123,0.948220064724919,0.3812816686608719,1.857771020401372,1.857771020401372,10.561699979007244,32.250799995381385
738,0022_0,grid_round_robin,962,671,0.6975051975051975,0.6476091476091476,0.9760914760914761,0.13495218041224097,1.6346605976000188,1.6346605976000188,0.6526999641209841,35.65330000128597
738,0022_0,anms_4d,962,650,0.6756756756756757,0.6330561330561331,0.9698544698544699,0.13367524792626662,1.6221778550188308,1.6221778550188308,20.302000048104674,43.21110004093498
739,0022_0,grid_round_robin,681,359,0.527165932452276,0.49632892804698975,0.9016152716593245,0.5783376624138648,2.221385455113831,2.221385455113831,0.6070000235922635,71.7405000468716
739,0022_0,anms_4d,681,357,0.5242290748898678,0.4831130690161527,0.8928046989720999,0.5762704969125128,2.279954439760768,2.279954439760768,12.14459998300299,65.33169996691868
740,0022_0,grid_round_robin,181,76,0.4198895027624309,0.3756906077348066,0.7734806629834254,5.836645578158489,19.31716141380708,19.31716141380708,0.23669999791309237,25.890199991408736
740,0022_0,anms_4d,181,77,0.425414364640884,0.3867403314917127,0.7790055248618785,7.356365452437221,28.25094662590481,28.25094662590481,2.370100002735853,22.864500002469867
741,0022_0,grid_round_robin,683,452,0.6617862371888726,0.6661786237188873,0.9780380673499268,0.04161987974933941,0.1142041927644411,0.1142041927644411,0.5421999958343804,23.580099979881197
741,0022_0,anms_4d,683,445,0.6515373352855052,0.6515373352855052,0.9736456808199122,0.055127720628509805,0.05453109937726978,0.055127720628509805,12.386599963065237,26.511200005188584
742,0022_0,grid_round_robin,553,329,0.5949367088607594,0.5117540687160941,0.9023508137432188,0.7999774198306379,2.0228603986283034,2.0228603986283034,0.47909998102113605,25.89990000706166
742,0022_0,anms_4d,553,327,0.5913200723327305,0.5063291139240507,0.895117540687161,0.7717051265528514,1.9683171063004583,1.9683171063004583,9.045700018759817,26.22429997427389
743,0022_0,grid_round_robin,277,172,0.6209386281588448,0.6678700361010831,0.9747292418772563,0.6845954825726136,0.6726684564471357,0.6845954825726136,0.3129999968223274,15.005399996880442
743,0022_0,anms_4d,277,171,0.6173285198555957,0.6642599277978339,0.9711191335740073,4.361175250405656,5.7591846564196505,5.7591846564196505,4.259900015313178,16.85489999363199
744,0022_0,grid_round_robin,494,341,0.6902834008097166,0.6761133603238867,0.9919028340080972,0.5196989221033428,3.871201011070409,3.871201011070409,0.4716000403277576,21.853200043551624
744,0022_0,anms_4d,494,340,0.6882591093117408,0.6619433198380567,0.9919028340080972,0.5179553428381077,3.735010878343096,3.735010878343096,7.859700010158122,17.629100009799004
745,0022_0,grid_round_robin,507,310,0.611439842209073,0.4635108481262327,0.8856015779092702,0.3805593650445136,0.39715871373392825,0.39715871373392825,0.41719997534528375,20.423400041181594
745,0022_0,anms_4d,507,302,0.5956607495069034,0.46942800788954636,0.883629191321499,0.3735609532119548,0.3917133395543801,0.3917133395543801,8.19919997593388,28.460800007451326
746,0022_0,grid_round_robin,554,373,0.6732851985559567,0.5252707581227437,0.9548736462093863,1.3377384492777158,1.987898718227319,1.987898718227319,0.5078999674879014,17.4057999975048
746,0022_0,anms_4d,554,362,0.6534296028880866,0.51985559566787,0.9512635379061372,1.3080263548363054,1.9149753876535631,1.9149753876535631,9.05839999904856,24.309600004926324
747,0022_0,grid_round_robin,998,742,0.7434869739478958,0.7144288577154309,0.9659318637274549,0.1791789344641064,0.6079921820160181,0.6079921820160181,0.8094999939203262,25.72650002548471
747,0022_0,anms_4d,998,722,0.7234468937875751,0.6983967935871743,0.9619238476953907,0.17753788996541323,0.628286103077847,0.628286103077847,23.23170000454411,26.244200009386986
748,0022_0,grid_round_robin,175,108,0.6171428571428571,0.48,0.9485714285714286,0.7305583400570558,3.2400944835053895,3.2400944835053895,0.26539998361840844,11.062300007324666
748,0022_0,anms_4d,175,104,0.5942857142857143,0.4857142857142857,0.9428571428571428,0.6746432727906974,3.8326496435090855,3.8326496435090855,2.800700021907687,18.425599962938577
749,0022_0,grid_round_robin,641,467,0.7285491419656787,0.672386895475819,0.9734789391575663,0.35421217340458144,1.0973428828402294,1.0973428828402294,0.5570999928750098,24.99030000763014
749,0022_0,anms_4d,641,460,0.717628705148206,0.672386895475819,0.9703588143525741,0.3537721616649147,1.092601592804652,1.092601592804652,12.036899977829307,21.110999980010092
750,0022_0,grid_round_robin,824,521,0.6322815533980582,0.5740291262135923,0.9696601941747572,0.6859950977595108,0.47348506092521664,0.6859950977595108,0.630799971986562,43.43960003461689
750,0022_0,anms_4d,824,508,0.616504854368932,0.5643203883495146,0.9660194174757282,0.7930502356979531,0.5022932714583022,0.7930502356979531,16.4072000188753,32.308699970599264
751,0022_0,grid_round_robin,360,225,0.625,0.6555555555555556,0.9583333333333334,0.09649965762439092,0.3709187564107613,0.3709187564107613,0.3785000299103558,20.43559995945543
751,0022_0,anms_4d,360,222,0.6166666666666667,0.6527777777777778,0.9583333333333334,0.1324869601674941,1.9698990945795682,1.9698990945795682,5.5321999825537205,27.59620000142604
752,0022_0,grid_round_robin,407,257,0.6314496314496314,0.5307125307125307,0.9582309582309583,0.8573922363852415,1.2681733092074312,1.2681733092074312,0.38569996831938624,17.472100036684424
752,0022_0,anms_4d,407,256,0.628992628992629,0.5307125307125307,0.9582309582309583,0.5517979200121547,1.2709504530477789,1.2709504530477789,6.2067999970167875,19.821900001261383
753,0022_0,grid_round_robin,326,236,0.7239263803680982,0.696319018404908,0.9693251533742331,1.7998176716619596,5.1706103165371715,5.1706103165371715,0.4838000168092549,13.754400017205626
753,0022_0,anms_4d,326,232,0.7116564417177914,0.6809815950920245,0.9631901840490797,1.660440284415892,4.777253866581588,4.777253866581588,4.975799995008856,11.67500001611188
754,0022_0,grid_round_robin,235,149,0.6340425531914894,0.49361702127659574,0.9574468085106383,4.41525779849324,2.5819595535343147,4.41525779849324,0.2604000037536025,11.566700006369501
754,0022_0,anms_4d,235,140,0.5957446808510638,0.4808510638297872,0.948936170212766,4.80806779274427,2.758568228031644,4.80806779274427,3.3990999800153077,13.68109998293221
755,0022_0,grid_round_robin,465,283,0.6086021505376344,0.5010752688172043,0.9118279569892473,0.9500594544900025,1.846958421974131,1.846958421974131,0.4340999876148999,27.913999976590276
755,0022_0,anms_4d,465,281,0.6043010752688172,0.5010752688172043,0.9182795698924732,1.0684854787083753,2.0973555924286416,2.0973555924286416,8.211900014430285,25.931199954356998
756,0022_0,grid_round_robin,598,450,0.7525083612040134,0.697324414715719,0.9782608695652174,0.24312750594751728,0.6164437368213148,0.6164437368213148,0.5002000252716243,16.692099976353347
756,0022_0,anms_4d,598,438,0.7324414715719063,0.677257525083612,0.9732441471571907,0.23864418584656188,0.602571299246513,0.602571299246513,10.479699994903058,21.309400035534054
757,0022_0,grid_round_robin,586,436,0.7440273037542662,0.6638225255972696,0.9778156996587031,0.6743597435564994,0.5261172666767847,0.6743597435564994,0.5552999791689217,18.972499994561076
757,0022_0,anms_4d,586,430,0.7337883959044369,0.6569965870307167,0.9761092150170648,0.6885335575309077,0.5346147461133907,0.6885335575309077,10.04390005255118,15.199500019662082
758,0022_0,grid_round_robin,798,541,0.6779448621553885,0.5213032581453634,0.9122807017543859,0.598109993803792,2.0545270463526246,2.0545270463526246,0.6095999851822853,41.61730001214892
758,0022_0,anms_4d,798,539,0.6754385964912281,0.5238095238095238,0.9122807017543859,0.6303056099902934,2.127714116293765,2.127714116293765,15.897399978712201,25.29369998956099
759,0022_0,grid_round_robin,589,395,0.6706281833616299,0.5212224108658744,0.9473684210526315,0.35861091123286315,0.21914702326777713,0.35861091123286315,0.5701999762095511,18.2566000148654
759,0022_0,anms_4d,589,384,0.6519524617996605,0.5042444821731749,0.9473684210526315,0.450014792363562,0.22360315615702825,0.450014792363562,10.540799994487315,20.74959996389225
760,0022_0,grid_round_robin,789,630,0.7984790874524715,0.7224334600760456,0.9657794676806084,0.4922996329803582,3.0341712664326463,3.0341712664326463,0.5746000097133219,17.36759999766946
760,0022_0,anms_4d,789,614,0.7782002534854245,0.7084917617237009,0.9645120405576679,0.5169500383189078,2.8165284369600316,2.8165284369600316,14.89150000270456,19.362799997907132
761,0022_0,grid_round_robin,220,134,0.6090909090909091,0.6227272727272727,0.9590909090909091,0.6162679215717684,2.7615982538910724,2.7615982538910724,0.2882999833673239,15.169600024819374
761,0022_0,anms_4d,220,135,0.6136363636363636,0.6181818181818182,0.9454545454545454,1.2891001069169776,3.7248990752193807,3.7248990752193807,2.8918000170961022,15.561499982140958
762,0022_0,grid_round_robin,453,301,0.6644591611479028,0.5607064017660044,0.9514348785871964,0.9246289180958315,1.6987353253921387,1.6987353253921387,0.4040999920107424,21.630899980664253
762,0022_0,anms_4d,453,293,0.6467991169977925,0.5607064017660044,0.9492273730684326,0.9636426382333095,1.7575800090396176,1.7575800090396176,7.308300002478063,22.657499997876585
763,0022_0,grid_round_robin,972,678,0.6975308641975309,0.6934156378600823,0.9660493827160493,0.3358566421713605,5.567167448364422,5.567167448364422,0.673100003041327,43.87069999938831
763,0022_0,anms_4d,972,660,0.6790123456790124,0.6790123456790124,0.9619341563786008,0.3452951179476434,5.367904934663373,5.367904934663373,20.089700003154576,53.05930000031367
764,0022_0,grid_round_robin,672,425,0.6324404761904762,0.6383928571428571,0.9642857142857143,0.07636431554223137,0.5588807182023114,0.5588807182023114,0.5396000342443585,32.03270002268255
764,0022_0,anms_4d,672,424,0.6309523809523809,0.6294642857142857,0.9627976190476191,0.1439647151666406,0.958520928639296,0.958520928639296,11.969499988481402,34.277800004929304
765,0022_0,grid_round_robin,319,201,0.6300940438871473,0.6363636363636364,0.9655172413793104,0.6009026576764516,1.8899669081263815,1.8899669081263815,0.36399997770786285,18.694299971684813
765,0022_0,anms_4d,319,194,0.6081504702194357,0.6144200626959248,0.9529780564263323,0.5999013411443312,1.8797896845717799,1.8797896845717799,4.6366999740712345,16.172700037714094
766,0022_0,grid_round_robin,900,607,0.6744444444444444,0.6688888888888889,0.9855555555555555,0.717929721371013,1.2318447324615422,1.2318447324615422,0.6916000274941325,33.511499990709126
766,0022_0,anms_4d,900,587,0.6522222222222223,0.6477777777777778,0.9811111111111112,0.8234624022767234,1.4662203389724071,1.4662203389724071,17.837800027336925,33.114699996076524
767,0022_0,grid_round_robin,471,348,0.7388535031847133,0.6878980891719745,0.9660297239915074,0.36537131187631394,0.445590539843935,0.445590539843935,0.4536999622359872,18.092499987687916
767,0022_0,anms_4d,471,335,0.7112526539278131,0.6645435244161358,0.9575371549893843,0.35615242083933213,0.4340993195886412,0.4340993195886412,7.393599953502417,17.569900024682283
768,0022_0,grid_round_robin,242,144,0.5950413223140496,0.6157024793388429,0.9793388429752066,0.6478661521907331,2.0613701732750758,2.0613701732750758,0.31589996069669724,16.028499987442046
768,0022_0,anms_4d,242,142,0.5867768595041323,0.6033057851239669,0.9752066115702479,0.6215492611944782,1.845098529822865,1.845098529822865,3.374599968083203,18.797700002323836
769,0022_0,grid_round_robin,579,363,0.6269430051813472,0.6338514680483592,0.9706390328151986,1.135271944866437,0.5885492982050351,1.135271944866437,0.5079999682493508,25.99779999582097
769,0022_0,anms_4d,579,362,0.6252158894645942,0.6321243523316062,0.9689119170984456,1.061829835008719,0.3821364053641463,1.061829835008719,9.65999998152256,29.65899999253452
770,0022_0,grid_round_robin,629,386,0.6136724960254372,0.5643879173290938,0.9236883942766295,0.4097990653547459,1.159361711067548,1.159361711067548,0.5863999831490219,29.710300033912063
770,0022_0,anms_4d,629,380,0.604133545310016,0.5564387917329093,0.9173290937996821,0.405480116883118,1.1427199848439011,1.1427199848439011,13.022500032093376,22.89809996727854
771,0022_0,grid_round_robin,588,376,0.6394557823129252,0.5714285714285714,0.9472789115646258,0.7792691421446146,1.685086275934086,1.685086275934086,0.5184999899938703,22.392400016542524
771,0022_0,anms_4d,588,369,0.6275510204081632,0.5595238095238095,0.9387755102040817,0.6773736503614085,1.4877172184842997,1.4877172184842997,10.518399998545647,23.56909995432943
772,0022_0,grid_round_robin,809,595,0.7354758961681088,0.6934487021013597,0.9678615574783683,0.4086006298529199,1.4406046381027762,1.4406046381027762,0.604200002271682,24.222099978942424
772,0022_0,anms_4d,809,589,0.7280593325092707,0.688504326328801,0.9678615574783683,0.4006818343117789,1.4282904885195136,1.4282904885195136,15.11239999672398,23.761400021612644
773,0022_0,grid_round_robin,745,536,0.7194630872483222,0.6751677852348993,0.9677852348993289,0.4644955336429291,1.0695232644348167,1.0695232644348167,0.6098000449128449,31.001800030935556
773,0022_0,anms_4d,745,535,0.7181208053691275,0.6738255033557047,0.9664429530201343,0.3587234386368388,0.8250947334120877,0.8250947334120877,13.97739996900782,24.4185000192374
774,0022_0,grid_round_robin,543,388,0.714548802946593,0.6906077348066298,0.9779005524861878,0.15904295474331012,0.5766164167414894,0.5766164167414894,0.4507000558078289,19.89060000050813
774,0022_0,anms_4d,543,385,0.7090239410681399,0.6869244935543278,0.9760589318600368,0.14135509686722317,0.5136620810004822,0.5136620810004822,9.106399957090616,18.34080001572147
775,0022_0,grid_round_robin,205,113,0.551219512195122,0.4926829268292683,0.8731707317073171,8.846573132886032,16.2283791962956,16.2283791962956,0.3090000245720148,20.91409999411553
775,0022_0,anms_4d,205,114,0.5560975609756098,0.4926829268292683,0.8682926829268293,9.006945787674207,17.50890463284853,17.50890463284853,2.709200023673475,17.411499982699752
776,0022_0,grid_round_robin,825,583,0.7066666666666667,0.64,0.9769696969696969,0.4188857318079611,1.2132933733676725,1.2132933733676725,0.6283000111579895,34.12739996565506
776,0022_0,anms_4d,825,573,0.6945454545454546,0.6290909090909091,0.9696969696969697,0.5205568102539635,1.4912208481019051,1.4912208481019051,16.1585999885574,29.302600014489144
777,0022_0,grid_round_robin,466,302,0.648068669527897,0.5429184549356223,0.9420600858369099,0.4046728940740646,0.862479584902137,0.862479584902137,0.4743000026792288,23.023199988529086
777,0022_0,anms_4d,466,306,0.6566523605150214,0.5472103004291845,0.9420600858369099,0.41259262317033696,0.8860345473832375,0.8860345473832375,7.471100019756705,20.14069998404011
778,0022_0,grid_round_robin,566,357,0.6307420494699647,0.5706713780918727,0.9681978798586572,0.2766271174356788,0.696539418047084,0.696539418047084,0.5314000300131738,33.68699998827651
778,0022_0,anms_4d,566,354,0.6254416961130742,0.568904593639576,0.9628975265017667,0.2286039579057763,0.0873645212119635,0.2286039579057763,9.551099967211485,34.585700021125376
779,0022_0,grid_round_robin,808,614,0.7599009900990099,0.7042079207920792,0.9876237623762376,0.1402181807728835,0.29554062417280863,0.29554062417280863,0.6160000339150429,21.980300021823496
779,0022_0,anms_4d,808,606,0.75,0.6918316831683168,0.9839108910891089,0.13940555915500832,0.275721272687761,0.275721272687761,15.253400022629648,26.32969996193424
780,0022_0,grid_round_robin,386,263,0.6813471502590673,0.5958549222797928,0.9585492227979274,0.36670058147998297,0.73910445074884,0.73910445074884,0.39490003837272525,20.633900014217943
780,0022_0,anms_4d,386,258,0.6683937823834197,0.5854922279792746,0.9481865284974094,0.27714376976822397,0.5622443244124102,0.5622443244124102,5.719500011764467,17.80610001878813
781,0022_0,grid_round_robin,427,280,0.6557377049180327,0.6557377049180327,0.9508196721311475,0.037923064170501744,0.33908437099879485,0.33908437099879485,0.36810000892728567,22.43299997644499
781,0022_0,anms_4d,427,269,0.629976580796253,0.6370023419203747,0.9484777517564403,0.3516805805078696,2.906240964668652,2.906240964668652,6.522199953906238,30.148099991492927
782,0022_0,grid_round_robin,548,365,0.666058394160584,0.6478102189781022,0.9653284671532847,0.5754685850531558,0.7802297512326554,0.7802297512326554,0.4903000080958009,18.734499986749142
782,0022_0,anms_4d,548,363,0.6624087591240876,0.635036496350365,0.9543795620437956,0.6927807322406315,0.9197444626194221,0.9197444626194221,9.255400043912232,17.989400017540902
783,0022_0,grid_round_robin,674,451,0.6691394658753709,0.6691394658753709,0.956973293768546,0.17471549823176516,0.4954619352286034,0.4954619352286034,0.553299963939935,35.68590001668781
783,0022_0,anms_4d,674,443,0.6572700296735905,0.6543026706231454,0.9451038575667656,0.16113804810147972,2.3364668470556187,2.3364668470556187,12.571499974001199,28.369400009978563
784,0022_0,grid_round_robin,1077,659,0.6118848653667596,0.531104921077066,0.9062209842154132,0.8145507872464105,1.775788744361135,1.775788744361135,0.7955999462865293,66.29039999097586
784,0022_0,anms_4d,1077,638,0.5923862581244197,0.5264623955431755,0.9015784586815228,0.2893617993962421,0.6278243030077748,0.6278243030077748,23.020800028461963,54.588800005149096
785,0022_0,grid_round_robin,679,423,0.6229749631811488,0.6067746686303387,0.9410898379970545,0.3886498925331159,0.7727922350100755,0.7727922350100755,0.5148999625816941,35.7240000157617
785,0022_0,anms_4d,679,421,0.6200294550810015,0.6038291605301914,0.9396170839469808,0.315440423149195,0.6081657214237715,0.6081657214237715,12.316999956965446,32.69590000854805
786,0022_0,grid_round_robin,322,181,0.562111801242236,0.5186335403726708,0.9596273291925466,2.3128588764746665,3.4530378614339647,3.4530378614339647,0.42100000428035855,25.186799990478903
786,0022_0,anms_4d,322,181,0.562111801242236,0.5186335403726708,0.9565217391304348,2.6174379653176008,3.691831654362412,3.691831654362412,5.160200002137572,23.442999983672053
787,0022_0,grid_round_robin,630,443,0.7031746031746032,0.6619047619047619,0.9507936507936507,0.12665696411498067,0.46376311168693546,0.46376311168693546,0.5511000053957105,29.933700046967715
787,0022_0,anms_4d,630,435,0.6904761904761905,0.6523809523809524,0.9412698412698413,0.12312826324597621,0.4576763596035203,0.4576763596035203,11.374900001101196,33.433100034017116
788,0022_0,grid_round_robin,551,377,0.6842105263157895,0.676950998185118,0.9782214156079855,0.08771725798635162,0.11727622614531406,0.11727622614531406,0.45520003186538815,23.573099984787405
788,0022_0,anms_4d,551,368,0.6678765880217786,0.6569872958257713,0.9673321234119783,0.12118971629597285,0.32004324237422505,0.32004324237422505,9.801600011996925,28.31050002714619
789,0022_0,grid_round_robin,782,492,0.629156010230179,0.4641943734015345,0.8516624040920716,0.352993482036827,1.2057809260171115,1.2057809260171115,0.6526000215671957,38.987800013273954
789,0022_0,anms_4d,782,478,0.6112531969309463,0.4578005115089514,0.850383631713555,0.3786601522700687,1.1766057118933946,1.1766057118933946,15.31839999370277,45.20619998220354
790,0022_0,grid_round_robin,679,475,0.6995581737849779,0.6023564064801178,0.9617083946980854,0.40954870317208447,2.8359400313213845,2.8359400313213845,0.5481999833136797,25.81859997007996
790,0022_0,anms_4d,679,461,0.678939617083947,0.5802650957290133,0.9543446244477173,0.4096425881790031,2.775266324089398,2.775266324089398,12.470400019083172,24.08230002038181
791,0022_0,grid_round_robin,702,370,0.5270655270655271,0.5284900284900285,0.9444444444444444,0.8953128000151528,0.8472022455682837,0.8953128000151528,0.528200005646795,44.029700045939535
791,0022_0,anms_4d,702,365,0.51994301994302,0.51994301994302,0.9373219373219374,0.7165042932609635,0.6591217176199762,0.7165042932609635,13.385700003709644,47.044500010088086
792,0022_0,grid_round_robin,764,476,0.6230366492146597,0.6191099476439791,0.9803664921465969,0.12080805139290596,1.0450956978626162,1.0450956978626162,0.5385000258684158,36.102999991271645
792,0022_0,anms_4d,764,463,0.606020942408377,0.6086387434554974,0.9764397905759162,0.137372024929874,0.17882811743065846,0.17882811743065846,15.341199992690235,35.35959997680038
793,0022_0,grid_round_robin,869,674,0.7756041426927502,0.7652474108170311,0.9930955120828538,0.8442831201786921,0.4380832145206615,0.8442831201786921,0.6694000330753624,24.251900031231344
793,0022_0,anms_4d,869,660,0.759493670886076,0.7525891829689298,0.9896432681242808,0.6413326614324516,0.35792499934597694,0.6413326614324516,17.147700011264533,20.685700001195073
794,0022_0,grid_round_robin,984,750,0.7621951219512195,0.7591463414634146,0.9979674796747967,1.061636673586996,0.4628880514496856,1.061636673586996,0.7022000500001013,33.025900018401444
794,0022_0,anms_4d,984,739,0.7510162601626016,0.7510162601626016,0.9979674796747967,1.0616105346031366,0.39810351150349754,1.0616105346031366,25.421699974685907,35.083599970676005
795,0022_0,grid_round_robin,750,526,0.7013333333333334,0.696,0.9893333333333333,0.41511657711794614,2.607497912251318,2.607497912251318,0.6627000402659178,26.037100004032254
795,0022_0,anms_4d,750,517,0.6893333333333334,0.6853333333333333,0.9826666666666667,0.04021309147653326,0.2440254130676262,0.2440254130676262,13.639500015415251,30.07809998234734
796,0022_0,grid_round_robin,556,387,0.6960431654676259,0.6888489208633094,0.9820143884892086,0.10764814134241697,0.2483849652631383,0.2483849652631383,0.533499987795949,17.014099983498454
796,0022_0,anms_4d,556,377,0.6780575539568345,0.6744604316546763,0.9748201438848921,0.1162904238624297,0.26892456119649394,0.26892456119649394,9.970700019039214,20.76650003436953
797,0022_0,grid_round_robin,543,364,0.6703499079189686,0.6335174953959485,0.9797421731123389,0.568830564179265,1.334309538622509,1.334309538622509,0.4822000046260655,18.56019999831915
797,0022_0,anms_4d,543,359,0.6611418047882136,0.6279926335174953,0.9760589318600368,0.25742979869981514,0.5284546041370228,0.5284546041370228,9.497400023974478,20.322699972894043
798,0022_0,grid_round_robin,971,659,0.678681771369722,0.6622039134912462,0.9938208032955715,0.08281904611782122,0.5554864178750114,0.5554864178750114,0.7031999994069338,40.10119999293238
798,0022_0,anms_4d,971,658,0.6776519052523172,0.6611740473738414,0.9938208032955715,0.07805134929528575,0.5249188999537786,0.5249188999537786,20.383700029924512,29.751699999906123
799,0022_0,grid_round_robin,369,283,0.7669376693766937,0.7127371273712737,0.986449864498645,0.6545383848207852,0.8027029167411421,0.8027029167411421,0.4900999483652413,13.030500034801662
799,0022_0,anms_4d,369,282,0.7642276422764228,0.7018970189701897,0.986449864498645,0.2839537197742924,0.32779408425639184,0.32779408425639184,5.520699953194708,14.043400005903095
800,0022_0,grid_round_robin,952,740,0.7773109243697479,0.7058823529411765,0.9936974789915967,0.3883820361217515,1.1901080920446505,1.1901080920446505,0.7118000066839159,25.552899984177202
800,0022_0,anms_4d,952,721,0.7573529411764706,0.6932773109243697,0.9936974789915967,0.5096528351929043,1.3249013004409849,1.3249013004409849,19.51569999800995,25.305500021204352
801,0022_0,grid_round_robin,641,385,0.6006240249609984,0.5569422776911076,0.9594383775351014,0.35161104750086153,1.5965999489210017,1.5965999489210017,0.5614999681711197,40.58139998232946
801,0022_0,anms_4d,641,380,0.592823712948518,0.5491419656786272,0.9578783151326054,0.41086798042844536,1.9716448629183474,1.9716448629183474,11.350299988407642,55.47259998274967
802,0022_0,grid_round_robin,221,111,0.502262443438914,0.4796380090497738,0.9140271493212669,9.452226253178647,6.848201630327047,9.452226253178647,0.26020000223070383,52.1061000181362
802,0022_0,anms_4d,221,115,0.5203619909502263,0.4751131221719457,0.9095022624434389,3.3200534547968634,2.4558565957796836,3.3200534547968634,8.38439998915419,27.711200003977865
803,0022_0,grid_round_robin,314,199,0.6337579617834395,0.6719745222929936,0.9777070063694268,1.0261222529537866,3.5694347311134047,3.5694347311134047,0.6840999703854322,14.794100017752498
803,0022_0,anms_4d,314,197,0.6273885350318471,0.6624203821656051,0.9713375796178344,0.9495329180405598,3.3701184710401084,3.3701184710401084,4.4911999721080065,18.750499992165715
804,0022_0,grid_round_robin,838,551,0.6575178997613366,0.6599045346062052,0.9880668257756563,0.07360698675162232,0.7039979464407254,0.7039979464407254,0.6064999615773559,37.003799981903285
804,0022_0,anms_4d,838,544,0.649164677804296,0.6479713603818615,0.9856801909307876,0.14985286404449383,1.195664697148446,1.195664697148446,16.546000028029084,33.382900001015514
805,0022_0,grid_round_robin,1005,692,0.6885572139303483,0.6716417910447762,0.9900497512437811,0.26578393021987085,3.470029354557424,3.470029354557424,0.722200027666986,33.89880002941936
805,0022_0,anms_4d,1005,679,0.6756218905472637,0.6616915422885572,0.9860696517412936,0.30914174611838957,4.111013460941777,4.111013460941777,20.896799978800118,49.89429999841377
806,0022_0,grid_round_robin,391,255,0.6521739130434783,0.6982097186700768,0.9846547314578005,1.8917529063064646,26.542349571923392,26.542349571923392,0.36619999445974827,18.12439999775961
806,0022_0,anms_4d,391,254,0.649616368286445,0.6930946291560103,0.979539641943734,2.4702465081433167,30.71284932770258,30.71284932770258,5.724499991629273,21.024299960117787
807,0022_0,grid_round_robin,409,239,0.5843520782396088,0.5550122249388753,0.9633251833740831,0.5289833843430674,1.1673565828373693,1.1673565828373693,0.39300002390518785,25.459199969191104
807,0022_0,anms_4d,409,239,0.5843520782396088,0.5599022004889975,0.9633251833740831,0.4882900564368438,1.0196107446269473,1.0196107446269473,6.372499978169799,30.250300012994558
808,0022_0,grid_round_robin,892,661,0.7410313901345291,0.7242152466367713,0.9865470852017937,0.12138211526477677,0.6812590726519614,0.6812590726519614,0.6535000284202397,38.70109998388216
808,0022_0,anms_4d,892,640,0.7174887892376681,0.7040358744394619,0.9775784753363229,0.1469239328055725,0.8752111991325301,0.8752111991325301,20.050199993420392,33.20999996503815
809,0022_0,grid_round_robin,1029,745,0.7240038872691934,0.7278911564625851,0.9961127308066083,0.36490199355276104,1.180473803653367,1.180473803653367,0.7313999813050032,46.323199989274144
809,0022_0,anms_4d,1029,734,0.7133138969873664,0.7152575315840622,0.9922254616132167,0.4318551621368954,1.4449042449031404,1.4449042449031404,22.26529998006299,34.326600027270615
810,0022_0,grid_round_robin,1023,786,0.7683284457478006,0.7536656891495601,1.0,0.3256406171571079,1.2229315248073471,1.2229315248073471,0.7514999597333372,39.243900042492896
810,0022_0,anms_4d,1023,773,0.7556207233626588,0.7429130009775171,0.9980449657869013,0.2886664663310322,1.0814585879233318,1.0814585879233318,22.12199999485165,20.461999985855073
811,0022_0,grid_round_robin,632,461,0.7294303797468354,0.7325949367088608,0.9936708860759493,0.19810193415001826,1.145066646783758,1.145066646783758,0.5960999988019466,30.644399987068027
811,0022_0,anms_4d,632,457,0.7231012658227848,0.7262658227848101,0.9857594936708861,0.1949096679536022,1.1442312226599516,1.1442312226599516,10.792899993248284,23.542199982330203
812,0022_0,grid_round_robin,684,443,0.6476608187134503,0.6359649122807017,0.9868421052631579,0.0691576409325401,0.2588916356731296,0.2588916356731296,0.5739000043831766,30.053600028622895
812,0022_0,anms_4d,684,438,0.6403508771929824,0.6345029239766082,0.9736842105263158,0.05165526638935113,0.2340659267944114,0.2340659267944114,12.214599992148578,26.73280000453815
813,0022_0,grid_round_robin,772,580,0.7512953367875648,0.75,0.9831606217616581,0.06686044925093984,0.10261203457646566,0.10261203457646566,0.6774999783374369,43.841300008352846
813,0022_0,anms_4d,772,566,0.7331606217616581,0.7331606217616581,0.9792746113989638,0.0502022497469726,0.022941987016378104,0.0502022497469726,14.44260001881048,26.434400002472103
814,0022_0,grid_round_robin,558,376,0.6738351254480287,0.6702508960573477,0.9946236559139785,0.7245876086959765,3.6551678641994005,3.6551678641994005,0.5056000081822276,21.99300000211224
814,0022_0,anms_4d,558,369,0.6612903225806451,0.6648745519713262,0.9946236559139785,0.23011594521373624,1.9362789442059811,1.9362789442059811,9.596200019586831,23.32759997807443
815,0022_0,grid_round_robin,657,437,0.665144596651446,0.6103500761035008,0.969558599695586,0.1884125220691954,0.6958318465919071,0.6958318465919071,0.49999996554106474,25.9444999974221
815,0022_0,anms_4d,657,420,0.639269406392694,0.6012176560121766,0.9649923896499238,0.4600880542712174,1.5542745522694272,1.5542745522694272,11.79220003541559,29.09120003459975
816,0022_0,grid_round_robin,792,584,0.7373737373737373,0.6704545454545454,0.9671717171717171,0.19491301960994412,0.15815333367311232,0.19491301960994412,0.6132000125944614,45.55219999747351
816,0022_0,anms_4d,792,570,0.7196969696969697,0.6565656565656566,0.9633838383838383,0.19525996846087484,0.15719783693119116,0.19525996846087484,15.005299996118993,25.69239999866113
817,0022_0,grid_round_robin,241,151,0.6265560165975104,0.5643153526970954,0.979253112033195,1.3710219802274621,1.4348517790314546,1.4348517790314546,0.3850000211969018,14.786799962166697
817,0022_0,anms_4d,241,150,0.6224066390041494,0.5726141078838174,0.970954356846473,1.1360070161101254,1.4228352067371077,1.4228352067371077,3.6960000288672745,14.144200016744435
818,0022_0,grid_round_robin,238,156,0.6554621848739496,0.7100840336134454,0.9915966386554622,2.09307331195382,8.308750499673557,8.308750499673557,0.2614000113680959,13.21139995707199
818,0022_0,anms_4d,238,155,0.6512605042016807,0.6932773109243697,0.9831932773109243,2.117070881144048,8.159444967215308,8.159444967215308,3.415499988477677,12.883500021416694
819,0022_0,grid_round_robin,631,424,0.6719492868462758,0.6117274167987322,0.9286846275752774,0.5126094965676551,6.237887477687661,6.237887477687661,0.6158000323921442,36.25770000508055
819,0022_0,anms_4d,631,415,0.6576862123613312,0.5990491283676703,0.9207606973058637,0.3844734551715931,4.422870298289265,4.422870298289265,16.0217999946326,36.070299975108355
820,0022_0,grid_round_robin,537,307,0.5716945996275605,0.5493482309124768,0.9348230912476723,0.6746936936594519,2.0307222110369794,2.0307222110369794,0.4762000171467662,29.799999960232526
820,0022_0,anms_4d,537,296,0.5512104283054003,0.553072625698324,0.9236499068901304,0.6931042125750069,2.2864607526318292,2.2864607526318292,12.140599952545017,33.9376000338234
821,0022_0,grid_round_robin,576,391,0.6788194444444444,0.4861111111111111,0.8975694444444444,1.8224874664879915,1.291650930735406,1.8224874664879915,0.569600029848516,27.75029995245859
821,0022_0,anms_4d,576,386,0.6701388888888888,0.4826388888888889,0.9027777777777778,1.9350482644030385,1.2841804696196426,1.9350482644030385,9.838500001933426,15.720300027169287
822,0022_0,grid_round_robin,671,432,0.6438152011922503,0.5916542473919523,0.9716840536512668,4.365296324532613,8.417682295565221,8.417682295565221,0.6176000460982323,27.039700013119727
822,0022_0,anms_4d,671,430,0.6408345752608048,0.5931445603576752,0.9672131147540983,4.339361408568907,8.362123066874727,8.362123066874727,12.810900050681084,31.347600044682622
823,0022_0,grid_round_robin,777,551,0.7091377091377091,0.6833976833976834,0.9523809523809523,0.5013604825152561,9.109759044556823,9.109759044556823,0.6155000301077962,37.550399953033775
823,0022_0,anms_4d,777,544,0.7001287001287001,0.6705276705276705,0.9395109395109396,0.2592858931148126,4.849133573695555,4.849133573695555,14.18500003637746,40.15720001189038
824,0022_0,grid_round_robin,431,281,0.6519721577726219,0.6635730858468677,0.9814385150812065,1.0777259039868818,4.051328093151961,4.051328093151961,0.48230000538751483,23.24070001486689
824,0022_0,anms_4d,431,282,0.654292343387471,0.6589327146171694,0.9791183294663574,2.921087911522848,9.269772613506118,9.269772613506118,7.1143999812193215,20.515099982731044
825,0022_0,grid_round_robin,400,254,0.635,0.64,0.9575,1.1235373414243266,4.485807933655438,4.485807933655438,0.43860002188012004,19.467099977191538
825,0022_0,anms_4d,400,248,0.62,0.625,0.9475,1.5459890918878816,5.238086238761518,5.238086238761518,6.642599997576326,18.864699988625944
826,0022_0,grid_round_robin,981,684,0.6972477064220184,0.7013251783893986,0.9918450560652395,0.25976673777936976,1.7787689035666674,1.7787689035666674,0.6991000263951719,32.92890003649518
826,0022_0,anms_4d,981,685,0.6982670744138634,0.6982670744138634,0.9887869520897044,0.17979104522100883,1.2104739771157846,1.2104739771157846,20.31270001316443,30.435799970291555
827,0022_0,grid_round_robin,804,553,0.6878109452736318,0.6940298507462687,0.9937810945273632,0.10265446716182501,0.6222970517988067,0.6222970517988067,1.1142999865114689,32.31629997026175
827,0022_0,anms_4d,804,537,0.667910447761194,0.6766169154228856,0.9850746268656716,0.25578502855471763,1.7638711903749207,1.7638711903749207,15.240900043863803,31.410800002049655
828,0022_0,grid_round_robin,408,273,0.6691176470588235,0.6299019607843137,0.9264705882352942,0.5979143992194291,0.9730982364592058,0.9730982364592058,0.4178000381216407,14.511300018057227
828,0022_0,anms_4d,408,267,0.6544117647058824,0.6102941176470589,0.9191176470588235,0.15345688702724225,0.19942207926080474,0.19942207926080474,6.29089999711141,17.620999948121607
829,0022_0,grid_round_robin,390,267,0.6846153846153846,0.6897435897435897,0.9666666666666667,0.13197882338954658,0.4685012254017613,0.4685012254017613,0.38000004133209586,17.19709997996688
829,0022_0,anms_4d,390,264,0.676923076923077,0.676923076923077,0.958974358974359,0.16829154982772596,0.6005227990555707,0.6005227990555707,5.911599961109459,15.209399978630245
830,0022_0,grid_round_robin,491,258,0.5254582484725051,0.5458248472505092,0.9185336048879837,1.2932528739017972,1.6200853592454223,1.6200853592454223,0.41009997949004173,34.21900002285838
830,0022_0,anms_4d,491,263,0.5356415478615071,0.5539714867617108,0.9144602851323829,0.8877569308003193,1.1426076029837156,1.1426076029837156,8.096999954432249,38.343099993653595
831,0022_0,grid_round_robin,359,264,0.7353760445682451,0.6740947075208914,0.9888579387186629,0.5892447358423586,0.8401485106199306,0.8401485106199306,0.4107999848201871,13.573600037489086
831,0022_0,anms_4d,359,262,0.7298050139275766,0.6740947075208914,0.9832869080779945,0.6192218724403215,0.9210885875588041,0.9210885875588041,5.236900004092604,11.553899967111647
832,0022_0,grid_round_robin,820,514,0.6268292682926829,0.5048780487804878,0.9329268292682927,3.8781898236548904,5.7535878173271335,5.7535878173271335,0.6923000328242779,38.73209998710081
832,0022_0,anms_4d,820,514,0.6268292682926829,0.5085365853658537,0.9390243902439024,3.6563909713814837,5.443581400422922,5.443581400422922,16.445099958218634,37.018499977421016
833,0022_0,grid_round_robin,546,417,0.7637362637362637,0.7161172161172161,0.9725274725274725,0.4730215924904986,0.68332393566447,0.68332393566447,0.500100024510175,20.50990000134334
833,0022_0,anms_4d,546,403,0.7380952380952381,0.6941391941391941,0.9652014652014652,0.5773362489954008,0.8563260031885019,0.8563260031885019,9.055199974682182,22.129599994514138
834,0022_0,grid_round_robin,411,255,0.6204379562043796,0.5717761557177615,0.948905109489051,3.311886789443167,2.6222034623280606,3.311886789443167,0.39770000148564577,19.147700048051775
834,0022_0,anms_4d,411,241,0.5863746958637469,0.559610705596107,0.9464720194647201,3.339021183917039,2.624202190526765,3.339021183917039,6.452600006014109,23.83190003456548
835,0022_0,grid_round_robin,738,547,0.7411924119241192,0.7357723577235772,0.967479674796748,0.07304047585853589,1.1097428127185878,1.1097428127185878,0.5723999929614365,26.86620003078133
835,0022_0,anms_4d,738,528,0.7154471544715447,0.7222222222222222,0.959349593495935,0.2453564851382944,5.755977194488033,5.755977194488033,13.789099990390241,41.40390001703054
836,0022_0,grid_round_robin,536,343,0.6399253731343284,0.6399253731343284,0.9664179104477612,0.1499907365642423,0.5161146760534474,0.5161146760534474,0.5130000063218176,28.48699997412041
836,0022_0,anms_4d,536,328,0.6119402985074627,0.621268656716418,0.9589552238805971,0.13196058733204372,0.5290070890082751,0.5290070890082751,9.078000031877309,34.19530001701787
837,0022_0,grid_round_robin,693,424,0.6118326118326118,0.6132756132756133,0.974025974025974,0.5773688879741384,0.45508727616856043,0.5773688879741384,0.6402999861165881,40.84879998117685
837,0022_0,anms_4d,693,409,0.5901875901875901,0.6002886002886003,0.9696969696969697,0.2573513808347114,0.19800007898282032,0.2573513808347114,12.67949998145923,29.50319997034967
838,0022_0,grid_round_robin,256,169,0.66015625,0.68359375,0.98046875,1.87724466704888,8.0653453319005,8.0653453319005,0.3269000444561243,12.443799991160631
838,0022_0,anms_4d,256,169,0.66015625,0.67578125,0.98046875,2.0549261448272818,8.763054905324422,8.763054905324422,4.72050003008917,15.288499998860061
839,0022_0,grid_round_robin,711,552,0.7763713080168776,0.7074542897327707,0.9887482419127989,0.060419268404744146,0.3698683849034866,0.3698683849034866,0.6471999804489315,13.709500024560839
839,0022_0,anms_4d,711,536,0.7538677918424754,0.6905766526019691,0.9859353023909986,0.0605116467053111,0.37243811921078696,0.37243811921078696,12.734699994325638,15.298699960112572
840,0022_0,grid_round_robin,303,223,0.735973597359736,0.636963696369637,0.966996699669967,0.11861981577581973,0.088590336669309,0.11861981577581973,0.4959999932907522,9.424199990462512
840,0022_0,anms_4d,303,216,0.7128712871287128,0.6204620462046204,0.966996699669967,0.09540978291912088,0.07582591589610914,0.09540978291912088,4.365000000689179,11.358399991877377
841,0022_0,grid_round_robin,776,510,0.6572164948453608,0.6430412371134021,0.9755154639175257,1.3963315674313848,1.0166845924005403,1.3963315674313848,0.750300008803606,25.415799987968057
841,0022_0,anms_4d,776,511,0.6585051546391752,0.6391752577319587,0.970360824742268,1.4139308188931279,1.0362803609285542,1.4139308188931279,15.049699984956533,25.78900003572926
842,0022_0,grid_round_robin,960,706,0.7354166666666667,0.7354166666666667,0.99375,0.22333967971596008,3.624809218261651,3.624809218261651,0.7303999736905098,33.41460000956431
842,0022_0,anms_4d,960,685,0.7135416666666666,0.715625,0.99375,0.2241447119814831,3.617637292051728,3.617637292051728,19.56579997204244,35.77919997042045
843,0022_0,grid_round_robin,420,279,0.6642857142857143,0.6095238095238096,0.969047619047619,0.30681384423406993,0.826950745856748,0.826950745856748,0.4089000285603106,17.49339996604249
843,0022_0,anms_4d,420,271,0.6452380952380953,0.5952380952380952,0.9642857142857143,0.25523340836367725,0.7044966414568492,0.7044966414568492,6.363099964801222,17.67430000472814
844,0022_0,grid_round_robin,680,459,0.675,0.6602941176470588,0.9823529411764705,0.40261258959277224,1.517812594947693,1.517812594947693,0.6814000080339611,33.978399995248765
844,0022_0,anms_4d,680,448,0.6588235294117647,0.6411764705882353,0.9823529411764705,0.44250818231968303,1.655502010676908,1.655502010676908,12.049400014802814,22.828199958894402
845,0022_0,grid_round_robin,595,374,0.6285714285714286,0.5277310924369748,0.9310924369747899,0.8652831200591605,9.99800195844968,9.99800195844968,0.49969996325671673,39.74269999889657
845,0022_0,anms_4d,595,372,0.6252100840336134,0.5243697478991597,0.9260504201680673,0.8764514599017159,10.008644573674136,10.008644573674136,10.550100007094443,39.66660000151023
846,0022_0,grid_round_robin,172,85,0.4941860465116279,0.4418604651162791,0.8081395348837209,3.439861419808517,7.848921632408611,7.848921632408611,0.23609999334439635,23.34249997511506
846,0022_0,anms_4d,172,84,0.4883720930232558,0.4418604651162791,0.813953488372093,4.095615112037074,9.100796255296123,9.100796255296123,2.1889000199735165,22.710599994752556
847,0022_0,grid_round_robin,596,407,0.6828859060402684,0.6761744966442953,0.9865771812080537,0.2926958624546162,0.7675401850908646,0.7675401850908646,0.5346000543795526,18.65820004604757
847,0022_0,anms_4d,596,401,0.6728187919463087,0.6677852348993288,0.9815436241610739,0.18162623032658412,0.442975433765446,0.442975433765446,10.385099973063916,23.026800015941262
848,0022_0,grid_round_robin,718,411,0.5724233983286908,0.5445682451253482,0.9303621169916435,0.6266874942460906,4.841888672539427,4.841888672539427,0.6284999544732273,61.24670000281185
848,0022_0,anms_4d,718,404,0.5626740947075209,0.5403899721448467,0.9317548746518106,0.5583556830693495,4.381999163662918,4.381999163662918,13.240100000984967,57.99450003542006
849,0022_0,grid_round_robin,832,609,0.7319711538461539,0.7259615384615384,0.9891826923076923,0.5268243403425076,1.3420651555694636,1.3420651555694636,0.7743000169284642,28.850100003182888
849,0022_0,anms_4d,832,607,0.7295673076923077,0.7211538461538461,0.9867788461538461,0.753774731507236,1.9007221442712499,1.9007221442712499,16.600599978119135,27.198299998417497
850,0022_0,grid_round_robin,789,577,0.7313054499366286,0.7122940430925222,0.9860583016476553,0.13415259986596104,0.6403650733233299,0.6403650733233299,0.6148000247776508,29.8039999906905
850,0022_0,anms_4d,789,559,0.7084917617237009,0.6945500633713562,0.9835234474017744,0.17447770342572233,0.9217231389141061,0.9217231389141061,14.760199992451817,18.982700014021248
851,0022_0,grid_round_robin,632,420,0.6645569620253164,0.6566455696202531,0.990506329113924,1.6708406440905346,3.253313283138288,3.253313283138288,0.6978000164963305,21.437899966258556
851,0022_0,anms_4d,632,419,0.6629746835443038,0.6629746835443038,0.9889240506329114,1.8993745661286978,3.8283973203936856,3.8283973203936856,10.962600004859269,24.56370001891628
852,0022_0,grid_round_robin,369,231,0.6260162601626016,0.5989159891598916,0.9024390243902439,1.1671060083192215,2.193306360478469,2.193306360478469,0.37429999792948365,19.18249996379018
852,0022_0,anms_4d,369,229,0.6205962059620597,0.5826558265582655,0.8943089430894309,0.1431737140766116,0.3282508698596716,0.3282508698596716,5.552700022235513,17.716800037305802
853,0022_0,grid_round_robin,461,322,0.6984815618221258,0.5683297180043384,0.9674620390455532,2.716036130394508,21.068253825795008,21.068253825795008,0.388299988117069,21.200900024268776
853,0022_0,anms_4d,461,317,0.6876355748373102,0.561822125813449,0.9609544468546638,2.570701044162567,20.163225758012455,20.163225758012455,7.040399999823421,21.826300013344735
854,0022_0,grid_round_robin,301,199,0.6611295681063123,0.6112956810631229,0.9800664451827242,0.4817376854233913,0.5159157646485454,0.5159157646485454,0.32789999386295676,13.26629996765405
854,0022_0,anms_4d,301,202,0.6710963455149501,0.6079734219269103,0.9767441860465116,0.4869068698596321,0.6148255983068525,0.6148255983068525,4.283700021915138,14.551199972629547
855,0022_0,grid_round_robin,496,320,0.6451612903225806,0.4959677419354839,0.9596774193548387,1.6267489025448674,1.3642243329416845,1.6267489025448674,0.43070001993328333,21.88929996918887
855,0022_0,anms_4d,496,320,0.6451612903225806,0.49193548387096775,0.9616935483870968,1.5122266762178158,1.2993299048152185,1.5122266762178158,8.050500007811934,24.281400023028255
856,0022_0,grid_round_robin,389,219,0.5629820051413882,0.570694087403599,0.9562982005141388,0.4680562260264858,1.34567769801636,1.34567769801636,0.4647999885492027,33.57430000323802
856,0022_0,anms_4d,389,217,0.5578406169665809,0.5681233933161953,0.9434447300771208,0.33672856338782114,0.9988044912309898,0.9988044912309898,5.726100003812462,31.155899981968105
857,0022_0,grid_round_robin,670,454,0.6776119402985075,0.6611940298507463,0.9835820895522388,1.4058311254222295,4.081644044961151,4.081644044961151,0.598300015553832,33.67079998133704
857,0022_0,anms_4d,670,448,0.6686567164179105,0.6522388059701493,0.9805970149253731,1.0314113489158125,3.0589138417250674,3.0589138417250674,12.107199989259243,22.028899984434247
858,0022_0,grid_round_robin,299,201,0.6722408026755853,0.5652173913043478,0.9230769230769231,0.8718562710284212,0.4884029906192084,0.8718562710284212,0.3545999643392861,12.879299989435822
858,0022_0,anms_4d,299,193,0.6454849498327759,0.5484949832775919,0.8996655518394648,0.8780822328101725,0.4941840365244617,0.8780822328101725,4.7441000351682305,13.063899998087436
859,0022_0,grid_round_robin,541,356,0.6580406654343808,0.5046210720887245,0.8946395563770795,0.7666701953746908,1.7302148129188577,1.7302148129188577,0.49299997044727206,27.472499990835786
859,0022_0,anms_4d,541,331,0.6118299445471349,0.4731977818853974,0.8853974121996303,0.7663665488420307,1.7019165779385141,1.7019165779385141,9.205100010149181,28.5137000028044
860,0022_0,grid_round_robin,406,284,0.6995073891625616,0.603448275862069,0.958128078817734,0.5743417102530554,0.463954187464562,0.5743417102530554,0.4102999810129404,13.531000004149973
860,0022_0,anms_4d,406,278,0.6847290640394089,0.5960591133004927,0.9556650246305419,0.6184590441415811,0.49829579688313347,0.6184590441415811,6.072100019082427,17.432799970265478
861,0022_0,grid_round_robin,653,440,0.6738131699846861,0.6845329249617151,0.9831546707503829,0.14744108773803052,0.250037841571238,0.250037841571238,0.48639997839927673,29.526199970860034
861,0022_0,anms_4d,653,431,0.6600306278713629,0.669218989280245,0.9785604900459418,0.1533647961705231,0.3048089622616398,0.3048089622616398,11.726199998520315,24.83470004517585
862,0022_0,grid_round_robin,774,573,0.7403100775193798,0.7183462532299741,0.9896640826873385,0.18773044940286468,0.6398231094516742,0.6398231094516742,0.6151999696157873,28.818099992349744
862,0022_0,anms_4d,774,564,0.7286821705426356,0.710594315245478,0.9922480620155039,0.13831665911358612,0.4678451863725937,0.4678451863725937,14.974099991377443,30.71530000306666
863,0022_0,grid_round_robin,408,244,0.5980392156862745,0.42401960784313725,0.8897058823529411,0.8150677970540904,11.998294465347362,11.998294465347362,0.5099000409245491,25.023499969393015
863,0022_0,anms_4d,408,239,0.5857843137254902,0.41911764705882354,0.8799019607843137,0.970542927362731,14.060760578078657,14.060760578078657,7.2861999506130815,27.315800020005554
864,0022_0,grid_round_robin,700,517,0.7385714285714285,0.5142857142857142,0.9528571428571428,0.5679664665845273,0.9633287737912292,0.9633287737912292,0.5597000126726925,19.15860001463443
864,0022_0,anms_4d,700,500,0.7142857142857143,0.5114285714285715,0.9485714285714286,0.5447613463590208,0.8969993908041037,0.8969993908041037,12.659300002269447,21.922099986113608
865,0022_0,grid_round_robin,537,376,0.7001862197392924,0.6517690875232774,0.8919925512104283,1.3183305248382156,7.289936925406744,7.289936925406744,0.6033999961800873,16.294099972583354
865,0022_0,anms_4d,537,364,0.6778398510242085,0.633147113594041,0.8845437616387337,1.3595752155968845,7.518523784816716,7.518523784816716,9.142599999904633,18.64889997523278
866,0022_0,grid_round_robin,224,158,0.7053571428571429,0.5982142857142857,0.8839285714285714,1.4435595935669767,1.0555045179607139,1.4435595935669767,0.2970999921672046,9.810699964873493
866,0022_0,anms_4d,224,162,0.7232142857142857,0.6071428571428571,0.8839285714285714,0.6093720952241527,0.31451620190618873,0.6093720952241527,3.2208000193350017,7.232800009660423
867,0022_0,grid_round_robin,596,389,0.6526845637583892,0.5788590604026845,0.9614093959731543,0.40795405949763786,2.3250234500419826,2.3250234500419826,0.7089999853633344,24.642400036100298
867,0022_0,anms_4d,596,385,0.6459731543624161,0.5805369127516778,0.9614093959731543,0.35177558412600207,2.0200741707307706,2.0200741707307706,10.202799981925637,24.1946000023745
868,0022_0,grid_round_robin,637,493,0.7739403453689168,0.6326530612244898,0.9607535321821036,0.12201173936476133,0.05941685493075263,0.12201173936476133,0.5236000288277864,13.705300050787628
868,0022_0,anms_4d,637,492,0.7723704866562009,0.6342229199372057,0.9591836734693877,0.2018340429422164,0.09260693963966196,0.2018340429422164,11.511499993503094,16.53189997887239
869,0022_0,grid_round_robin,561,365,0.6506238859180036,0.5775401069518716,0.9215686274509803,1.3060155418350436,3.7724970946851113,3.7724970946851113,0.5026999861001968,34.30400002980605
869,0022_0,anms_4d,561,362,0.6452762923351159,0.5811051693404634,0.9215686274509803,1.1022359884160995,3.1506563293871324,3.1506563293871324,9.733200015034527,34.907200024463236
870,0022_0,grid_round_robin,591,434,0.7343485617597293,0.7360406091370558,0.9813874788494078,0.1394685446160346,2.5489834652412107,2.5489834652412107,0.519900000654161,17.25929998792708
870,0022_0,anms_4d,591,435,0.7360406091370558,0.7309644670050761,0.9813874788494078,0.3366063515806182,5.672353082617651,5.672353082617651,10.348700045142323,20.37499996367842
871,0022_0,grid_round_robin,386,259,0.6709844559585493,0.6528497409326425,0.9766839378238342,1.9131144998096439,7.562573500020562,7.562573500020562,0.37480000173673034,15.810000011697412
871,0022_0,anms_4d,386,250,0.6476683937823834,0.6347150259067358,0.9637305699481865,1.8920591272727,7.4768097252589145,7.4768097252589145,6.1292999889701605,22.890099964570254
872,0022_0,grid_round_robin,320,186,0.58125,0.534375,0.903125,1.3722250404688319,6.65729022995409,6.65729022995409,0.34980004420503974,28.18910003406927
872,0022_0,anms_4d,320,181,0.565625,0.53125,0.89375,1.2163299772711385,5.872744392228051,5.872744392228051,4.5279000187292695,27.429899957496673
873,0022_0,grid_round_robin,405,297,0.7333333333333333,0.6,0.9580246913580247,0.29011272654595255,3.6904237434391396,3.6904237434391396,0.4314000252634287,29.232600005343556
873,0022_0,anms_4d,405,285,0.7037037037037037,0.5975308641975309,0.9604938271604938,0.45553199639481234,6.34207959104281,6.34207959104281,6.5595999476499856,15.715799992904067
874,0022_0,grid_round_robin,503,346,0.6878727634194831,0.6660039761431411,0.9701789264413518,1.1010320375703715,1.0958977493904736,1.1010320375703715,0.590900017414242,15.648900007363409
874,0022_0,anms_4d,503,341,0.6779324055666004,0.6560636182902585,0.952286282306163,1.0009528132630383,0.9930884572076948,1.0009528132630383,8.12650000443682,15.18930000020191
875,0022_0,grid_round_robin,354,255,0.7203389830508474,0.711864406779661,0.9858757062146892,0.33815217566450545,0.4774686414303169,0.4774686414303169,0.4239000263623893,14.091699966229498
875,0022_0,anms_4d,354,251,0.7090395480225988,0.7033898305084746,0.9830508474576272,1.3016065538307044,2.126987530801511,2.126987530801511,5.339199968148023,13.04560003336519
876,0022_0,grid_round_robin,593,388,0.654300168634064,0.5868465430016864,0.954468802698145,0.5085903140068411,0.4791518411476977,0.5085903140068411,0.4925000248476863,21.839399996679276
876,0022_0,anms_4d,593,384,0.6475548060708263,0.5902192242833052,0.9494097807757167,0.4817871740847428,0.4446270742488705,0.4817871740847428,10.0838000071235,28.19169999565929
877,0022_0,grid_round_robin,854,630,0.7377049180327869,0.7049180327868853,0.9789227166276346,0.30556675549644297,1.0893526430782736,1.0893526430782736,0.7273999508470297,34.70620000734925
877,0022_0,anms_4d,854,615,0.7201405152224825,0.6908665105386417,0.977751756440281,0.27980782926040326,0.9840501409303365,0.9840501409303365,28.19189999718219,29.88849999383092
878,0022_0,grid_round_robin,683,423,0.6193265007320644,0.6515373352855052,0.9736456808199122,0.8217155291199972,1.787294597517807,1.787294597517807,0.7033000001683831,38.37530000600964
878,0022_0,anms_4d,683,419,0.6134699853587116,0.6427525622254758,0.9677891654465594,0.8272402187729848,2.0872854446045515,2.0872854446045515,12.24089995957911,35.28120002010837
879,0022_0,grid_round_robin,618,391,0.6326860841423948,0.5938511326860841,0.9579288025889967,0.3294868273354894,0.9464781539648385,0.9464781539648385,0.5067999591119587,32.03130001202226
879,0022_0,anms_4d,618,382,0.6181229773462783,0.5760517799352751,0.9514563106796117,0.31776675291571355,0.9096409686281667,0.9096409686281667,10.82460000179708,25.866499985568225
880,0022_0,grid_round_robin,597,414,0.6934673366834171,0.6633165829145728,0.9564489112227805,0.3734022029792848,0.3946375488599549,0.3946375488599549,0.5244000349193811,18.803499988280237
880,0022_0,anms_4d,597,395,0.661641541038526,0.6348408710217756,0.9530988274706867,0.5324677008156127,0.719683459405065,0.719683459405065,9.978900023270398,21.065999986603856
881,0022_0,grid_round_robin,728,565,0.7760989010989011,0.7747252747252747,0.9615384615384616,0.34614115613596463,5.7575932712399265,5.7575932712399265,0.547999981790781,26.217699982225895
881,0022_0,anms_4d,728,548,0.7527472527472527,0.7527472527472527,0.9574175824175825,0.3709457765338392,5.861665256371233,5.861665256371233,13.624599960166961,31.48250002413988
882,0022_0,grid_round_robin,793,605,0.7629255989911727,0.7414880201765448,0.9924337957124842,1.1162063988613542,3.228090276873118,3.228090276873118,0.6269999430514872,21.57209999859333
882,0022_0,anms_4d,793,595,0.7503152585119798,0.7263556116015133,0.9924337957124842,1.0970836231564034,3.1733100557927103,3.1733100557927103,14.97889996971935,27.490000007674098
883,0022_0,grid_round_robin,512,358,0.69921875,0.70703125,0.947265625,0.04224431648152066,0.2454831621998549,0.2454831621998549,0.4521000082604587,22.572499990928918
883,0022_0,anms_4d,512,356,0.6953125,0.69921875,0.94140625,0.2641683918641233,1.3837628789931964,1.3837628789931964,8.361699990928173,18.82509997813031
884,0022_0,grid_round_robin,339,219,0.6460176991150443,0.6696165191740413,0.976401179941003,0.7569387879543175,0.4778669991798382,0.7569387879543175,0.3890999942086637,13.443699979688972
884,0022_0,anms_4d,339,210,0.6194690265486725,0.6371681415929203,0.9734513274336283,0.40690124512319836,0.09040787745741732,0.40690124512319836,5.196199985221028,16.15079998737201
885,0022_0,grid_round_robin,280,207,0.7392857142857143,0.7107142857142857,0.9821428571428571,0.4949007466513615,3.658938567463597,3.658938567463597,0.3188000409863889,10.244400007650256
885,0022_0,anms_4d,280,206,0.7357142857142858,0.7071428571428572,0.9821428571428571,0.3448473098209443,2.634132540339046,2.634132540339046,3.8851999561302364,11.063500016462058
886,0022_0,grid_round_robin,1129,773,0.6846767050487157,0.6793622674933569,0.9902568644818424,0.6624751328810252,2.4700416322244276,2.4700416322244276,0.8018999942578375,40.986299980431795
886,0022_0,anms_4d,1129,774,0.6855624446412755,0.6802480070859167,0.9920283436669619,0.6625728928424509,2.4508823780048936,2.4508823780048936,25.23460000520572,36.45079996204004
887,0022_0,grid_round_robin,800,514,0.6425,0.535,0.92375,0.34463928685050527,3.8637944704595837,3.8637944704595837,0.5751000135205686,43.5546999797225
887,0022_0,anms_4d,800,501,0.62625,0.53,0.92375,0.34183586771988267,3.838151096246142,3.838151096246142,15.85749996593222,44.41720002796501
888,0022_0,grid_round_robin,309,185,0.598705501618123,0.5792880258899676,0.9611650485436893,1.4447942590862712,0.5357574873088331,1.4447942590862712,0.35589997423812747,17.710199987050146
888,0022_0,anms_4d,309,187,0.6051779935275081,0.5566343042071198,0.948220064724919,2.1794581734623146,0.8944616811756088,2.1794581734623146,4.371000046376139,17.953200032934546
889,0022_0,grid_round_robin,399,260,0.6516290726817042,0.6842105263157895,0.9924812030075187,0.5183743835268327,6.0516161377332205,6.0516161377332205,0.43919996824115515,22.386000026017427
889,0022_0,anms_4d,399,261,0.6541353383458647,0.6942355889724311,0.9949874686716792,0.45794952455274307,4.965463128775257,4.965463128775257,6.061099993530661,16.086400020867586
890,0022_0,grid_round_robin,719,501,0.6968011126564673,0.4617524339360223,0.9304589707927677,0.46923830998985355,2.3855760688088288,2.3855760688088288,0.5680000176653266,24.999999965075403
890,0022_0,anms_4d,719,481,0.6689847009735744,0.45897079276773295,0.9318497913769124,0.45008320752691516,2.311869620503263,2.311869620503263,12.883200019132346,26.987800025381148
891,0022_0,grid_round_robin,407,283,0.6953316953316954,0.5184275184275184,0.914004914004914,3.399410008344355,2.9543499682342644,3.399410008344355,0.37700001848861575,15.372900001239032
891,0022_0,anms_4d,407,274,0.6732186732186732,0.4987714987714988,0.9066339066339066,3.350016580212655,2.9311512405231954,3.350016580212655,6.3325000228360295,18.073600018396974
892,0022_0,grid_round_robin,624,464,0.7435897435897436,0.6923076923076923,0.969551282051282,0.29780603637293435,2.498452147490329,2.498452147490329,0.4944000393152237,18.69919995078817
892,0022_0,anms_4d,624,464,0.7435897435897436,0.6971153846153846,0.9727564102564102,0.2715447561129575,2.2740334393634556,2.2740334393634556,10.633700003381819,20.81489999545738
893,0022_0,grid_round_robin,545,376,0.689908256880734,0.6660550458715596,0.9669724770642202,0.4719068350026339,1.0569768668956998,1.0569768668956998,0.4960000514984131,17.07580004585907
893,0022_0,anms_4d,545,376,0.689908256880734,0.6623853211009174,0.9522935779816514,0.2881216817638363,0.6583083462446924,0.6583083462446924,9.089500003028661,24.074300017673522
894,0022_0,grid_round_robin,715,508,0.7104895104895105,0.6643356643356644,0.972027972027972,0.0931356633961993,1.7033985917445909,1.7033985917445909,0.5617000279016793,27.24949998082593
894,0022_0,anms_4d,715,486,0.6797202797202797,0.634965034965035,0.972027972027972,0.09702647174692007,1.7624679053069319,1.7624679053069319,13.182899972889572,27.941900014411658
895,0022_0,grid_round_robin,1034,775,0.7495164410058027,0.730174081237911,0.9816247582205029,0.03566862163515722,0.7538217353308801,0.7538217353308801,0.7430000114254653,38.87290001148358
895,0022_0,anms_4d,1034,761,0.7359767891682786,0.7176015473887815,0.9787234042553191,0.03592520864000244,0.5129668821619416,0.5129668821619416,23.03330000722781,38.53799996431917
896,0022_0,grid_round_robin,443,259,0.5846501128668171,0.5869074492099323,0.9503386004514672,0.41194119344454777,2.219560062335602,2.219560062335602,0.4268999909982085,24.95289995567873
896,0022_0,anms_4d,443,251,0.5665914221218962,0.5733634311512416,0.9413092550790068,0.5444305006734926,2.7292317379534436,2.7292317379534436,6.865200004540384,33.019900030922145
897,0022_0,grid_round_robin,580,350,0.603448275862069,0.6051724137931035,0.9327586206896552,0.09609752836976829,0.5137218806702352,0.5137218806702352,0.4727999912574887,34.11720000440255
897,0022_0,anms_4d,580,347,0.5982758620689655,0.596551724137931,0.9310344827586207,0.09530105403550743,0.5178229954254772,0.5178229954254772,9.648000006563962,38.5095999808982
898,0022_0,grid_round_robin,604,409,0.6771523178807947,0.6456953642384106,0.9437086092715232,0.036606492431304455,0.22549983163724346,0.22549983163724346,0.4621000261977315,20.354699983727187
898,0022_0,anms_4d,604,400,0.6622516556291391,0.640728476821192,0.9437086092715232,0.03552784762090488,0.18378668544102028,0.18378668544102028,10.69549995008856,29.89140001591295
899,0022_0,grid_round_robin,668,490,0.7335329341317365,0.7290419161676647,0.9670658682634731,0.5168571567223335,4.00055305173245,4.00055305173245,0.5394999752752483,35.9407999785617
899,0022_0,anms_4d,668,477,0.7140718562874252,0.7170658682634731,0.9655688622754491,0.5358148056085079,4.138287586604083,4.138287586604083,11.683000018820167,31.052499951329082
900,0022_0,grid_round_robin,499,337,0.6753507014028056,0.6533066132264529,0.9438877755511023,1.2463499173507215,0.8313678077699841,1.2463499173507215,0.47500000800937414,15.613599971402436
900,0022_0,anms_4d,499,338,0.6773547094188377,0.6432865731462926,0.9378757515030061,1.1225656126687504,0.7673969087011999,1.1225656126687504,7.988700002897531,13.74189998023212
901,0022_0,grid_round_robin,461,321,0.6963123644251626,0.5574837310195228,0.9370932754880694,1.1387660493988458,0.6161383746589787,1.1387660493988458,0.4474000306800008,19.00739996926859
901,0022_0,anms_4d,461,322,0.6984815618221258,0.559652928416486,0.9370932754880694,1.1275187599603709,0.6105774592066349,1.1275187599603709,7.389999984297901,19.125599996186793
902,0022_0,grid_round_robin,159,101,0.6352201257861635,0.5534591194968553,0.8805031446540881,5.148081367134818,0.7675733658797441,5.148081367134818,0.2536000101827085,12.420899991411716
902,0022_0,anms_4d,159,97,0.610062893081761,0.5283018867924528,0.8616352201257862,5.163198254411101,0.8020891622113785,5.163198254411101,1.9970000139437616,10.282200004439801
903,0022_0,grid_round_robin,237,143,0.6033755274261603,0.5485232067510548,0.9071729957805907,1.389644503604029,0.6115003123663282,1.389644503604029,0.3408000338822603,15.056700038257986
903,0022_0,anms_4d,237,141,0.5949367088607594,0.540084388185654,0.9029535864978903,1.0223348469254814,0.4843517157677001,1.0223348469254814,3.125899995211512,14.292199979536235
904,0022_0,grid_round_robin,187,112,0.5989304812834224,0.6363636363636364,0.983957219251337,1.5223212809323179,15.967714360693137,15.967714360693137,0.25839998852461576,18.49469996523112
904,0022_0,anms_4d,187,110,0.5882352941176471,0.6203208556149733,0.9732620320855615,1.6160545790512608,17.542548864545843,17.542548864545843,2.439800009597093,20.78380004968494
905,0022_0,grid_round_robin,516,340,0.6589147286821705,0.5697674418604651,0.9244186046511628,0.5051848770873769,0.8603652648027816,0.8603652648027816,0.7026999955996871,23.596599989105016
905,0022_0,anms_4d,516,336,0.6511627906976745,0.5697674418604651,0.9224806201550387,0.5295691326277573,0.9071872725900196,0.9071872725900196,8.215800044126809,18.488500034436584
906,0022_0,grid_round_robin,615,439,0.7138211382113822,0.6861788617886179,0.9723577235772358,0.28769884958545416,0.3401817543930348,0.3401817543930348,0.49459998263046145,18.293300003279
906,0022_0,anms_4d,615,442,0.71869918699187,0.6861788617886179,0.967479674796748,0.3732751628766185,0.4444041493149848,0.4444041493149848,10.633900004904717,12.868299963884056
907,0022_0,grid_round_robin,470,303,0.6446808510638298,0.6319148936170212,0.9808510638297873,0.3763988372570446,1.0756306056735938,1.0756306056735938,0.4602000117301941,20.375400024931878
907,0022_0,anms_4d,470,291,0.6191489361702127,0.6127659574468085,0.9702127659574468,0.230893478829848,0.7868193028069321,0.7868193028069321,7.6902000000700355,22.266299987677485
908,0022_0,grid_round_robin,513,359,0.6998050682261209,0.6569200779727096,0.9883040935672515,0.19486672159401847,0.13850438042794644,0.19486672159401847,0.4935999750159681,15.478099987376481
908,0022_0,anms_4d,513,347,0.6764132553606238,0.6296296296296297,0.9844054580896686,0.3630047407904381,0.2376294466209136,0.3630047407904381,8.502499957103282,23.560100002214313
909,0022_0,grid_round_robin,375,245,0.6533333333333333,0.576,0.9413333333333334,1.1063704329855666,1.6056842462220866,1.6056842462220866,0.39499998092651367,16.062700015027076
909,0022_0,anms_4d,375,239,0.6373333333333333,0.5626666666666666,0.936,1.1716297638619741,1.7034540817248571,1.7034540817248571,5.443900008685887,17.474699998274446
910,0022_0,grid_round_robin,637,458,0.7189952904238619,0.6860282574568289,0.9921507064364207,0.16684938521474693,0.3342270060261812,0.3342270060261812,0.5856000352650881,16.27430005464703
910,0022_0,anms_4d,637,453,0.7111459968602826,0.6813186813186813,0.9905808477237049,0.1912535362523543,0.39344215082404943,0.39344215082404943,11.171899968758225,17.45909999590367
911,0022_0,grid_round_robin,636,448,0.7044025157232704,0.6792452830188679,0.9764150943396226,0.4469303019340298,1.1191232730832072,1.1191232730832072,0.5805999971926212,29.392800002824515
911,0022_0,anms_4d,636,434,0.6823899371069182,0.6556603773584906,0.9685534591194969,0.4795594291874873,1.1984503417418642,1.1984503417418642,11.142499977722764,26.569099980406463
912,0022_0,grid_round_robin,916,556,0.6069868995633187,0.5949781659388647,0.9737991266375546,0.5855799014827202,1.3526810714239357,1.3526810714239357,0.7241999846883118,49.699700030032545
912,0022_0,anms_4d,916,546,0.5960698689956332,0.584061135371179,0.9716157205240175,0.5862495860493572,1.3468994539007753,1.3468994539007753,18.470200011506677,45.5769999534823
913,0022_0,grid_round_robin,435,305,0.7011494252873564,0.6896551724137931,0.9586206896551724,0.0719763013481612,0.045750901317348214,0.0719763013481612,0.41470001451671124,11.31799997529015
913,0022_0,anms_4d,435,296,0.6804597701149425,0.6620689655172414,0.9563218390804598,0.24159241754082833,0.12552464834609517,0.24159241754082833,6.6420999937690794,15.427600010298193
914,0022_0,grid_round_robin,879,474,0.5392491467576792,0.4948805460750853,0.9488054607508533,0.3474704348501681,0.2925286547361356,0.3474704348501681,0.792600039858371,53.539899992756546
914,0022_0,anms_4d,879,466,0.5301478953356087,0.48236632536973834,0.9340159271899886,0.19255365092329738,0.2305861516574489,0.2305861516574489,17.564899986609817,57.474999979604036
915,0022_0,grid_round_robin,619,414,0.6688206785137318,0.6365105008077544,0.9806138933764136,4.152960221507625,7.609499126489797,7.609499126489797,0.5764999659731984,28.479100030381233
915,0022_0,anms_4d,619,404,0.6526655896607432,0.6316639741518578,0.9806138933764136,3.2581956143442,5.950981425132876,5.950981425132876,10.972400021273643,33.562099968548864
916,0022_0,grid_round_robin,338,244,0.7218934911242604,0.5828402366863905,0.9467455621301775,0.7493588116788502,0.4835536467081722,0.7493588116788502,0.41450001299381256,8.910599979571998
916,0022_0,anms_4d,338,236,0.6982248520710059,0.5591715976331361,0.9437869822485208,0.6552480996202786,0.44451786393498316,0.6552480996202786,4.846800002269447,12.632999976631254
917,0022_0,grid_round_robin,192,101,0.5260416666666666,0.4739583333333333,0.8489583333333334,5.8947237707737425,3.9147021573887146,5.8947237707737425,0.26570004411041737,20.95570001984015
917,0022_0,anms_4d,192,109,0.5677083333333334,0.46875,0.84375,10.229926192846522,6.938638150705731,10.229926192846522,2.468799997586757,14.35830001719296
918,0022_0,grid_round_robin,688,476,0.6918604651162791,0.6715116279069767,0.9723837209302325,0.4141921541863961,2.2748698419385036,2.2748698419385036,0.5323000368662179,26.46309998817742
918,0022_0,anms_4d,688,450,0.6540697674418605,0.6438953488372093,0.9651162790697675,0.4714397657507191,2.6929254157349938,2.6929254157349938,12.407399946823716,36.7915999959223
919,0022_0,grid_round_robin,490,354,0.7224489795918367,0.710204081632653,0.9836734693877551,0.09427155048021613,0.06395740844714241,0.09427155048021613,0.45359996147453785,16.169400012586266
919,0022_0,anms_4d,490,339,0.6918367346938775,0.6836734693877551,0.9816326530612245,0.10737516039051795,0.08915667002092585,0.10737516039051795,7.655799970962107,15.03240002784878
920,0022_0,grid_round_robin,686,521,0.7594752186588921,0.7128279883381924,0.9941690962099126,0.29995261286773656,0.4565453156589826,0.4565453156589826,0.6784999859519303,14.131900039501488
920,0022_0,anms_4d,686,500,0.7288629737609329,0.6924198250728864,0.9912536443148688,0.33892899222136214,0.5735137230960009,0.5735137230960009,12.397299986332655,17.36160001019016
921,0022_0,grid_round_robin,431,278,0.6450116009280742,0.654292343387471,0.9582366589327146,1.5957679940114486,0.9168557931940549,1.5957679940114486,0.3780000261031091,18.4235000051558
921,0022_0,anms_4d,431,276,0.6403712296983759,0.642691415313225,0.9605568445475638,1.7790765196046707,1.0006412380175351,1.7790765196046707,6.546099961269647,14.860700001008809
922,0022_0,grid_round_robin,409,278,0.6797066014669927,0.6650366748166259,0.960880195599022,0.6572767470320395,0.8011970129620054,0.8011970129620054,0.37460000021383166,12.461400008760393
922,0022_0,anms_4d,409,268,0.6552567237163814,0.6430317848410758,0.9584352078239609,0.6041303876992088,0.7236874113370367,0.7236874113370367,6.308399955742061,18.251100031193346
923,0022_0,grid_round_robin,448,332,0.7410714285714286,0.6875,0.9799107142857143,0.38837261337707546,0.8233650039593897,0.8233650039593897,0.8376000332646072,12.795699993148446
923,0022_0,anms_4d,448,317,0.7075892857142857,0.6607142857142857,0.96875,0.42848076750176617,0.9124748031930654,0.9124748031930654,6.967499968595803,16.04429999133572
924,0022_0,grid_round_robin,238,152,0.6386554621848739,0.6008403361344538,0.9621848739495799,1.9452756826158948,2.230544065442086,2.230544065442086,0.27439999394118786,15.235200000461191
924,0022_0,anms_4d,238,147,0.6176470588235294,0.5966386554621849,0.9537815126050421,1.5516142389900298,2.823790424440566,2.823790424440566,4.222799965646118,13.69440002599731
925,0022_0,grid_round_robin,438,341,0.7785388127853882,0.7146118721461188,0.9748858447488584,0.1979881452580163,0.2708408806895114,0.2708408806895114,0.41179999243468046,10.154099960345775
925,0022_0,anms_4d,438,333,0.7602739726027398,0.7054794520547946,0.9726027397260274,0.2093021452854855,0.26950073568857114,0.26950073568857114,7.389300037175417,9.567400033120066
926,0022_0,grid_round_robin,200,121,0.605,0.69,0.98,3.628116902175571,12.671823025193628,12.671823025193628,0.27980003505945206,15.415799978654832
926,0022_0,anms_4d,200,118,0.59,0.7,0.97,3.1397646442827116,10.90302989253431,10.90302989253431,2.600999956484884,16.60159998573363
927,0022_0,grid_round_robin,234,123,0.5256410256410257,0.5128205128205128,0.9273504273504274,2.3724222693580446,3.467154751691335,3.467154751691335,0.3076000139117241,21.94830001099035
927,0022_0,anms_4d,234,122,0.5213675213675214,0.49145299145299143,0.9102564102564102,8.590138532853338,10.412242496671709,10.412242496671709,3.249300003517419,26.355399983003736
928,0022_0,grid_round_robin,483,301,0.6231884057971014,0.5859213250517599,0.9503105590062112,1.5221941950296962,5.267751972090232,5.267751972090232,0.6113999988883734,32.90980000747368
928,0022_0,anms_4d,483,293,0.6066252587991718,0.5817805383022774,0.9358178053830227,1.5865448176381685,5.487215595662875,5.487215595662875,7.577900018077344,30.51660000346601
929,0022_0,grid_round_robin,168,121,0.7202380952380952,0.5416666666666666,0.9464285714285714,5.929687854297183,9.4061295262036,9.4061295262036,0.23420003708451986,7.182100031059235
929,0022_0,anms_4d,168,121,0.7202380952380952,0.5357142857142857,0.9404761904761905,6.43530226773221,10.085845422858585,10.085845422858585,2.2470999974757433,14.504300022963434
930,0022_0,grid_round_robin,252,151,0.5992063492063492,0.5992063492063492,0.9603174603174603,3.0539713784094356,5.411444729977684,5.411444729977684,0.30210003023967147,17.40259997313842
930,0022_0,anms_4d,252,147,0.5833333333333334,0.5992063492063492,0.9603174603174603,1.7817594724419894,3.4450945035742446,3.4450945035742446,3.5887000267393887,17.83399999840185
931,0022_0,grid_round_robin,549,326,0.5938069216757741,0.48633879781420764,0.8597449908925319,0.6998210707104737,2.160293534907743,2.160293534907743,0.4985000123269856,26.250800001434982
931,0022_0,anms_4d,549,313,0.5701275045537341,0.4790528233151184,0.8524590163934426,0.7667007291919853,2.223657029928594,2.223657029928594,9.561400045640767,42.3124999506399
932,0022_0,grid_round_robin,195,90,0.46153846153846156,0.48205128205128206,0.8769230769230769,2.0566130338973143,0.5217306660216093,2.0566130338973143,0.24229998234659433,25.31749999616295
932,0022_0,anms_4d,195,91,0.4666666666666667,0.4666666666666667,0.8769230769230769,4.133256506230514,1.5253592166545282,4.133256506230514,2.5232999469153583,23.419700039085
933,0022_0,grid_round_robin,634,370,0.583596214511041,0.5457413249211357,0.9542586750788643,1.0482967155514575,0.41685906643526405,1.0482967155514575,0.5281000048853457,42.91169997304678
933,0022_0,anms_4d,634,366,0.5772870662460567,0.5299684542586751,0.9526813880126183,1.115450291684825,0.4302339553477172,1.115450291684825,12.230400054249913,31.22950001852587
934,0022_0,grid_round_robin,152,58,0.3815789473684211,0.39473684210526316,0.7631578947368421,5.217727702059854,0.7185631226855749,5.217727702059854,0.2536000101827085,18.298500042874366
934,0022_0,anms_4d,152,58,0.3815789473684211,0.3684210526315789,0.7368421052631579,18.087856809682965,4.424363970841899,18.087856809682965,2.0470000454224646,20.374400017317384
935,0022_0,grid_round_robin,440,295,0.6704545454545454,0.6545454545454545,0.9954545454545455,2.500469945019465,17.952170910954482,17.952170910954482,0.5004999693483114,21.90420002443716
935,0022_0,anms_4d,440,285,0.6477272727272727,0.6363636363636364,0.9931818181818182,1.372437266872859,8.268572493413652,8.268572493413652,6.92210003035143,22.29809999698773
936,0022_0,grid_round_robin,95,38,0.4,0.3684210526315789,0.7473684210526316,7.336663662925345,5.749785820153094,7.336663662925345,0.20300003234297037,17.57020002696663
936,0022_0,anms_4d,95,40,0.42105263157894735,0.3684210526315789,0.7473684210526316,18.561234571974346,4.606541708203247,18.561234571974346,1.2042000307701528,16.624599986243993
937,0022_0,grid_round_robin,440,255,0.5795454545454546,0.4590909090909091,0.8386363636363636,1.8600051774003938,1.4892933603158283,1.8600051774003938,0.4372000112198293,32.53270004643127
937,0022_0,anms_4d,440,247,0.5613636363636364,0.4409090909090909,0.8272727272727273,1.7983026881260873,1.4338338047352372,1.7983026881260873,7.166999974288046,34.90159998182207
938,0022_0,grid_round_robin,167,76,0.4550898203592814,0.5449101796407185,0.9461077844311377,5.799053026064675,4.676989822779839,5.799053026064675,0.22719998378306627,25.858999986667186
938,0022_0,anms_4d,167,73,0.437125748502994,0.5329341317365269,0.9401197604790419,5.825523219632363,4.763097828163831,5.825523219632363,2.1083999890834093,23.374299984425306
939,0022_0,grid_round_robin,211,158,0.7488151658767772,0.7061611374407583,0.981042654028436,1.7183885290026357,3.585353832257089,3.585353832257089,0.2547000185586512,7.864700048230588
939,0022_0,anms_4d,211,155,0.7345971563981043,0.6966824644549763,0.976303317535545,1.7832363219382623,3.7232018167792065,3.7232018167792065,2.997900010086596,7.432200014591217
940,0022_0,grid_round_robin,400,221,0.5525,0.5275,0.9625,2.4716380017858266,3.446949602355112,3.446949602355112,0.4140000091865659,27.629800024442375
940,0022_0,anms_4d,400,216,0.54,0.5175,0.955,3.299657008785797,4.351273143272712,4.351273143272712,5.892899993341416,34.41189997829497
941,0022_0,grid_round_robin,321,230,0.7165109034267912,0.6043613707165109,0.9688473520249221,0.30808852660614633,0.1430666118434788,0.30808852660614633,0.3150000120513141,8.131000038702041
941,0022_0,anms_4d,321,231,0.719626168224299,0.6074766355140186,0.9626168224299065,0.3105254815899197,0.14046170298769775,0.3105254815899197,4.8405000125057995,12.180799967609346
942,0022_0,grid_round_robin,582,408,0.7010309278350515,0.627147766323024,0.9690721649484536,0.3966809793108135,3.5263133033012632,3.5263133033012632,0.4971000016666949,19.40300001297146
942,0022_0,anms_4d,582,405,0.6958762886597938,0.6151202749140894,0.9656357388316151,0.40141276889232236,3.5763623666404034,3.5763623666404034,9.646999998949468,19.204099953640252
943,0022_0,grid_round_robin,277,180,0.6498194945848376,0.6570397111913358,0.9747292418772563,3.393840910308964,8.975901980763878,8.975901980763878,0.37080002948641777,15.414099965710193
943,0022_0,anms_4d,277,183,0.6606498194945848,0.6462093862815884,0.9675090252707581,2.5188158695946985,6.858588060653541,6.858588060653541,3.824499959591776,15.760399983264506
944,0022_0,grid_round_robin,204,122,0.5980392156862745,0.5049019607843137,0.8578431372549019,1.002848284564239,0.2717791182292284,1.002848284564239,0.2739999908953905,14.172399998642504
944,0022_0,anms_4d,204,116,0.5686274509803921,0.5049019607843137,0.8627450980392157,1.0042091644496873,0.27034773434089976,1.0042091644496873,2.693900023587048,16.131400014273822
945,0022_0,grid_round_robin,479,326,0.6805845511482255,0.5532359081419624,0.9227557411273486,0.7378897526043002,0.7447489453897632,0.7447489453897632,0.4181999829597771,19.801899965386838
945,0022_0,anms_4d,479,314,0.6555323590814196,0.5407098121085595,0.9102296450939458,0.7462651035075303,0.7554307650328951,0.7554307650328951,7.45550001738593,19.072399998549372
946,0022_0,grid_round_robin,168,85,0.5059523809523809,0.47023809523809523,0.9107142857142857,3.1940050242724807,4.826008725755771,4.826008725755771,0.22419996093958616,24.44509998895228
946,0022_0,anms_4d,168,85,0.5059523809523809,0.4583333333333333,0.8988095238095238,2.1725873455289295,7.720444488771268,7.720444488771268,2.265000017359853,24.940700037404895
947,0022_0,grid_round_robin,337,207,0.6142433234421365,0.5905044510385756,0.9495548961424333,3.044156342012496,6.277816466942873,6.277816466942873,0.5148000200279057,14.680899970699102
947,0022_0,anms_4d,337,201,0.5964391691394659,0.5816023738872403,0.9376854599406528,2.7497358198039024,5.669419834317094,5.669419834317094,4.980099969543517,18.89800000935793
948,0022_0,grid_round_robin,460,365,0.7934782608695652,0.5282608695652173,0.9304347826086956,0.8203134181280963,0.42719364933803944,0.8203134181280963,0.4569000448100269,10.970500006806105
948,0022_0,anms_4d,460,363,0.7891304347826087,0.5195652173913043,0.9239130434782609,0.7042313370132384,0.3559221636273533,0.7042313370132384,7.228699978441,12.107899994589388
949,0022_0,grid_round_robin,940,654,0.6957446808510638,0.674468085106383,0.9797872340425532,1.1502565035504628,3.050575989229923,3.050575989229923,0.6889000069350004,39.80360005516559
949,0022_0,anms_4d,940,653,0.6946808510638298,0.6723404255319149,0.9744680851063829,1.2342940846563122,3.282685205594912,3.282685205594912,19.117999996524304,25.254599982872605
950,0022_0,grid_round_robin,682,487,0.7140762463343109,0.5263929618768328,0.9545454545454546,0.6644259975527556,0.8867474655941834,0.8867474655941834,0.5362999509088695,16.42070000525564
950,0022_0,anms_4d,682,480,0.7038123167155426,0.5263929618768328,0.9501466275659824,0.6479098995140549,0.8591795068735961,0.8591795068735961,12.31060002464801,17.68599997740239
951,0022_0,grid_round_robin,102,50,0.49019607843137253,0.37254901960784315,0.7941176470588235,23.850858526636035,20.16719877490599,23.850858526636035,0.22819999139755964,18.85320001747459
951,0022_0,anms_4d,102,56,0.5490196078431373,0.3627450980392157,0.8235294117647058,20.911166861650372,19.241693838860066,20.911166861650372,1.429000054486096,13.121700030751526
952,0022_0,grid_round_robin,363,239,0.6584022038567493,0.6253443526170799,0.9889807162534435,0.746251906750157,3.180445577567164,3.180445577567164,0.35580003168433905,17.443199991248548
952,0022_0,anms_4d,363,231,0.6363636363636364,0.6088154269972452,0.9917355371900827,0.9028323514255376,3.796813858599116,3.796813858599116,5.3681000135838985,17.08730001701042
953,0022_0,grid_round_robin,559,389,0.6958855098389982,0.6100178890876565,0.9660107334525939,0.42918327457842276,0.8169865162154263,0.8169865162154263,0.5133000086061656,19.29040002869442
953,0022_0,anms_4d,559,384,0.6869409660107334,0.6118067978533095,0.960644007155635,0.38269122313860415,0.7240522883023253,0.7240522883023253,9.222800028510392,18.15079996595159
954,0022_0,grid_round_robin,366,209,0.5710382513661202,0.5437158469945356,0.9344262295081968,1.046806716545426,2.0745054780426395,2.0745054780426395,0.35879999632015824,24.569100001826882
954,0022_0,anms_4d,366,204,0.5573770491803278,0.5355191256830601,0.9180327868852459,1.117141149391552,2.2222323318592814,2.2222323318592814,5.283599952235818,24.391899991314858
955,0022_0,grid_round_robin,675,482,0.7140740740740741,0.5792592592592593,0.8740740740740741,0.9121439027529794,12.062795694354362,12.062795694354362,0.5228999652899802,25.427800021134317
955,0022_0,anms_4d,675,480,0.7111111111111111,0.5733333333333334,0.8637037037037038,0.9212702433607042,12.244931277325453,12.244931277325453,12.053599988576025,24.65239999582991
956,0022_0,grid_round_robin,465,308,0.6623655913978495,0.6494623655913978,0.9634408602150538,1.1705992408782688,2.279571867814946,2.279571867814946,0.45659998431801796,14.885500015225261
956,0022_0,anms_4d,465,301,0.6473118279569893,0.6301075268817204,0.9591397849462365,0.9006584017855737,1.7753074910702156,1.7753074910702156,7.511799980420619,26.480200001969934
957,0022_0,grid_round_robin,569,349,0.6133567662565905,0.6186291739894552,0.9806678383128296,0.29818879499419587,3.5434230605735437,3.5434230605735437,0.5966000026091933,30.287900008261204
957,0022_0,anms_4d,569,340,0.5975395430579965,0.6080843585237259,0.9753954305799648,0.29673862089938546,3.5578036601544154,3.5578036601544154,9.819599974434823,34.66210002079606
958,0022_0,grid_round_robin,168,101,0.6011904761904762,0.6964285714285714,0.9940476190476191,11.018280535427229,81.93961094196527,81.93961094196527,0.32409996492788196,15.014100004918873
958,0022_0,anms_4d,168,104,0.6190476190476191,0.7083333333333334,0.9940476190476191,0.9751653394186144,3.1255427429865117,3.1255427429865117,2.1855999948456883,11.840099992696196
959,0022_0,grid_round_robin,256,142,0.5546875,0.45703125,0.8046875,1.0234437303830068,0.37473762264437066,1.0234437303830068,0.32329995883628726,21.18839998729527
959,0022_0,anms_4d,256,143,0.55859375,0.453125,0.796875,0.5202693604711951,0.2055582614120004,0.5202693604711951,3.481999970972538,17.59420003509149
960,0022_0,grid_round_robin,587,405,0.6899488926746167,0.5945485519591142,0.9608177172061328,0.2322493069636857,0.42786836666540845,0.42786836666540845,0.5247000372037292,15.134900051634759
960,0022_0,anms_4d,587,400,0.6814310051107325,0.5928449744463373,0.9522998296422487,0.23605796911047983,0.4341121056258274,0.4341121056258274,10.127799992915243,22.614300018176436
961,0022_0,grid_round_robin,853,624,0.731535756154748,0.6049237983587339,0.9660023446658851,1.1493856564804774,4.6134350425364365,4.6134350425364365,0.7591000176034868,21.4579000021331
961,0022_0,anms_4d,853,611,0.716295427901524,0.5955451348182884,0.9648300117233294,1.1210378061728632,4.477167011440137,4.477167011440137,16.247999970801175,24.85530002741143
962,0022_0,grid_round_robin,150,93,0.62,0.6933333333333334,0.9933333333333333,1.4755517471171904,11.29266195173879,11.29266195173879,0.23230002261698246,12.727599998470396
962,0022_0,anms_4d,150,91,0.6066666666666667,0.6733333333333333,0.9933333333333333,1.55320018934218,12.043039153837544,12.043039153837544,2.05800001276657,18.012400018051267
963,0022_0,grid_round_robin,399,232,0.581453634085213,0.49122807017543857,0.9072681704260651,1.2775265028584546,2.264186681714913,2.264186681714913,0.401599972974509,30.348600004799664
963,0022_0,anms_4d,399,235,0.5889724310776943,0.48621553884711777,0.9022556390977443,1.186449688939215,2.0956772746020005,2.0956772746020005,5.918800015933812,27.167499996721745
964,0022_0,grid_round_robin,390,269,0.6897435897435897,0.6384615384615384,0.958974358974359,0.4003732899025047,0.5854991234970444,0.5854991234970444,0.44159998651593924,12.78180000372231
964,0022_0,anms_4d,390,263,0.6743589743589744,0.6256410256410256,0.9512820512820512,0.6624216956319404,0.9916631072534635,0.9916631072534635,5.78120001591742,19.554500002413988
965,0022_0,grid_round_robin,264,182,0.6893939393939394,0.678030303030303,0.9659090909090909,0.2504647532800528,0.10938023786289078,0.2504647532800528,0.38109999150037766,10.311599995475262
965,0022_0,anms_4d,264,179,0.678030303030303,0.6628787878787878,0.9545454545454546,0.2703180047641094,0.09774420716903587,0.2703180047641094,3.992200014181435,10.505000012926757
966,0022_0,grid_round_robin,636,461,0.7248427672955975,0.6761006289308176,0.9764150943396226,0.2146966805658817,0.2806531914634361,0.2806531914634361,0.5268999957479537,25.411800015717745
966,0022_0,anms_4d,636,456,0.7169811320754716,0.660377358490566,0.9669811320754716,0.20921956728923838,0.2230180265002312,0.2230180265002312,11.543000000528991,23.08489999268204
967,0022_0,grid_round_robin,355,283,0.7971830985915493,0.647887323943662,0.9492957746478873,0.5624335360468422,0.7941273497315411,0.7941273497315411,0.33249997068196535,9.751099976710975
967,0022_0,anms_4d,355,277,0.780281690140845,0.6338028169014085,0.9492957746478873,0.5442852708737426,0.7654584304077218,0.7654584304077218,5.521099956240505,7.531900017056614
968,0022_0,grid_round_robin,621,491,0.7906602254428341,0.5845410628019324,0.966183574879227,0.9372696500494484,0.661383989173132,0.9372696500494484,1.0290000354871154,16.89939998323098
968,0022_0,anms_4d,621,485,0.7809983896940419,0.5764895330112721,0.9565217391304348,0.91905825622459,0.6468084067388268,0.91905825622459,11.749700002837926,19.419599964749068
969,0022_0,grid_round_robin,238,120,0.5042016806722689,0.4957983193277311,0.9285714285714286,4.288068972485983,11.374115103588057,11.374115103588057,0.2933000214397907,29.779500036966056
969,0022_0,anms_4d,238,116,0.48739495798319327,0.4831932773109244,0.9117647058823529,3.008280442821601,4.682564878409227,4.682564878409227,3.558899974450469,30.120600014925003
970,0022_0,grid_round_robin,551,403,0.7313974591651543,0.6261343012704175,0.9673321234119783,0.36159712649049086,0.611768581993067,0.611768581993067,0.47170004108920693,14.757500030100346
970,0022_0,anms_4d,551,398,0.7223230490018149,0.6225045372050817,0.9655172413793104,0.35079946541856494,0.5889988253011603,0.5889988253011603,9.221100015565753,16.070500016212463
971,0022_0,grid_round_robin,323,205,0.6346749226006192,0.544891640866873,0.9535603715170279,0.30070966740892946,0.2536159124846374,0.30070966740892946,0.3220000071451068,17.58830004837364
971,0022_0,anms_4d,323,191,0.5913312693498453,0.5325077399380805,0.9504643962848297,0.5903516915624041,0.2984441364628279,0.5903516915624041,4.5344000100158155,20.045400015078485
972,0022_0,grid_round_robin,123,76,0.6178861788617886,0.6260162601626016,0.991869918699187,1.0650659638962532,2.7125677705935565,2.7125677705935565,0.25540002388879657,10.875599982682616
972,0022_0,anms_4d,123,78,0.6341463414634146,0.6260162601626016,0.991869918699187,1.3497006320697793,3.361746403437815,3.361746403437815,1.533999980892986,8.366899972315878
973,0022_0,grid_round_robin,54,24,0.4444444444444444,0.24074074074074073,0.5740740740740741,51.8306440074587,70.42311650846554,70.42311650846554,0.2047000452876091,17.382799996994436
973,0022_0,anms_4d,54,19,0.35185185185185186,0.24074074074074073,0.5555555555555556,26.00855222067943,53.55346752290636,53.55346752290636,0.6973999552428722,16.93780004279688
974,0022_0,grid_round_robin,214,119,0.5560747663551402,0.4953271028037383,0.9485981308411215,2.543048090723417,1.6246391553852202,2.543048090723417,0.31239999225363135,16.847999999299645
974,0022_0,anms_4d,214,112,0.5233644859813084,0.48130841121495327,0.9392523364485982,5.112235413809186,2.212357432634185,5.112235413809186,3.014699963387102,22.81380002386868
975,0022_0,grid_round_robin,361,234,0.6481994459833795,0.6038781163434903,0.9473684210526315,0.9075234447806475,2.41924569659043,2.41924569659043,0.39629999082535505,15.378699987195432
975,0022_0,anms_4d,361,231,0.6398891966759003,0.5983379501385041,0.9390581717451524,0.8014822875478282,2.087488669514966,2.087488669514966,5.240099970251322,19.510300015099347
976,0022_0,grid_round_robin,643,440,0.6842923794712286,0.6267496111975117,0.9766718506998445,1.0662953097333951,2.7474266933411644,2.7474266933411644,0.5625999765470624,22.02969999052584
976,0022_0,anms_4d,643,436,0.6780715396578538,0.609642301710731,0.973561430793157,0.6199140440107496,1.7827306685353377,1.7827306685353377,11.1950000282377,21.533200051635504
977,0022_0,grid_round_robin,529,315,0.5954631379962193,0.5841209829867675,0.9603024574669187,3.603003603906596,4.074313952683358,4.074313952683358,0.46449998626485467,27.68519998062402
977,0022_0,anms_4d,529,314,0.5935727788279773,0.5746691871455577,0.9527410207939508,3.537665867024699,3.9833483991972174,3.9833483991972174,8.835700049530715,24.640000017825514
978,0022_0,grid_round_robin,180,148,0.8222222222222222,0.7444444444444445,0.9888888888888889,0.7008669531008278,1.3078898373025767,1.3078898373025767,0.23279996821656823,5.980200017802417
978,0022_0,anms_4d,180,143,0.7944444444444444,0.7222222222222222,0.9888888888888889,2.4606464051362216,4.562584916391431,4.562584916391431,2.294100006110966,6.07900001341477
979,0022_0,grid_round_robin,175,104,0.5942857142857143,0.6114285714285714,0.9542857142857143,20.41009778510609,10.885704686348562,20.41009778510609,0.27359998784959316,13.663800025824457
979,0022_0,anms_4d,175,97,0.5542857142857143,0.5885714285714285,0.9371428571428572,17.700542812567246,9.861639153660278,17.700542812567246,2.3250000085681677,16.12859999295324
980,0022_0,grid_round_robin,463,320,0.6911447084233261,0.6479481641468683,0.9762419006479481,0.9761413713076146,0.3640779290565174,0.9761413713076146,0.44269999489188194,13.600800011772662
980,0022_0,anms_4d,463,311,0.67170626349892,0.6328293736501079,0.9654427645788337,0.9215853195501683,0.3808958223537494,0.9215853195501683,7.456200022716075,13.634899980388582
981,0022_0,grid_round_robin,333,234,0.7027027027027027,0.6966966966966966,0.978978978978979,0.5537781144714171,0.41634220291420854,0.5537781144714171,0.35180000122636557,11.74170000012964
981,0022_0,anms_4d,333,229,0.6876876876876877,0.6816816816816816,0.972972972972973,0.5410582421719177,0.38949244977490866,0.5410582421719177,4.699499986600131,10.181199992075562
982,0022_0,grid_round_robin,481,311,0.6465696465696466,0.656964656964657,0.9667359667359667,0.4722689101463758,9.270854718194338,9.270854718194338,0.44020003406330943,28.767499956302345
982,0022_0,anms_4d,481,299,0.6216216216216216,0.6444906444906445,0.9625779625779626,0.544958600286094,12.07478190917545,12.07478190917545,7.751099998131394,30.557400023099035
983,0022_0,grid_round_robin,343,208,0.6064139941690962,0.6151603498542274,0.9737609329446064,1.7038824407830844,1.947985736710116,1.947985736710116,0.431500026024878,17.759000009391457
983,0022_0,anms_4d,343,203,0.5918367346938775,0.597667638483965,0.9650145772594753,1.773605865471759,1.9790598727762894,1.9790598727762894,4.9088000087067485,23.827599943615496
984,0022_0,grid_round_robin,157,75,0.47770700636942676,0.3885350318471338,0.8407643312101911,5.585448403562651,1.3609718619177076,5.585448403562651,0.2389999572187662,21.2228000164032
984,0022_0,anms_4d,157,78,0.4968152866242038,0.36942675159235666,0.8152866242038217,5.65020105218729,1.369836515285783,5.65020105218729,2.13639996945858,21.499200025573373
985,0022_0,grid_round_robin,412,236,0.5728155339805825,0.5388349514563107,0.9320388349514563,4.257498988863432,6.815404242379181,6.815404242379181,0.4615000216290355,27.28390000993386
985,0022_0,anms_4d,412,237,0.5752427184466019,0.5339805825242718,0.9344660194174758,3.9454416979893563,6.314336398272382,6.314336398272382,6.15749997086823,23.856399988289922
986,0022_0,grid_round_robin,241,131,0.5435684647302904,0.4605809128630705,0.941908713692946,2.2101628536877764,2.2299623215277626,2.2299623215277626,0.27379998937249184,24.24060000339523
986,0022_0,anms_4d,241,125,0.5186721991701245,0.44813278008298757,0.9377593360995851,1.2650252292310917,1.4184711448145289,1.4184711448145289,3.9010000182315707,31.388500006869435
987,0022_0,grid_round_robin,216,113,0.5231481481481481,0.5324074074074074,0.9444444444444444,4.8539146055055395,5.286673029708,5.286673029708,0.3217000048607588,28.545300010591745
987,0022_0,anms_4d,216,108,0.5,0.5324074074074074,0.9398148148148148,2.2554336134908004,2.0574802090091597,2.2554336134908004,3.100799978710711,27.049299969803542
988,0022_0,grid_round_robin,311,210,0.6752411575562701,0.5434083601286174,0.9485530546623794,0.7774268522868516,1.1789443613900117,1.1789443613900117,0.4123999970033765,11.318399978335947
988,0022_0,anms_4d,311,211,0.6784565916398714,0.5401929260450161,0.9485530546623794,0.8855110643430881,1.3359907367397645,1.3359907367397645,4.707599990069866,13.742499984800816
989,0022_0,grid_round_robin,419,217,0.5178997613365155,0.522673031026253,0.8878281622911695,1.0517455482824667,2.3829510666008207,2.3829510666008207,0.38629997288808227,37.85369999241084
989,0022_0,anms_4d,419,212,0.5059665871121718,0.5155131264916468,0.8687350835322196,1.1286053915320087,2.5321794592292037,2.5321794592292037,6.293700018431991,37.98270004335791
990,0022_0,grid_round_robin,356,255,0.7162921348314607,0.7247191011235955,0.9803370786516854,0.15848735678598386,0.8359915809969004,0.8359915809969004,0.46170002315193415,12.102799955755472
990,0022_0,anms_4d,356,253,0.7106741573033708,0.7191011235955056,0.9803370786516854,0.1620656200989928,0.5831622045921242,0.5831622045921242,5.432399979326874,11.638700030744076
991,0022_0,grid_round_robin,114,62,0.543859649122807,0.6140350877192983,0.9649122807017544,4.343093126835103,6.250049021359782,6.250049021359782,0.21050003124400973,15.662399993743747
991,0022_0,anms_4d,114,64,0.5614035087719298,0.6140350877192983,0.9649122807017544,2.137031364000709,2.646904801213275,2.646904801213275,1.4171000220812857,13.287900015711784
992,0022_0,grid_round_robin,343,220,0.641399416909621,0.6297376093294461,0.956268221574344,0.5542243599600487,0.4486221842549671,0.5542243599600487,0.3326000296510756,13.21290002670139
992,0022_0,anms_4d,343,221,0.6443148688046647,0.6268221574344023,0.956268221574344,0.8522356032299003,0.664803737874394,0.8522356032299003,5.025699967518449,14.041399990674108
993,0022_0,grid_round_robin,161,85,0.5279503105590062,0.5527950310559007,0.9627329192546584,1.7374279340075278,3.6007743961602885,3.6007743961602885,0.2587999915704131,21.687100001145154
993,0022_0,anms_4d,161,76,0.4720496894409938,0.5527950310559007,0.9627329192546584,19.58557519281986,33.33161206092758,33.33161206092758,2.1878000115975738,24.42440000595525
994,0022_0,grid_round_robin,437,273,0.6247139588100686,0.6292906178489702,0.954233409610984,0.6423643403384725,3.3933048258823426,3.3933048258823426,0.38919999497011304,19.00910004042089
994,0022_0,anms_4d,437,268,0.6132723112128147,0.6109839816933639,0.954233409610984,0.6951079241084818,3.670635784483418,3.670635784483418,6.713500013574958,25.91490000486374
995,0022_0,grid_round_robin,152,96,0.631578947368421,0.6842105263157895,0.9802631578947368,1.317707828137106,4.059541145216446,4.059541145216446,0.30610000248998404,11.243500048294663
995,0022_0,anms_4d,152,96,0.631578947368421,0.6842105263157895,0.9802631578947368,2.420661727173923,8.336346364310197,8.336346364310197,2.145799982827157,10.513300017919391
996,0022_0,grid_round_robin,36,19,0.5277777777777778,0.25,0.8055555555555556,38.34281644633879,27.240499064903634,38.34281644633879,0.1689000055193901,13.644999999087304
996,0022_0,anms_4d,36,20,0.5555555555555556,0.25,0.7777777777777778,38.17474289428602,27.327387184386218,38.17474289428602,0.5333999870344996,10.762999998405576
997,0022_0,grid_round_robin,544,409,0.7518382352941176,0.7261029411764706,0.9779411764705882,0.808730221348488,2.4114919293749644,2.4114919293749644,0.5161000299267471,18.698399944696575
997,0022_0,anms_4d,544,405,0.7444852941176471,0.71875,0.9779411764705882,0.9082946716953972,2.686202111350863,2.686202111350863,14.649599965196103,19.913800002541393
998,0022_0,grid_round_robin,642,452,0.7040498442367601,0.6900311526479751,0.9548286604361371,0.5417003496498528,0.6616956766206026,0.6616956766206026,0.5350999999791384,16.958100022748113
998,0022_0,anms_4d,642,448,0.6978193146417445,0.677570093457944,0.9517133956386293,0.546265260562106,0.7093117287936594,0.7093117287936594,11.886299995239824,18.261799996253103
999,0022_0,grid_round_robin,399,287,0.7192982456140351,0.5914786967418546,0.9573934837092731,1.162415549377205,1.251542216549591,1.251542216549591,0.36399997770786285,11.656699993181974
999,0022_0,anms_4d,399,280,0.7017543859649122,0.5889724310776943,0.9473684210526315,1.1329384376288036,1.228679820782163,1.228679820782163,5.934500019066036,9.48970002355054
1000,0022_0,grid_round_robin,462,282,0.6103896103896104,0.5974025974025974,0.922077922077922,0.3036404730239642,0.13972773721106588,0.3036404730239642,0.6349000032059848,27.099700004328042
1000,0022_0,anms_4d,462,276,0.5974025974025974,0.5865800865800865,0.9112554112554112,0.7849827740535087,0.3932370513987561,0.7849827740535087,7.100599992554635,20.882600045297295
1001,0022_0,grid_round_robin,664,478,0.7198795180722891,0.6189759036144579,0.9186746987951807,0.08840693680465823,0.054328574923361905,0.08840693680465823,0.5098999827168882,21.03880001232028
1001,0022_0,anms_4d,664,476,0.7168674698795181,0.6129518072289156,0.9126506024096386,0.4865856814183071,0.3169513812887028,0.4865856814183071,11.649099993519485,19.399099983274937
1002,0022_0,grid_round_robin,305,171,0.5606557377049181,0.5639344262295082,0.9442622950819672,1.191849930266713,2.064281769582964,2.064281769582964,0.35579997347667813,21.561199973803014
1002,0022_0,anms_4d,305,182,0.5967213114754099,0.5573770491803278,0.940983606557377,3.793084315805517,2.814207946956166,3.793084315805517,4.38410002971068,17.22039998276159
1003,0022_0,grid_round_robin,442,276,0.6244343891402715,0.5701357466063348,0.9343891402714932,0.1525398155257645,0.267132496749921,0.267132496749921,0.4399000317789614,17.18969998182729
1003,0022_0,anms_4d,442,275,0.6221719457013575,0.5633484162895928,0.9321266968325792,0.5048344237325817,0.5663423416545608,0.5663423416545608,6.890900025609881,18.012299959082156
1004,0022_0,grid_round_robin,343,188,0.5481049562682215,0.43440233236151604,0.8629737609329446,1.05914184045729,0.9538980829297273,1.05914184045729,0.3260999801568687,28.380999981891364
1004,0022_0,anms_4d,343,194,0.565597667638484,0.4227405247813411,0.8571428571428571,1.0196712500847698,0.9447751854872555,1.0196712500847698,4.956299962941557,24.041500000748783
1005,0022_0,grid_round_robin,574,363,0.632404181184669,0.5853658536585366,0.9634146341463414,0.454823755426984,2.257327167064696,2.257327167064696,0.514900020789355,31.744399981107563
1005,0022_0,anms_4d,574,351,0.6114982578397212,0.5696864111498258,0.9581881533101045,0.48590349558974105,2.3200456582029356,2.3200456582029356,9.624900005292147,29.600200010463595
1006,0022_0,grid_round_robin,219,120,0.547945205479452,0.4703196347031963,0.8812785388127854,2.92672526910385,4.224732699876691,4.224732699876691,0.271500030066818,18.62660003826022
1006,0022_0,anms_4d,219,120,0.547945205479452,0.4703196347031963,0.863013698630137,0.8041167637607982,1.2941771986408497,1.2941771986408497,2.8723000432364643,18.065600015688688
1007,0022_0,grid_round_robin,255,185,0.7254901960784313,0.6823529411764706,0.996078431372549,1.953511053359912,4.026076494749951,4.026076494749951,0.36809995071962476,8.07620002888143
1007,0022_0,anms_4d,255,187,0.7333333333333333,0.6901960784313725,0.9882352941176471,1.4815401935495214,2.964418493498954,2.964418493498954,3.7601000512950122,7.541300030425191
1008,0022_0,grid_round_robin,376,245,0.651595744680851,0.5664893617021277,0.9547872340425532,0.4023138267639928,0.8641022296650365,0.8641022296650365,0.40090002585202456,17.14959996752441
1008,0022_0,anms_4d,376,238,0.6329787234042553,0.5558510638297872,0.9521276595744681,0.516366913438078,1.0568900439036866,1.0568900439036866,5.6523000239394605,17.68609997816384
1009,0022_0,grid_round_robin,363,189,0.5206611570247934,0.5509641873278237,0.9201101928374655,0.44834989035332906,0.49034822772151326,0.49034822772151326,0.381499994546175,31.66640002746135
1009,0022_0,anms_4d,363,199,0.5482093663911846,0.5509641873278237,0.9256198347107438,2.050630649678807,0.7326812034142053,2.050630649678807,5.488499999046326,24.288800021167845
1010,0022_0,grid_round_robin,747,499,0.6680053547523427,0.6318607764390897,0.9839357429718876,1.372891756982552,0.48916045549768233,1.372891756982552,0.57640002341941,37.49750001588836
1010,0022_0,anms_4d,747,489,0.6546184738955824,0.6251673360107095,0.9799196787148594,0.9002643737649344,0.2687020458557488,0.9002643737649344,13.896699994802475,37.34270000131801
1011,0022_0,grid_round_robin,350,239,0.6828571428571428,0.6542857142857142,0.9628571428571429,0.3228301720003314,0.8194694979612978,0.8194694979612978,0.35659997956827283,12.032900005578995
1011,0022_0,anms_4d,350,227,0.6485714285714286,0.6342857142857142,0.94,0.2971772306004832,0.724777379199781,0.724777379199781,5.091800005175173,13.061799982097
1012,0022_0,grid_round_robin,602,394,0.654485049833887,0.659468438538206,0.9900332225913622,0.28026479454270603,0.7346952008316935,0.7346952008316935,0.5725999944843352,28.656199981924146
1012,0022_0,anms_4d,602,391,0.6495016611295681,0.6511627906976745,0.9800664451827242,0.15029315132205825,0.39251341564334663,0.39251341564334663,10.204399994108826,26.16939996369183
1013,0022_0,grid_round_robin,615,387,0.6292682926829268,0.5756097560975609,0.9723577235772358,0.6261110279193023,0.8522459642053071,0.8522459642053071,0.5180000443942845,25.296200008597225
1013,0022_0,anms_4d,615,384,0.624390243902439,0.5707317073170731,0.967479674796748,0.764217269735954,1.1546126161848955,1.1546126161848955,10.967799986246973,23.3695000060834
1014,0022_0,grid_round_robin,516,379,0.7344961240310077,0.6472868217054264,0.9534883720930233,0.49794293178922716,0.7995122805765822,0.7995122805765822,0.4705999745056033,14.413800032343715
1014,0022_0,anms_4d,516,361,0.6996124031007752,0.622093023255814,0.939922480620155,0.510343077782721,0.8247639949688811,0.8247639949688811,8.517400012351573,18.59870000043884
1015,0022_0,grid_round_robin,192,120,0.625,0.6666666666666666,0.984375,1.1667869340260546,1.826799157470727,1.826799157470727,0.2699000178836286,12.996400007978082
1015,0022_0,anms_4d,192,120,0.625,0.6666666666666666,0.984375,1.231626277495335,1.9828490271385288,1.9828490271385288,2.650400041602552,12.345499999355525
1016,0022_0,grid_round_robin,519,385,0.7418111753371869,0.5973025048169557,0.9884393063583815,1.3528156231933999,3.4257305283821284,3.4257305283821284,0.5197999998927116,13.066800020169467
1016,0022_0,anms_4d,519,382,0.7360308285163777,0.5934489402697495,0.9788053949903661,0.8190963261167993,2.1071669119412766,2.1071669119412766,13.400399999227375,16.343999945092946
1017,0022_0,grid_round_robin,401,303,0.7556109725685786,0.5810473815461347,0.9226932668329177,1.7528828055578274,0.7313271678601155,1.7528828055578274,0.5683000199496746,7.926699996460229
1017,0022_0,anms_4d,401,301,0.7506234413965087,0.57356608478803,0.9177057356608479,1.8050633908761524,0.7540739067266824,1.8050633908761524,5.923999997321516,13.070999993942678
1018,0022_0,grid_round_robin,90,46,0.5111111111111111,0.4222222222222222,0.7333333333333333,17.786901448532895,29.66692489130515,29.66692489130515,0.24670001585036516,17.75249995989725
1018,0022_0,anms_4d,90,46,0.5111111111111111,0.4111111111111111,0.7444444444444445,17.13948818160625,28.15562443335926,28.15562443335926,1.2819000403396785,16.22369996039197
1019,0022_0,grid_round_robin,419,309,0.7374701670644391,0.7136038186157518,0.9832935560859188,0.09419922248763223,0.04149635055320326,0.09419922248763223,0.6272000027820468,11.263500025961548
1019,0022_0,anms_4d,419,294,0.7016706443914081,0.6945107398568019,0.9785202863961814,0.06194171076165186,0.09792184067312236,0.09792184067312236,6.832799990661442,11.90759998280555
1020,0022_0,grid_round_robin,324,190,0.5864197530864198,0.6172839506172839,0.9691358024691358,1.313698239504685,3.3108871260401305,3.3108871260401305,0.3771999618038535,25.426400010474026
1020,0022_0,anms_4d,324,193,0.595679012345679,0.6234567901234568,0.9691358024691358,1.4914243377192666,3.7675987144021303,3.7675987144021303,8.837100001983345,19.171099993400276
1021,0022_0,grid_round_robin,583,430,0.7375643224699828,0.6998284734133791,0.9742710120068611,0.21516866012354346,0.7467830515855901,0.7467830515855901,0.49020000733435154,12.327800039201975
1021,0022_0,anms_4d,583,419,0.7186963979416809,0.6792452830188679,0.9725557461406518,0.18530533791543433,0.6786280228238434,0.6786280228238434,10.047900024801493,14.854599954560399
1022,0022_0,grid_round_robin,352,261,0.7414772727272727,0.6732954545454546,0.9857954545454546,0.3802798579560364,0.5230030445609442,0.5230030445609442,0.5072999629192054,8.793600019998848
1022,0022_0,anms_4d,352,254,0.7215909090909091,0.6619318181818182,0.9801136363636364,0.628806506789766,1.0950943821348857,1.0950943821348857,5.2211000001989305,10.93000004766509
1023,0022_0,grid_round_robin,226,93,0.41150442477876104,0.39823008849557523,0.8053097345132744,7.459407419064156,2.0796543224091346,7.459407419064156,0.28169999131932855,23.429799999576062
1023,0022_0,anms_4d,226,94,0.415929203539823,0.4026548672566372,0.8141592920353983,6.960730125176119,0.8684192706877775,6.960730125176119,2.958199998829514,24.668099998962134
1024,0022_0,grid_round_robin,200,134,0.67,0.645,0.99,1.1726413346670437,4.898144788088955,4.898144788088955,0.2804000396281481,10.04819996887818
1024,0022_0,anms_4d,200,133,0.665,0.635,0.99,1.103807194159367,5.096078240505105,5.096078240505105,3.266700019594282,14.684800000395626
1025,0022_0,grid_round_robin,664,490,0.7379518072289156,0.7259036144578314,0.9849397590361446,0.6300759495517313,1.6662368936683716,1.6662368936683716,0.5499999970197678,19.360399979632348
1025,0022_0,anms_4d,664,483,0.7274096385542169,0.7123493975903614,0.9819277108433735,0.564100533157031,1.497590700292375,1.497590700292375,26.635900023393333,21.34229999501258
1026,0022_0,grid_round_robin,344,260,0.7558139534883721,0.5319767441860465,0.9331395348837209,0.6964660034464499,0.4882362640144414,0.6964660034464499,0.40880002779886127,11.914299975614995
1026,0022_0,anms_4d,344,253,0.7354651162790697,0.5290697674418605,0.9302325581395349,0.6918619428866438,0.484271464517501,0.6918619428866438,4.933100019115955,12.942200002726167
1027,0022_0,grid_round_robin,631,435,0.6893819334389857,0.6339144215530903,0.9746434231378764,0.24392845458187024,0.14668858435980175,0.24392845458187024,0.63109997427091,19.044900021981448
1027,0022_0,anms_4d,631,430,0.6814580031695721,0.624405705229794,0.9730586370839936,0.22340886766415827,0.1329717381770662,0.22340886766415827,11.110200022812933,20.89660003548488
1028,0022_0,grid_round_robin,300,203,0.6766666666666666,0.5933333333333334,0.96,0.5879462705952785,0.5508200532532156,0.5879462705952785,0.334200041834265,17.907600034959614
1028,0022_0,anms_4d,300,197,0.6566666666666666,0.5766666666666667,0.95,0.7242874487564522,0.6705865302219653,0.7242874487564522,4.174600006081164,12.093500001356006
1029,0022_0,grid_round_robin,201,118,0.5870646766169154,0.6368159203980099,0.9502487562189055,4.035707060994705,6.425208325520428,6.425208325520428,0.37779996637254953,12.578899972140789
1029,0022_0,anms_4d,201,117,0.582089552238806,0.6268656716417911,0.9402985074626866,3.887358436356829,6.219947492995017,6.219947492995017,2.7800999814644456,15.005900000687689
1030,0022_0,grid_round_robin,258,182,0.7054263565891473,0.6744186046511628,0.9689922480620154,0.5737954012852333,1.3980037726474444,1.3980037726474444,0.3038999857380986,9.17839998146519
1030,0022_0,anms_4d,258,181,0.7015503875968992,0.6627906976744186,0.9651162790697675,0.45866906123618334,1.119539228376542,1.119539228376542,3.74399998690933,9.332099987659603
1031,0022_0,grid_round_robin,470,300,0.6382978723404256,0.5127659574468085,0.9106382978723404,0.7628464023965305,4.460213992291177,4.460213992291177,0.4482999793253839,19.959600002039224
1031,0022_0,anms_4d,470,294,0.625531914893617,0.5085106382978724,0.9148936170212766,0.8362835157885746,4.705305338232069,4.705305338232069,7.729400007519871,22.913800028618425
1032,0022_0,grid_round_robin,94,48,0.5106382978723404,0.5531914893617021,0.9361702127659575,11.096559351229915,15.078276693544069,15.078276693544069,0.2093000221066177,19.3171999999322
1032,0022_0,anms_4d,94,46,0.48936170212765956,0.5319148936170213,0.925531914893617,2.877357607430222,4.338332359664493,4.338332359664493,1.1403999524191022,20.160600019153208
1033,0022_0,grid_round_robin,274,190,0.6934306569343066,0.6605839416058394,0.9854014598540146,3.0975357431016066,6.142994620018843,6.142994620018843,0.35609997576102614,12.32099998742342
1033,0022_0,anms_4d,274,187,0.6824817518248175,0.6532846715328468,0.9854014598540146,2.5096897980520048,5.0049109574152855,5.0049109574152855,3.796399978455156,10.42609999421984
1034,0022_0,grid_round_robin,137,63,0.45985401459854014,0.46715328467153283,0.7883211678832117,4.074326035477592,8.040838138090106,8.040838138090106,0.2361999941058457,21.599499974399805
1034,0022_0,anms_4d,137,62,0.45255474452554745,0.4744525547445255,0.7737226277372263,4.070874773683404,8.035230392759715,8.035230392759715,1.622700016014278,21.244300005491823
1035,0022_0,grid_round_robin,103,65,0.6310679611650486,0.3786407766990291,0.6893203883495146,13.779534357150833,13.078215637348741,13.779534357150833,0.21050003124400973,7.7813999960199
1035,0022_0,anms_4d,103,63,0.6116504854368932,0.36893203883495146,0.6601941747572816,13.471840262807062,10.538912707361627,13.471840262807062,1.3077000039629638,9.034399990923703
1036,0022_0,grid_round_robin,375,228,0.608,0.616,0.9493333333333334,0.8799878502347326,2.5802144065121966,2.5802144065121966,0.3732999903149903,20.665599964559078
1036,0022_0,anms_4d,375,222,0.592,0.5893333333333334,0.9466666666666667,0.8612067750432689,2.593247166738901,2.593247166738901,5.539099976886064,25.380400009453297
1037,0022_0,grid_round_robin,409,292,0.7139364303178484,0.5281173594132029,0.8801955990220048,0.9217585126716684,0.39748176339783253,0.9217585126716684,0.4390000249259174,18.406899995170534
1037,0022_0,anms_4d,409,288,0.7041564792176039,0.5256723716381418,0.8728606356968215,0.839221722331132,0.3549400438415722,0.839221722331132,6.424500024877489,14.595899963751435
1038,0022_0,grid_round_robin,585,454,0.7760683760683761,0.5846153846153846,0.9641025641025641,0.11085370914821001,0.053680605358315564,0.11085370914821001,0.5661000031977892,11.468499957118183
1038,0022_0,anms_4d,585,451,0.770940170940171,0.5777777777777777,0.9606837606837607,0.11589806704262251,0.051965594124864754,0.11589806704262251,11.006399989128113,12.706600013189018
1039,0022_0,grid_round_robin,629,440,0.699523052464229,0.6232114467408585,0.972972972972973,0.27235423831344174,0.6913286290676044,0.6913286290676044,0.5035999929532409,21.185200021136552
1039,0022_0,anms_4d,629,428,0.6804451510333863,0.6104928457869634,0.9650238473767886,0.19144728455618581,0.4624037133717741,0.4624037133717741,11.199000000488013,21.442700002808124
1040,0022_0,grid_round_robin,33,22,0.6666666666666666,0.5151515151515151,0.7878787878787878,76.07980111450645,78.62363091390029,78.62363091390029,0.1634999644011259,4.821700043976307
1040,0022_0,anms_4d,33,22,0.6666666666666666,0.48484848484848486,0.7878787878787878,75.90773772572688,78.48977063231186,78.48977063231186,0.4116999916732311,4.812799976207316
1041,0022_0,grid_round_robin,658,423,0.6428571428571429,0.6382978723404256,0.9817629179331308,0.49575036133126027,1.4091382430076795,1.4091382430076795,0.5695999716408551,32.58030000142753
1041,0022_0,anms_4d,658,430,0.6534954407294833,0.6337386018237082,0.9802431610942249,0.45299565879015036,1.1634188090463449,1.1634188090463449,11.618399992585182,27.58729999186471
1042,0022_0,grid_round_robin,175,118,0.6742857142857143,0.5028571428571429,0.9657142857142857,2.4484813370211724,8.543747906217758,8.543747906217758,0.28330000350251794,9.112100000493228
1042,0022_0,anms_4d,175,118,0.6742857142857143,0.4742857142857143,0.96,2.4780398136603856,8.702791779691708,8.702791779691708,2.251200028695166,9.678500005975366
1043,0022_0,grid_round_robin,378,286,0.7566137566137566,0.6031746031746031,0.9126984126984127,0.3128949245510547,0.11753562480764482,0.3128949245510547,0.3556999727152288,9.886200015898794
1043,0022_0,anms_4d,378,281,0.7433862433862434,0.5925925925925926,0.9126984126984127,0.32165835574155843,0.12084201072518498,0.32165835574155843,5.645900033414364,12.371999968308955
1044,0022_0,grid_round_robin,254,169,0.6653543307086615,0.6771653543307087,0.9921259842519685,3.1976558005934432,12.22016056427898,12.22016056427898,0.2723999787122011,11.76969998050481
1044,0022_0,anms_4d,254,171,0.6732283464566929,0.6732283464566929,0.9960629921259843,2.425650965039243,9.105511463534134,9.105511463534134,3.396300016902387,12.798999960068613
1045,0022_0,grid_round_robin,472,299,0.6334745762711864,0.5847457627118644,0.902542372881356,0.48751910093932177,0.666850632553167,0.666850632553167,0.4146000137552619,17.107799998484552
1045,0022_0,anms_4d,472,293,0.6207627118644068,0.5847457627118644,0.902542372881356,0.5055432607432405,0.46105969231780697,0.5055432607432405,7.460599998012185,29.123000043909997
1046,0022_0,grid_round_robin,259,148,0.5714285714285714,0.5752895752895753,0.9536679536679536,2.641716644682497,1.7244290639630317,2.641716644682497,0.3504999913275242,18.56759999645874
1046,0022_0,anms_4d,259,141,0.5444015444015444,0.583011583011583,0.9498069498069498,1.1987298364212584,1.392588840832927,1.392588840832927,3.662699949927628,21.74540003761649
1047,0022_0,grid_round_robin,613,422,0.6884176182707994,0.48450244698205547,0.8923327895595432,0.44900925438817507,14.094762476255267,14.094762476255267,0.694699992891401,24.234200012870133
1047,0022_0,anms_4d,613,409,0.66721044045677,0.4730831973898858,0.8907014681892332,0.5320220582731973,15.536191374330812,15.536191374330812,10.810800013132393,24.228099966421723
1048,0022_0,grid_round_robin,377,249,0.6604774535809018,0.6578249336870027,0.986737400530504,0.6583813318792053,1.2186228418749356,1.2186228418749356,0.5166999762877822,17.874700017273426
1048,0022_0,anms_4d,377,251,0.6657824933687002,0.6551724137931034,0.986737400530504,0.7158488217982188,0.8584471493418019,0.8584471493418019,5.459300009533763,18.187200010288507
1049,0022_0,grid_round_robin,143,82,0.5734265734265734,0.4825174825174825,0.9300699300699301,1.2171273029193408,0.886586039119306,1.2171273029193408,0.21839997498318553,13.276199984829873
1049,0022_0,anms_4d,143,82,0.5734265734265734,0.48951048951048953,0.9090909090909091,1.1440908630568978,0.8383338705494253,1.1440908630568978,1.6973000019788742,12.87660002708435
1050,0022_0,grid_round_robin,717,474,0.6610878661087866,0.5662482566248257,0.9539748953974896,1.4233393236818672,2.1824679315663986,2.1824679315663986,0.6502999458462,37.45310002705082
1050,0022_0,anms_4d,717,465,0.6485355648535565,0.5481171548117155,0.9483960948396095,1.5686636238828884,2.36532852286721,2.36532852286721,12.706000008620322,30.6544000050053
1051,0022_0,grid_round_robin,193,112,0.5803108808290155,0.5906735751295337,0.927461139896373,1.600472712233729,4.091139557976012,4.091139557976012,0.2443999983370304,14.865599980112165
1051,0022_0,anms_4d,193,122,0.6321243523316062,0.6113989637305699,0.9378238341968912,1.5708666319582079,4.5765692059602845,4.5765692059602845,2.490399987436831,12.413799995556474
1052,0022_0,grid_round_robin,502,402,0.8007968127490039,0.6633466135458167,0.9581673306772909,0.4303794883083532,0.18451148207295145,0.4303794883083532,0.4463000223040581,11.263599968515337
1052,0022_0,anms_4d,502,391,0.7788844621513944,0.6414342629482072,0.9482071713147411,0.45608045927048274,0.19519378582028973,0.45608045927048274,8.865700045134872,13.85899999877438
1053,0022_0,grid_round_robin,97,62,0.6391752577319587,0.5876288659793815,0.9278350515463918,8.287926782810718,13.320719167892452,13.320719167892452,0.20979996770620346,7.217500009573996
1053,0022_0,anms_4d,97,57,0.5876288659793815,0.5567010309278351,0.9072164948453608,7.518941936412392,11.887863694795074,11.887863694795074,1.2040999718010426,9.66460001654923
1054,0022_0,grid_round_robin,216,162,0.75,0.6620370370370371,0.9629629629629629,4.056525823706753,14.052705833888716,14.052705833888716,0.2638999721966684,13.032699993345886
1054,0022_0,anms_4d,216,159,0.7361111111111112,0.6574074074074074,0.9629629629629629,2.70007356801733,9.784457315903436,9.784457315903436,2.8445000061765313,8.730000001378357
1055,0022_0,grid_round_robin,267,154,0.5767790262172284,0.5393258426966292,0.8876404494382022,0.7596438102039851,0.5170744218998158,0.7596438102039851,0.3553999704308808,16.846599988639355
1055,0022_0,anms_4d,267,147,0.550561797752809,0.5280898876404494,0.8913857677902621,0.7392261696914164,0.8804103260880053,0.8804103260880053,3.5315999994054437,32.21810003742576
1056,0022_0,grid_round_robin,420,265,0.6309523809523809,0.5976190476190476,0.9595238095238096,0.9952707281590251,0.46543499206530914,0.9952707281590251,0.42970001231878996,25.509400002192706
1056,0022_0,anms_4d,420,257,0.611904761904762,0.580952380952381,0.9571428571428572,0.8535823606549696,0.38884630274348825,0.8535823606549696,8.988199988380075,25.5279999691993
1057,0022_0,grid_round_robin,128,77,0.6015625,0.5625,0.9140625,4.681721856779912,8.473301793215068,8.473301793215068,0.23310002870857716,10.099300008732826
1057,0022_0,anms_4d,128,79,0.6171875,0.5625,0.9296875,2.1713959746500175,4.420956952676857,4.420956952676857,1.5968999941833317,8.889899996574968
1058,0022_0,grid_round_robin,601,409,0.6805324459234608,0.4459234608985025,0.7936772046589018,2.8270023977830157,4.185792769369386,4.185792769369386,0.4686999600380659,15.282300009857863
1058,0022_0,anms_4d,601,407,0.6772046589018302,0.4459234608985025,0.7970049916805324,2.9427489375850686,4.365750944651469,4.365750944651469,9.995799977332354,19.550800032448024
1059,0022_0,grid_round_robin,276,177,0.6413043478260869,0.6014492753623188,0.9746376811594203,1.3658050696178583,1.9935215610238743,1.9935215610238743,0.3491999814286828,17.15229998808354
1059,0022_0,anms_4d,276,167,0.605072463768116,0.6086956521739131,0.9818840579710145,0.8050114145755256,1.2282415727260483,1.2282415727260483,3.770100011024624,15.918000019155443
1060,0022_0,grid_round_robin,313,176,0.5623003194888179,0.5271565495207667,0.9552715654952076,1.8420341474032942,1.9217868284828508,1.9217868284828508,0.3428999916650355,25.68049996625632
1060,0022_0,anms_4d,313,170,0.5431309904153354,0.5143769968051118,0.9584664536741214,2.1996265246950255,3.9878916285732933,3.9878916285732933,4.536500026006252,26.945599995087832
1061,0022_0,grid_round_robin,641,444,0.6926677067082684,0.6380655226209049,0.9609984399375975,0.1846043629519906,0.2131288747737354,0.2131288747737354,0.5421999958343804,20.571800007019192
1061,0022_0,anms_4d,641,437,0.6817472698907956,0.6349453978159126,0.9500780031201248,0.17818337066717957,0.21394043208711314,0.21394043208711314,11.06459996663034,23.165200022049248
1062,0022_0,grid_round_robin,211,138,0.6540284360189573,0.6635071090047393,0.981042654028436,2.525168905430321,13.66862658983144,13.66862658983144,0.2969999914057553,11.148100020363927
1062,0022_0,anms_4d,211,135,0.6398104265402843,0.6540284360189573,0.9715639810426541,2.6129469066002993,14.02733103601418,14.02733103601418,2.8853999683633447,12.936200015246868
1063,0022_0,grid_round_robin,20,13,0.65,0.3,0.75,1.1242480031901,0.8082430989589122,1.1242480031901,0.14920003013685346,4.6101000043563545
1063,0022_0,anms_4d,20,13,0.65,0.3,0.75,1.1242480032225208,0.8082430989728916,1.1242480032225208,0.29200001154094934,4.577599989715964
1064,0022_0,grid_round_robin,477,299,0.6268343815513627,0.5178197064989518,0.9182389937106918,0.6513730392425118,1.027682350890538,1.027682350890538,0.4224999574944377,25.494600005913526
1064,0022_0,anms_4d,477,301,0.6310272536687631,0.5241090146750524,0.9140461215932913,0.5989247183308192,0.9720073155688729,0.9720073155688729,8.112400013487786,25.75060003437102
1065,0022_0,grid_round_robin,245,155,0.6326530612244898,0.6408163265306123,0.9673469387755103,0.3311225432813584,0.3001648662515601,0.3311225432813584,0.2706999657675624,13.48270004382357
1065,0022_0,anms_4d,245,142,0.5795918367346938,0.6163265306122448,0.9673469387755103,0.5216880443778479,0.5603005369938505,0.5603005369938505,3.4368999768048525,18.153799988795072
1066,0022_0,grid_round_robin,212,117,0.5518867924528302,0.5754716981132075,0.9150943396226415,2.212812987048649,2.152202739068767,2.212812987048649,0.2561000292189419,22.965900017879903
1066,0022_0,anms_4d,212,115,0.5424528301886793,0.5471698113207547,0.8962264150943396,1.8802490416003517,1.8549991039011342,1.8802490416003517,2.826399984769523,20.70850000018254
1067,0022_0,grid_round_robin,482,337,0.6991701244813278,0.6867219917012448,0.9585062240663901,0.10804862810198036,0.1329207386986376,0.1329207386986376,0.4349999944679439,14.434800017625093
1067,0022_0,anms_4d,482,329,0.6825726141078838,0.6680497925311203,0.9522821576763485,0.16021462267178813,0.08063734298011367,0.16021462267178813,8.047099981922656,19.77940002689138
1068,0022_0,grid_round_robin,573,397,0.6928446771378709,0.5532286212914486,0.9581151832460733,0.5900974927656872,0.5597817780006712,0.5900974927656872,0.5651999963447452,24.352099979296327
1068,0022_0,anms_4d,573,404,0.7050610820244329,0.5532286212914486,0.9511343804537522,0.288061234092007,0.29972362426953336,0.29972362426953336,9.483199974056333,21.273799997288734
1069,0022_0,grid_round_robin,204,100,0.49019607843137253,0.5098039215686274,0.9166666666666666,7.594268283197171,10.735771182409229,10.735771182409229,0.27869996847584844,25.426700012758374
1069,0022_0,anms_4d,204,97,0.47549019607843135,0.4950980392156863,0.8970588235294118,6.279052189350575,8.101073757819787,8.101073757819787,2.6849000132642686,23.71320000384003
1070,0022_0,grid_round_robin,255,192,0.7529411764705882,0.5647058823529412,0.9882352941176471,0.4268266448459932,1.0399703927483224,1.0399703927483224,0.35420001950114965,10.230000014416873
1070,0022_0,anms_4d,255,193,0.7568627450980392,0.5803921568627451,0.984313725490196,0.23194027652355628,0.6833034646005787,0.6833034646005787,10.700699989683926,7.481299981009215
1071,0022_0,grid_round_robin,577,389,0.6741767764298093,0.610051993067591,0.9445407279029463,0.39863307727790376,0.5785362597902286,0.5785362597902286,0.6065000197850168,19.579699961468577
1071,0022_0,anms_4d,577,382,0.6620450606585788,0.6013864818024264,0.9462738301559792,0.42254277279950214,0.5514764536236122,0.5514764536236122,10.47639996977523,17.056800017599016
1072,0022_0,grid_round_robin,375,223,0.5946666666666667,0.488,0.9066666666666666,0.9172252075035283,1.6427502874073137,1.6427502874073137,0.3624000237323344,22.808399982750416
1072,0022_0,anms_4d,375,221,0.5893333333333334,0.48533333333333334,0.8933333333333333,0.8182024900641697,1.4606005849540311,1.4606005849540311,5.5321999825537205,24.097700021229684
1073,0022_0,grid_round_robin,730,418,0.5726027397260274,0.5054794520547945,0.9068493150684932,2.348256887394319,17.227644406722376,17.227644406722376,0.8780999924056232,54.93619997287169
1073,0022_0,anms_4d,730,415,0.5684931506849316,0.4986301369863014,0.915068493150685,2.3340783878813096,17.190766731107487,17.190766731107487,13.312699971720576,54.36140001984313
1074,0022_0,grid_round_robin,339,243,0.7168141592920354,0.5811209439528023,0.9292035398230089,1.7490967332219547,0.8343587479369208,1.7490967332219547,0.3483000327832997,12.745699961669743
1074,0022_0,anms_4d,339,238,0.7020648967551623,0.5752212389380531,0.9174041297935103,1.7576539330363574,0.832784583338895,1.7576539330363574,5.073899985291064,11.18739997036755
1075,0022_0,grid_round_robin,205,151,0.7365853658536585,0.6487804878048781,0.9658536585365853,0.26729170672409996,0.6231779223107041,0.6231779223107041,0.24829996982589364,5.556999996770173
1075,0022_0,anms_4d,205,145,0.7073170731707317,0.6390243902439025,0.9707317073170731,0.40174639115487165,0.8141659112466164,0.8141659112466164,2.646300010383129,7.680899987462908
1076,0022_0,grid_round_robin,236,117,0.4957627118644068,0.461864406779661,0.8050847457627118,1.8563426754847518,2.362276573696329,2.362276573696329,0.28989999555051327,26.414699968881905
1076,0022_0,anms_4d,236,112,0.4745762711864407,0.4533898305084746,0.809322033898305,5.291912413857033,8.231038256707194,8.231038256707194,3.140399989206344,25.398799974936992
1077,0022_0,grid_round_robin,489,359,0.7341513292433538,0.6830265848670757,0.9754601226993865,0.9908606374033653,0.8077859192001323,0.9908606374033653,0.5083000287413597,18.621299997903407
1077,0022_0,anms_4d,489,351,0.7177914110429447,0.6584867075664622,0.9652351738241309,0.8546657699952112,0.6793962939816004,0.8546657699952112,8.232799998950213,14.232399989850819
1078,0022_0,grid_round_robin,377,252,0.6684350132625995,0.4376657824933687,0.8408488063660478,1.4592542363940124,2.668111969704292,2.668111969704292,0.38240000139921904,10.384400025941432
1078,0022_0,anms_4d,377,246,0.6525198938992043,0.4403183023872679,0.8355437665782494,1.244417106652047,2.2405871122286225,2.2405871122286225,5.6514000170864165,15.427500009536743
1079,0022_0,grid_round_robin,296,191,0.6452702702702703,0.5337837837837838,0.9155405405405406,0.5834551423502875,0.30139784789631213,0.5834551423502875,0.338599958922714,11.158899986185133
1079,0022_0,anms_4d,296,183,0.6182432432432432,0.5101351351351351,0.8986486486486487,0.6532677444882904,0.410113438477552,0.6532677444882904,4.078599973581731,13.604899984784424
1080,0022_0,grid_round_robin,362,228,0.6298342541436464,0.5607734806629834,0.9005524861878453,0.2188692452387576,0.29128980553180567,0.29128980553180567,0.4130000015720725,18.61329999519512
1080,0022_0,anms_4d,362,216,0.5966850828729282,0.5386740331491713,0.8867403314917127,0.28744054584842327,0.4059976962203613,0.4059976962203613,5.392199964262545,21.119599987287074
1081,0022_0,grid_round_robin,255,157,0.615686274509804,0.6470588235294118,0.9725490196078431,2.4009732979759524,15.423517472347063,15.423517472347063,0.37570000858977437,17.160400049760938
1081,0022_0,anms_4d,255,165,0.6470588235294118,0.6392156862745098,0.9686274509803922,1.6984070271154506,11.424511732656388,11.424511732656388,3.4077000454999506,11.817900056485087
1082,0022_0,grid_round_robin,428,324,0.7570093457943925,0.5677570093457944,0.9345794392523364,1.7908582559533743,3.3200385712246336,3.3200385712246336,0.4616000223904848,19.51109996298328
1082,0022_0,anms_4d,428,311,0.7266355140186916,0.544392523364486,0.9228971962616822,1.7898954657844195,3.3158769984751943,3.3158769984751943,6.559200002811849,12.228799983859062
1083,0022_0,grid_round_robin,538,377,0.7007434944237918,0.5130111524163569,0.9442379182156134,0.22310183346428483,0.09298518503199812,0.22310183346428483,0.47480000648647547,25.029200012795627
1083,0022_0,anms_4d,538,373,0.6933085501858736,0.5074349442379182,0.9423791821561338,0.23951321356742133,0.10550263814730212,0.23951321356742133,8.761200006119907,18.288700026459992
1084,0022_0,grid_round_robin,217,146,0.6728110599078341,0.7142857142857143,0.9953917050691244,3.296368873740028,25.29635990448132,25.29635990448132,0.2518999972380698,16.78070001071319
1084,0022_0,anms_4d,217,143,0.6589861751152074,0.6912442396313364,0.9953917050691244,3.7628017400694933,26.79789813912093,26.79789813912093,2.8945999802090228,12.841199990361929
1085,0022_0,grid_round_robin,406,270,0.6650246305418719,0.4802955665024631,0.9433497536945813,0.7041816284299475,2.1478807674793705,2.1478807674793705,0.39989996002987027,19.571200013160706
1085,0022_0,anms_4d,406,266,0.6551724137931034,0.4753694581280788,0.9433497536945813,0.6328673532184576,1.9682996967083215,1.9682996967083215,6.1104000196792185,18.453900003805757
1086,0022_0,grid_round_robin,386,241,0.6243523316062176,0.5777202072538861,0.966321243523316,0.8443906962233675,1.9783879409562657,1.9783879409562657,0.40769996121525764,21.241199981886894
1086,0022_0,anms_4d,386,239,0.6191709844559585,0.5673575129533679,0.9637305699481865,0.6935076969379126,1.7234492737175815,1.7234492737175815,5.701200047042221,22.711900004651397
1087,0022_0,grid_round_robin,155,82,0.5290322580645161,0.5483870967741935,0.9290322580645162,13.11964782705013,4.848072317903055,13.11964782705013,0.22899999748915434,18.233000009786338
1087,0022_0,anms_4d,155,86,0.5548387096774193,0.5612903225806452,0.9354838709677419,13.935105738989952,5.086844328771874,13.935105738989952,2.1166999940760434,15.369599976111203
1088,0022_0,grid_round_robin,460,305,0.6630434782608695,0.6391304347826087,0.967391304347826,0.15802073294187327,0.3485733730146657,0.3485733730146657,0.4175999783910811,20.021600008476526
1088,0022_0,anms_4d,460,300,0.6521739130434783,0.6304347826086957,0.9543478260869566,0.2095402130874394,0.2768585856607438,0.2768585856607438,7.078800001181662,13.587299967184663
1089,0022_0,grid_round_robin,484,402,0.8305785123966942,0.4855371900826446,0.9132231404958677,2.2418596253510494,3.032882636526367,3.032882636526367,0.43700000969693065,9.972999978344887
1089,0022_0,anms_4d,484,402,0.8305785123966942,0.4834710743801653,0.9111570247933884,2.0018152433322864,2.705924026248038,2.705924026248038,7.664799981284887,13.958700001239777
1090,0022_0,grid_round_robin,222,125,0.5630630630630631,0.6171171171171171,0.9684684684684685,1.5612448225510898,3.443418742213808,3.443418742213808,0.2589999930933118,18.554700014647096
1090,0022_0,anms_4d,222,112,0.5045045045045045,0.5990990990990991,0.9594594594594594,5.331612968325575,12.785502824634703,12.785502824634703,2.9738000012002885,27.199600008316338
1091,0022_0,grid_round_robin,319,192,0.6018808777429467,0.45141065830721006,0.8401253918495298,0.5098325585505122,0.788665900662592,0.788665900662592,0.33439998514950275,18.853999965358526
1091,0022_0,anms_4d,319,185,0.5799373040752351,0.438871473354232,0.8338557993730408,1.3923000052993715,2.2936663811185234,2.2936663811185234,4.768399987369776,23.367199988570064
1092,0022_0,grid_round_robin,588,465,0.7908163265306123,0.6105442176870748,0.9846938775510204,0.08480452936299981,0.09536178100004354,0.09536178100004354,0.48340001376345754,12.087999959476292
1092,0022_0,anms_4d,588,459,0.7806122448979592,0.6003401360544217,0.9778911564625851,0.09356780399937913,0.10226744168314426,0.10226744168314426,9.75780002772808,11.201400018762797
1093,0022_0,grid_round_robin,294,202,0.6870748299319728,0.5204081632653061,0.8707482993197279,0.8078095542784338,0.28938244220533293,0.8078095542784338,0.3018999705091119,12.37880002008751
1093,0022_0,anms_4d,294,199,0.6768707482993197,0.5170068027210885,0.8673469387755102,0.2947365078472864,0.14513853422382741,0.2947365078472864,4.039800027385354,11.719000001903623
1094,0022_0,grid_round_robin,542,270,0.4981549815498155,0.488929889298893,0.9520295202952029,1.6271020964264653,38.4795451306336,38.4795451306336,0.5297000170685351,68.69699998060241
1094,0022_0,anms_4d,542,278,0.5129151291512916,0.466789667896679,0.9446494464944649,0.8123985146896229,18.211054353165583,18.211054353165583,8.825500030070543,67.31789995683357
1095,0022_0,grid_round_robin,609,479,0.7865353037766831,0.6633825944170771,0.9655172413793104,0.24525751719915384,0.1762864953846477,0.24525751719915384,0.5129000055603683,17.421599943190813
1095,0022_0,anms_4d,609,481,0.7898193760262726,0.6617405582922824,0.9605911330049262,0.24830640807035548,0.1851939924446588,0.24830640807035548,10.411800001747906,19.954900024458766
1096,0022_0,grid_round_robin,165,91,0.5515151515151515,0.5151515151515151,0.9333333333333333,6.760200367692247,19.431508459713093,19.431508459713093,0.2630999661050737,16.17289998102933
1096,0022_0,anms_4d,165,89,0.5393939393939394,0.503030303030303,0.9272727272727272,6.952954622670677,19.96878040990213,19.96878040990213,2.372399962041527,29.50200001941994
1097,0022_0,grid_round_robin,327,205,0.6269113149847095,0.5259938837920489,0.8685015290519877,0.9451645368105392,1.3375427786082579,1.3375427786082579,0.4086000262759626,13.950599997770041
1097,0022_0,anms_4d,327,206,0.6299694189602446,0.5168195718654435,0.8715596330275229,1.1142324624758295,1.382132775578285,1.382132775578285,4.639799997676164,14.789599983487278
1098,0022_0,grid_round_robin,673,480,0.7132243684992571,0.6523031203566122,0.9687964338781575,0.8723749467451384,1.6825479069884093,1.6825479069884093,0.5453000194393098,22.843899962026626
1098,0022_0,anms_4d,673,465,0.6909361069836553,0.6359583952451708,0.9643387815750372,0.7614469880947142,1.4485382455306954,1.4485382455306954,12.377000006381422,27.70780003629625
1099,0022_0,grid_round_robin,408,283,0.6936274509803921,0.7132352941176471,0.9583333333333334,0.12820143529666897,0.08140426520672499,0.12820143529666897,0.4267999902367592,12.02460000058636
1099,0022_0,anms_4d,408,279,0.6838235294117647,0.6985294117647058,0.9558823529411765,0.1611458215301952,0.1110632826512631,0.1611458215301952,6.097300036344677,17.52580003812909
1100,0022_0,grid_round_robin,262,160,0.6106870229007634,0.5725190839694656,0.9656488549618321,1.7068146627797376,7.829481763445881,7.829481763445881,0.2972999936901033,15.306100016459823
1100,0022_0,anms_4d,262,157,0.5992366412213741,0.5572519083969466,0.9465648854961832,1.5829733591805788,7.1825075652550865,7.1825075652550865,3.3322000526823103,16.82650001021102
1101,0022_0,grid_round_robin,432,311,0.7199074074074074,0.5347222222222222,0.9074074074074074,1.1780638296641517,2.1271648553948936,2.1271648553948936,0.410800043027848,17.61329994769767
1101,0022_0,anms_4d,432,304,0.7037037037037037,0.5162037037037037,0.8935185185185185,1.197618476438347,2.1648277274049526,2.1648277274049526,6.766400008928031,20.062899973709136
1102,0022_0,grid_round_robin,469,349,0.744136460554371,0.7185501066098081,0.9744136460554371,0.9905358322113481,0.5801537460570662,0.9905358322113481,0.42100000428035855,10.51800005370751
1102,0022_0,anms_4d,469,339,0.7228144989339019,0.6950959488272921,0.9701492537313433,0.7797818773280382,0.7105163203962682,0.7797818773280382,7.256400014739484,13.954999973066151
1103,0022_0,grid_round_robin,560,346,0.6178571428571429,0.5910714285714286,0.9678571428571429,0.553849518484578,0.6738644361986467,0.6738644361986467,0.4550999728962779,24.3934000027366
1103,0022_0,anms_4d,560,333,0.5946428571428571,0.575,0.9642857142857143,0.5452655199118797,0.6482009669206739,0.6482009669206739,9.209899988491088,24.887599982321262
1104,0022_0,grid_round_robin,250,169,0.676,0.66,0.996,0.8874543577713813,3.587878602386049,3.587878602386049,0.3940000315196812,11.971200001426041
1104,0022_0,anms_4d,250,172,0.688,0.668,0.996,1.450564224210859,6.224488488786025,6.224488488786025,3.5658999695442617,11.46770000923425
1105,0022_0,grid_round_robin,163,92,0.5644171779141104,0.588957055214724,0.9386503067484663,0.9224993509063885,1.6530209946493304,1.6530209946493304,0.28959999326616526,13.142700016032904
1105,0022_0,anms_4d,163,91,0.558282208588957,0.588957055214724,0.9386503067484663,0.8240247340749728,1.751628839049423,1.751628839049423,2.3061000392772257,14.947099960409105
1106,0022_0,grid_round_robin,431,295,0.6844547563805105,0.6774941995359629,0.9791183294663574,0.4491260668682327,0.15234491650850454,0.4491260668682327,0.41969999438151717,13.539100007619709
1106,0022_0,anms_4d,431,284,0.6589327146171694,0.654292343387471,0.9698375870069605,0.38316321997323166,1.02432909874932,1.02432909874932,6.659300008323044,15.678600000683218
1107,0022_0,grid_round_robin,475,345,0.7263157894736842,0.6968421052631579,0.9810526315789474,0.516810854829363,0.3953123159155475,0.516810854829363,0.5355999455787241,13.55090003926307
1107,0022_0,anms_4d,475,340,0.7157894736842105,0.6863157894736842,0.9789473684210527,0.514620933279929,0.41374077587287844,0.514620933279929,7.393400010187179,13.759099994786084
1108,0022_0,grid_round_robin,479,334,0.697286012526096,0.6826722338204593,0.964509394572025,0.303862527199649,0.9232396452742174,0.9232396452742174,0.43029995867982507,14.2723000026308
1108,0022_0,anms_4d,479,333,0.6951983298538622,0.6722338204592901,0.9582463465553236,0.31623160891214674,0.957314264969112,0.957314264969112,7.45979999192059,16.955200000666082
1109,0022_0,grid_round_robin,655,466,0.7114503816793893,0.6885496183206107,0.9755725190839695,0.26994721723697795,1.5431362518346656,1.5431362518346656,0.5598000134341419,32.81900001456961
1109,0022_0,anms_4d,655,459,0.7007633587786259,0.6793893129770993,0.9694656488549618,0.23189116874705484,1.3151999326327473,1.3151999326327473,11.5922000259161,30.177799984812737
1110,0022_0,grid_round_robin,398,266,0.6683417085427136,0.5301507537688442,0.8994974874371859,0.3525875552562804,0.8081640103873475,0.8081640103873475,0.42529997881501913,15.612500021234155
1110,0022_0,anms_4d,398,268,0.6733668341708543,0.5251256281407035,0.9020100502512562,0.43864721130601736,1.024326990521633,1.024326990521633,5.8531000395305455,16.443600005004555
1111,0022_0,grid_round_robin,331,207,0.6253776435045317,0.6344410876132931,0.9637462235649547,2.7440597561680717,7.198334581779624,7.198334581779624,0.44730002991855145,19.54220002517104
1111,0022_0,anms_4d,331,203,0.6132930513595166,0.6163141993957704,0.9577039274924471,2.649576306757705,6.955795885422084,6.955795885422084,9.28810000186786,20.888400031253695
1112,0022_0,grid_round_robin,394,272,0.6903553299492385,0.6903553299492385,0.9568527918781726,0.4455454397103036,0.3299212447736197,0.4455454397103036,0.4512000014074147,11.77579996874556
1112,0022_0,anms_4d,394,264,0.6700507614213198,0.6675126903553299,0.9517766497461929,0.5237894572796551,0.24387351735263213,0.5237894572796551,5.885899998247623,10.91800001449883
1113,0022_0,grid_round_robin,502,313,0.6235059760956175,0.450199203187251,0.8366533864541833,1.744628136280663,8.003907445892878,8.003907445892878,0.4607999580912292,27.764300000853837
1113,0022_0,anms_4d,502,298,0.5936254980079682,0.44223107569721115,0.8326693227091634,1.8482235473765023,8.379312892363009,8.379312892363009,8.331699995324016,26.9683999940753
1114,0022_0,grid_round_robin,654,474,0.7247706422018348,0.4877675840978593,0.9480122324159022,0.2926582534924695,0.3324062167172823,0.3324062167172823,0.5391000304371119,16.648499993607402
1114,0022_0,anms_4d,654,465,0.7110091743119266,0.4847094801223242,0.9403669724770642,0.2737000045144085,0.3788527272839903,0.3788527272839903,11.272199975792319,29.431000002659857
1115,0022_0,grid_round_robin,328,218,0.6646341463414634,0.6280487804878049,0.9878048780487805,1.8841112977508065,0.2658172944052201,1.8841112977508065,0.387399981264025,15.223999973386526
1115,0022_0,anms_4d,328,207,0.6310975609756098,0.6067073170731707,0.9847560975609756,1.900726740795764,0.2738302936670588,1.900726740795764,4.901600012090057,16.89189998432994
1116,0022_0,grid_round_robin,325,211,0.6492307692307693,0.6061538461538462,0.9753846153846154,0.7105145958328175,0.37180200371776745,0.7105145958328175,0.3774999640882015,18.476199998985976
1116,0022_0,anms_4d,325,202,0.6215384615384615,0.5815384615384616,0.9692307692307692,0.909656944694764,0.6311036539170595,0.909656944694764,4.663100000470877,15.358700009528548
1117,0022_0,grid_round_robin,444,276,0.6216216216216216,0.6036036036036037,0.9797297297297297,4.300668658809651,9.648631002705132,9.648631002705132,0.46499999007210135,24.59300000919029
1117,0022_0,anms_4d,444,265,0.5968468468468469,0.5765765765765766,0.9752252252252253,4.427510111099557,9.958151761359563,9.958151761359563,7.327600033022463,29.548700025770813
1118,0022_0,grid_round_robin,371,261,0.7035040431266847,0.6307277628032345,0.9649595687331537,1.4465152128686278,2.3398877224211945,2.3398877224211945,0.3983000060543418,16.88890001969412
1118,0022_0,anms_4d,371,255,0.6873315363881402,0.6172506738544474,0.9622641509433962,1.5248749586152208,2.335541128815216,2.335541128815216,5.344800010789186,13.698400056455284
1119,0022_0,grid_round_robin,356,225,0.6320224719101124,0.601123595505618,0.9297752808988764,0.36268997059645564,0.12303738444348811,0.36268997059645564,0.44620002154260874,15.126899990718812
1119,0022_0,anms_4d,356,216,0.6067415730337079,0.5786516853932584,0.9185393258426966,0.3791448299414171,0.14671643247694294,0.3791448299414171,5.398000008426607,15.976700000464916
1120,0022_0,grid_round_robin,489,334,0.6830265848670757,0.6012269938650306,0.9693251533742331,1.1425551144553092,5.5673648247307,5.5673648247307,0.44599996181204915,21.413100010249764
1120,0022_0,anms_4d,489,328,0.6707566462167689,0.5828220858895705,0.9693251533742331,1.200953357776137,5.913288547948,5.913288547948,7.596400042530149,23.86280003702268
1121,0022_0,grid_round_robin,600,425,0.7083333333333334,0.6516666666666666,0.9716666666666667,0.12100383088157206,0.2339545951577789,0.2339545951577789,0.4712999798357487,21.37380000203848
1121,0022_0,anms_4d,600,418,0.6966666666666667,0.6433333333333333,0.9666666666666667,0.12266876005000105,0.23076895517945578,0.23076895517945578,10.651399963535368,24.27769999485463
1122,0022_0,grid_round_robin,257,189,0.7354085603112841,0.754863813229572,0.9961089494163424,0.9079298852240234,6.90457887404827,6.90457887404827,0.2807999844662845,10.482600016985089
1122,0022_0,anms_4d,257,190,0.7392996108949417,0.754863813229572,0.9922178988326849,0.5172035852402221,4.301617657924836,4.301617657924836,3.7031000247225165,12.545800011139363
1123,0022_0,grid_round_robin,214,148,0.6915887850467289,0.6542056074766355,0.9813084112149533,2.784392995092961,1.6045930731763849,2.784392995092961,0.2760999486781657,10.598600027151406
1123,0022_0,anms_4d,214,142,0.6635514018691588,0.6448598130841121,0.9719626168224299,3.3859135177141457,1.948866255597906,3.3859135177141457,2.9841999639756978,8.108399983029813
1124,0022_0,grid_round_robin,427,318,0.7447306791569087,0.6276346604215457,0.9718969555035128,0.424250151239998,0.2617980170705968,0.424250151239998,0.43290003668516874,9.800300002098083
1124,0022_0,anms_4d,427,315,0.7377049180327869,0.6135831381733021,0.9695550351288056,0.36336920152697366,0.22178440201154817,0.36336920152697366,7.561799953691661,12.202700017951429
1125,0022_0,grid_round_robin,493,309,0.6267748478701826,0.6227180527383367,0.9614604462474645,1.8206501978716956,0.520483736121835,1.8206501978716956,0.5027000443078578,26.63350000511855
1125,0022_0,anms_4d,493,306,0.6206896551724138,0.6247464503042597,0.9574036511156186,1.8064446447007743,0.5549163088888465,1.8064446447007743,7.6691999565809965,16.946199990343302
1126,0022_0,grid_round_robin,377,252,0.6684350132625995,0.6074270557029178,0.9363395225464191,0.8785226593383669,0.7584456038443551,0.8785226593383669,0.49970002146437764,14.851199986878783
1126,0022_0,anms_4d,377,249,0.6604774535809018,0.583554376657825,0.9310344827586207,0.8343690485873189,0.7139107583227358,0.8343690485873189,5.558200005907565,13.778100023046136
1127,0022_0,grid_round_robin,554,310,0.5595667870036101,0.48014440433212996,0.9115523465703971,1.914708331063665,1.7007065884745527,1.914708331063665,0.4771000239998102,29.8289000056684
1127,0022_0,anms_4d,554,309,0.5577617328519856,0.4729241877256318,0.9151624548736462,1.962876691960971,1.7639783481698754,1.962876691960971,9.336900024209172,33.877699985168874
1128,0022_0,grid_round_robin,712,461,0.6474719101123596,0.6264044943820225,0.9691011235955056,0.11949896672673505,0.3526990848776584,0.3526990848776584,0.5539000267162919,36.61209996789694
1128,0022_0,anms_4d,712,457,0.6418539325842697,0.6123595505617978,0.9648876404494382,0.22091052561686486,0.825923281262901,0.825923281262901,13.481699978001416,42.80479997396469
1129,0022_0,grid_round_robin,324,205,0.6327160493827161,0.6728395061728395,0.9814814814814815,0.2246487214645172,0.6261829771007492,0.6261829771007492,0.4029000410810113,14.884499949403107
1129,0022_0,anms_4d,324,202,0.6234567901234568,0.654320987654321,0.9753086419753086,0.46725962464005544,1.4580983135695211,1.4580983135695211,4.924600012600422,17.228899989277124
1130,0022_0,grid_round_robin,415,276,0.6650602409638554,0.6409638554216868,0.9518072289156626,0.2818701724216504,1.0663234241322195,1.0663234241322195,0.5242999759502709,17.114799993578345
1130,0022_0,anms_4d,415,270,0.6506024096385542,0.6265060240963856,0.9397590361445783,0.29344825367371596,1.1056620267690827,1.1056620267690827,6.58869999460876,18.17920000758022
1131,0022_0,grid_round_robin,390,286,0.7333333333333333,0.558974358974359,0.9641025641025641,0.2987036755710526,0.16448961344691987,0.2987036755710526,0.3890999942086637,13.763499970082194
1131,0022_0,anms_4d,390,280,0.717948717948718,0.5564102564102564,0.958974358974359,0.8734431010261751,0.5170386228359898,0.8734431010261751,5.68940001539886,11.7401999887079
1132,0022_0,grid_round_robin,286,192,0.6713286713286714,0.46853146853146854,0.8391608391608392,0.4428976673188595,0.8296589147406127,0.8296589147406127,0.3077000146731734,11.178300017490983
1132,0022_0,anms_4d,286,188,0.6573426573426573,0.4825174825174825,0.8321678321678322,0.5171574757108912,0.867236431013107,0.867236431013107,4.047700029332191,10.644399968441576
1133,0022_0,grid_round_robin,642,515,0.8021806853582555,0.6573208722741433,0.9781931464174455,0.5310718035849815,0.723482964113564,0.723482964113564,0.4971000016666949,13.90200003515929
1133,0022_0,anms_4d,642,509,0.7928348909657321,0.6557632398753894,0.9750778816199377,0.5506732739406298,0.7492490480062501,0.7492490480062501,11.187000025529414,16.591399966273457
1134,0022_0,grid_round_robin,535,416,0.7775700934579439,0.6242990654205608,0.9626168224299065,0.16219582713486635,0.06616985536499431,0.16219582713486635,0.4904000088572502,14.208300039172173
1134,0022_0,anms_4d,535,414,0.7738317757009345,0.611214953271028,0.9607476635514018,0.13046599208821563,0.05273620266228397,0.13046599208821563,8.826299977954477,14.135700010228902
1135,0022_0,grid_round_robin,37,18,0.4864864864864865,0.40540540540540543,0.6756756756756757,121.57157056665248,14.538661884310784,121.57157056665248,0.1753999968059361,15.97030000993982
1135,0022_0,anms_4d,37,18,0.4864864864864865,0.40540540540540543,0.6756756756756757,117.89384795750563,14.68234021651935,117.89384795750563,0.5802999949082732,16.458199999760836
1136,0022_0,grid_round_robin,294,198,0.673469387755102,0.6496598639455783,0.9761904761904762,2.655210885933722,15.879300970907968,15.879300970907968,0.33819995587691665,12.242400029208511
1136,0022_0,anms_4d,294,195,0.6632653061224489,0.6462585034013606,0.9795918367346939,3.179646322319913,24.64331594863184,24.64331594863184,4.016099963337183,13.012000010348856
1137,0022_0,grid_round_robin,428,289,0.6752336448598131,0.6285046728971962,0.9532710280373832,0.5248508402360873,0.5572284727441166,0.5572284727441166,0.39140001172199845,13.132399995811284
1137,0022_0,anms_4d,428,276,0.6448598130841121,0.6051401869158879,0.9392523364485982,0.5110715119111097,0.5777673306265682,0.5777673306265682,6.932999996934086,17.390099994372576
1138,0022_0,grid_round_robin,570,422,0.7403508771929824,0.5929824561403508,0.9543859649122807,0.0908649796296498,0.16621652716343924,0.16621652716343924,0.49489998491480947,15.84859995637089
1138,0022_0,anms_4d,570,417,0.7315789473684211,0.5947368421052631,0.9578947368421052,0.06026897548333707,0.1026894048438443,0.1026894048438443,10.500499978661537,14.962200017180294
1139,0022_0,grid_round_robin,22,16,0.7272727272727273,0.2727272727272727,0.7727272727272727,109.7428103643075,59.016635169146454,109.7428103643075,0.15579996397718787,3.0832000193186104
1139,0022_0,anms_4d,22,16,0.7272727272727273,0.3181818181818182,0.7727272727272727,104.84166596861633,63.228725021369755,104.84166596861633,0.32219995046034455,2.6925000129267573
1140,0022_0,grid_round_robin,437,309,0.7070938215102975,0.6750572082379863,0.9862700228832952,0.3887227553241402,0.6986902889804478,0.6986902889804478,0.41119998786598444,22.440899978391826
1140,0022_0,anms_4d,437,304,0.6956521739130435,0.6590389016018307,0.9862700228832952,0.36705941343627463,0.578390309604138,0.578390309604138,6.548199977260083,20.134399994276464
1141,0022_0,grid_round_robin,736,464,0.6304347826086957,0.6154891304347826,0.96875,0.12851272019426482,0.20917607749771994,0.20917607749771994,0.5740000051446259,24.555399955715984
1141,0022_0,anms_4d,736,456,0.6195652173913043,0.6046195652173914,0.9646739130434783,0.09032357197415483,0.1982058199789964,0.1982058199789964,13.232900004368275,32.042100036051124
1142,0022_0,grid_round_robin,443,271,0.6117381489841986,0.6049661399548533,0.9616252821670429,0.09123048312572028,0.5031375096896129,0.5031375096896129,0.4459000192582607,19.029500021133572
1142,0022_0,anms_4d,443,259,0.5846501128668171,0.5936794582392777,0.9525959367945824,0.40693927334254726,2.1874443857625057,2.1874443857625057,6.848299992270768,24.61249998304993
1143,0022_0,grid_round_robin,370,261,0.7054054054054054,0.6027027027027027,0.9675675675675676,0.18079229853088033,0.3392253854130303,0.3392253854130303,0.36589999217540026,14.536300033796579
1143,0022_0,anms_4d,370,258,0.6972972972972973,0.5918918918918918,0.9567567567567568,0.2200905695577745,0.40945146720646025,0.40945146720646025,5.434299993794411,15.832200006116182
1144,0022_0,grid_round_robin,161,94,0.5838509316770186,0.577639751552795,0.9440993788819876,1.1316188294680478,6.1132992943556115,6.1132992943556115,0.2367999986745417,15.410599997267127
1144,0022_0,anms_4d,161,93,0.577639751552795,0.5714285714285714,0.9440993788819876,1.0385723931040083,5.733972521868762,5.733972521868762,2.13350000558421,16.334199986886233
1145,0022_0,grid_round_robin,336,204,0.6071428571428571,0.5327380952380952,0.8898809523809523,0.7524895644053505,1.1830551960741678,1.1830551960741678,0.34120003692805767,18.61209998605773
1145,0022_0,anms_4d,336,195,0.5803571428571429,0.5089285714285714,0.875,0.9949267842957079,1.5126000680460596,1.5126000680460596,4.7963999677449465,19.81919998070225
1146,0022_0,grid_round_robin,112,79,0.7053571428571429,0.6607142857142857,1.0,12.693764422020728,30.50281845705891,30.50281845705891,0.3405000315979123,6.690400012303144
1146,0022_0,anms_4d,112,77,0.6875,0.6428571428571429,1.0,12.7389294200261,30.573655464351575,30.573655464351575,1.392600010149181,6.481199990957975
1147,0022_0,grid_round_robin,426,269,0.6314553990610329,0.5328638497652582,0.9342723004694836,0.9526202965438338,3.8366502750297355,3.8366502750297355,0.4181999829597771,20.08330001262948
1147,0022_0,anms_4d,426,257,0.6032863849765259,0.5211267605633803,0.931924882629108,0.9896084808192372,4.005652687042766,4.005652687042766,6.39910000609234,25.137300021015108
1148,0022_0,grid_round_robin,610,457,0.7491803278688525,0.6836065573770492,0.9426229508196722,0.5388206391173233,0.7845406765016352,0.7845406765016352,0.5612000240944326,14.398899977095425
1148,0022_0,anms_4d,610,448,0.7344262295081967,0.6704918032786885,0.9442622950819672,0.6838660291939874,1.1396476964010516,1.1396476964010516,10.407899972051382,15.617800003383309
1149,0022_0,grid_round_robin,502,340,0.6772908366533864,0.547808764940239,0.9382470119521913,0.7818338820490102,1.3794206987144961,1.3794206987144961,0.41500001680105925,21.830799989402294
1149,0022_0,anms_4d,502,331,0.6593625498007968,0.5338645418326693,0.9302788844621513,0.7296027182170404,1.283457174554114,1.283457174554114,8.104100008495152,22.427399992011487
1150,0022_0,grid_round_robin,90,41,0.45555555555555555,0.45555555555555555,0.8222222222222222,8.665326265199061,4.608894244080441,8.665326265199061,0.19539997447282076,18.37960002012551
1150,0022_0,anms_4d,90,41,0.45555555555555555,0.4777777777777778,0.8333333333333334,11.380488698978853,6.449556566729586,11.380488698978853,1.2734000338241458,18.09449994470924
1151,0022_0,grid_round_robin,520,380,0.7307692307692307,0.6384615384615384,0.9365384615384615,0.33997558504111963,0.5984796237546074,0.5984796237546074,0.4501999937929213,14.63680004235357
1151,0022_0,anms_4d,520,375,0.7211538461538461,0.6288461538461538,0.9326923076923077,0.32356371726222766,0.5740700906618819,0.5740700906618819,8.491399988997728,15.835799975320697
1152,0022_0,grid_round_robin,519,382,0.7360308285163777,0.6994219653179191,0.9556840077071291,0.4489524463072845,1.641466246876969,1.641466246876969,0.44029997661709785,15.378099982626736
1152,0022_0,anms_4d,519,368,0.7090558766859345,0.6820809248554913,0.9576107899807321,0.4386315883847346,1.5378103479799956,1.5378103479799956,8.472000015899539,14.48989997152239
1153,0022_0,grid_round_robin,231,171,0.7402597402597403,0.6363636363636364,0.9913419913419913,0.5124207193824301,1.3762127939305213,1.3762127939305213,0.3231000155210495,8.599499997217208
1153,0022_0,anms_4d,231,162,0.7012987012987013,0.6147186147186147,0.9913419913419913,0.7638451219824199,3.2431256263318193,3.2431256263318193,3.7306000012904406,10.989799979142845
1154,0022_0,grid_round_robin,290,195,0.6724137931034483,0.5448275862068965,0.9551724137931035,2.290780166606832,1.3060911299856237,2.290780166606832,0.30449999030679464,13.376699993386865
1154,0022_0,anms_4d,290,191,0.6586206896551724,0.5275862068965518,0.9448275862068966,2.8556166368625613,1.3896087415380443,2.8556166368625613,4.049499984830618,12.188400025479496
1155,0022_0,grid_round_robin,395,232,0.5873417721518988,0.44050632911392407,0.9139240506329114,1.7923730964553346,2.488848377386411,2.488848377386411,0.40329998591914773,24.474299978464842
1155,0022_0,anms_4d,395,231,0.5848101265822785,0.4379746835443038,0.9063291139240506,1.2224420952373503,1.6557394710568574,1.6557394710568574,5.997599975671619,26.23790001962334
1156,0022_0,grid_round_robin,884,598,0.6764705882352942,0.6640271493212669,0.9864253393665159,0.3495223237660001,0.2079421373477692,0.3495223237660001,0.7043000077828765,22.37969997804612
1156,0022_0,anms_4d,884,577,0.6527149321266968,0.6414027149321267,0.9762443438914027,0.5028057405618018,0.23562144785714229,0.5028057405618018,16.99109998298809,29.67820002231747
1157,0022_0,grid_round_robin,277,154,0.555956678700361,0.5234657039711191,0.927797833935018,1.1794507009838096,8.20706401101773,8.20706401101773,0.2954999799840152,23.52919999975711
1157,0022_0,anms_4d,277,154,0.555956678700361,0.5342960288808665,0.9458483754512635,5.296965136352989,5.616814066145187,5.616814066145187,3.8050999864935875,26.578799996059388
1158,0022_0,grid_round_robin,367,250,0.6811989100817438,0.6485013623978202,0.9509536784741145,0.38099854266371025,0.8491674041153887,0.8491674041153887,0.4097999772056937,12.148400011938065
1158,0022_0,anms_4d,367,231,0.6294277929155313,0.6212534059945504,0.9455040871934605,0.9357182790506329,2.0351440877230758,2.0351440877230758,5.279499979224056,15.855200006626546
1159,0022_0,grid_round_robin,485,319,0.6577319587628866,0.6329896907216495,0.9711340206185567,0.4471201322628131,1.7095033223147,1.7095033223147,0.4236000240780413,17.999400035478175
1159,0022_0,anms_4d,485,315,0.6494845360824743,0.6164948453608248,0.9690721649484536,0.22694444243265863,0.9090338375811197,0.9090338375811197,7.879399985540658,20.737299986649305
1160,0022_0,grid_round_robin,207,141,0.6811594202898551,0.6666666666666666,0.9855072463768116,0.28078687631048804,0.15470513329055757,0.28078687631048804,0.3288000007160008,11.476799962110817
1160,0022_0,anms_4d,207,140,0.6763285024154589,0.6666666666666666,0.9806763285024155,1.2827664594850554,3.341265922849619,3.341265922849619,2.972799993585795,10.478600044734776
1161,0022_0,grid_round_robin,465,329,0.7075268817204301,0.6924731182795699,0.9806451612903225,0.9033741689694624,4.710524691974557,4.710524691974557,0.42239995673298836,17.397999996319413
1161,0022_0,anms_4d,465,325,0.6989247311827957,0.6881720430107527,0.9827956989247312,1.1638912789702256,5.9996120041513645,5.9996120041513645,7.261499995365739,22.515099961310625
1162,0022_0,grid_round_robin,573,395,0.6893542757417103,0.631762652705061,0.9616055846422339,0.24023380589499518,0.29831178128193514,0.29831178128193514,0.5255999858491123,23.076699988450855
1162,0022_0,anms_4d,573,386,0.6736474694589878,0.6143106457242583,0.9546247818499127,0.25031918971744055,0.30093044812475,0.30093044812475,9.332099987659603,20.681999973021448
1163,0022_0,grid_round_robin,404,276,0.6831683168316832,0.6633663366336634,0.9826732673267327,0.7702624489541807,0.7386070866519007,0.7702624489541807,0.4399000317789614,20.104499999433756
1163,0022_0,anms_4d,404,272,0.6732673267326733,0.6608910891089109,0.9826732673267327,0.95158468725671,0.8899293665146341,0.95158468725671,5.955900007393211,15.484399977140129
1164,0022_0,grid_round_robin,184,96,0.5217391304347826,0.5054347826086957,0.8913043478260869,4.228372046574853,7.244266056589152,7.244266056589152,0.2528000040911138,23.259300040081143
1164,0022_0,anms_4d,184,95,0.5163043478260869,0.5054347826086957,0.8967391304347826,4.659655212376614,7.89920120403173,7.89920120403173,2.5469999527558684,25.13389999512583
1165,0022_0,grid_round_robin,492,296,0.6016260162601627,0.6016260162601627,0.9491869918699187,0.5042241022345951,2.4000383740076248,2.4000383740076248,0.43620000360533595,30.107400030829012
1165,0022_0,anms_4d,492,295,0.5995934959349594,0.5833333333333334,0.9410569105691057,0.2840922988465157,1.3537844509454637,1.3537844509454637,8.008499979041517,35.382999980356544
1166,0022_0,grid_round_robin,413,276,0.6682808716707022,0.5617433414043583,0.9297820823244553,0.32881666859159575,0.3520432998708086,0.3520432998708086,0.5032999906688929,13.633600028697401
1166,0022_0,anms_4d,413,268,0.648910411622276,0.549636803874092,0.9297820823244553,0.3539759009038735,0.36387937251869396,0.36387937251869396,6.4208999974653125,16.446099965833127
1167,0022_0,grid_round_robin,352,218,0.6193181818181818,0.5596590909090909,0.8977272727272727,1.8890243178150394,2.8131924140002194,2.8131924140002194,0.35280000884085894,17.17160001862794
1167,0022_0,anms_4d,352,212,0.6022727272727273,0.5397727272727273,0.8920454545454546,1.8059274592359507,2.7000265876238547,2.7000265876238547,5.040899966843426,18.918999994639307
1168,0022_0,grid_round_robin,563,393,0.6980461811722913,0.5150976909413855,0.9502664298401421,0.5406167669525099,0.6760729842762552,0.6760729842762552,0.5684000207111239,18.548599968198687
1168,0022_0,anms_4d,563,381,0.6767317939609236,0.5150976909413855,0.9520426287744227,0.3699780619609205,0.6621970360620396,0.6621970360620396,15.17610001610592,20.084300020243973
1169,0022_0,grid_round_robin,235,186,0.7914893617021277,0.4297872340425532,0.8595744680851064,3.716701524570742,0.7835189419879983,3.716701524570742,0.2812999882735312,6.459500000346452
1169,0022_0,anms_4d,235,177,0.7531914893617021,0.425531914893617,0.8468085106382979,3.852301991213095,0.815631464416991,3.852301991213095,3.137699968647212,6.14419998601079
1170,0022_0,grid_round_robin,76,49,0.6447368421052632,0.5,0.9342105263157895,17.80996617156976,21.491359977518876,21.491359977518876,0.20129996119067073,6.602400040719658
1170,0022_0,anms_4d,76,46,0.6052631578947368,0.5263157894736842,0.9473684210526315,18.589680122878747,21.98824140574089,21.98824140574089,1.014400040730834,8.72949999757111
1171,0022_0,grid_round_robin,290,198,0.6827586206896552,0.6724137931034483,0.9862068965517241,1.7083768772266172,4.041432029638929,4.041432029638929,0.348100031260401,11.487800045870245
1171,0022_0,anms_4d,290,194,0.6689655172413793,0.6586206896551724,0.9862068965517241,1.6106948980978575,3.595489862669278,3.595489862669278,4.0757000097073615,11.265199980698526
1172,0022_0,grid_round_robin,627,449,0.7161084529505582,0.6395534290271132,0.9760765550239234,0.23829852536486212,0.8688856859017702,0.8688856859017702,0.5438999505713582,16.298000002279878
1172,0022_0,anms_4d,627,440,0.7017543859649122,0.6267942583732058,0.9712918660287081,0.25337115224159906,0.9512499602930696,0.9512499602930696,11.104299977887422,19.748699967749417
1173,0022_0,grid_round_robin,509,380,0.7465618860510805,0.6326129666011788,0.9823182711198428,0.542971479188105,0.6078641008398193,0.6078641008398193,0.5419999943114817,22.270400018896908
1173,0022_0,anms_4d,509,373,0.7328094302554028,0.618860510805501,0.9803536345776032,0.5729094867512716,0.6424335647652887,0.6424335647652887,8.040300046559423,20.032300031743944
1174,0022_0,grid_round_robin,305,202,0.6622950819672131,0.6262295081967213,0.9704918032786886,0.7043297726578123,0.7683702114712763,0.7683702114712763,0.3667999990284443,11.89429999794811
1174,0022_0,anms_4d,305,197,0.6459016393442623,0.6196721311475409,0.9704918032786886,0.7326922742394195,0.1019622608244666,0.7326922742394195,4.216899978928268,15.719400020316243
1175,0022_0,grid_round_robin,445,310,0.6966292134831461,0.6651685393258427,0.9775280898876404,0.4119390646057353,1.0054169471105519,1.0054169471105519,0.4026999813504517,14.945700007956475
1175,0022_0,anms_4d,445,304,0.6831460674157304,0.6539325842696629,0.9775280898876404,0.47570615987263326,1.1614091004662148,1.1614091004662148,7.204400026239455,13.600400008726865
1176,0022_0,grid_round_robin,108,61,0.5648148148148148,0.6481481481481481,0.9907407407407407,2.9941736749844963,35.108637831173596,35.108637831173596,0.24399999529123306,15.323399973567575
1176,0022_0,anms_4d,108,61,0.5648148148148148,0.6388888888888888,1.0,24.047616576089055,53.83774012496657,53.83774012496657,1.3448999961838126,15.056299977004528
1177,0022_0,grid_round_robin,483,310,0.6418219461697723,0.5134575569358178,0.8944099378881988,0.7332225128763354,1.7246890782454873,1.7246890782454873,0.5118999979458749,17.603599990252405
1177,0022_0,anms_4d,483,304,0.629399585921325,0.505175983436853,0.8881987577639752,0.19529293618931193,0.3269330275532663,0.3269330275532663,8.05100001161918,21.795000007841736
1178,0022_0,grid_round_robin,413,295,0.7142857142857143,0.6150121065375302,0.9806295399515739,0.27630972445535107,0.5008874439663644,0.5008874439663644,0.3892999957315624,17.184700001962483
1178,0022_0,anms_4d,413,289,0.6997578692493946,0.5932203389830508,0.9782082324455206,0.1858738925491804,0.32429739824767634,0.32429739824767634,6.312399986200035,12.203700025565922
1179,0022_0,grid_round_robin,199,121,0.6080402010050251,0.6532663316582915,0.964824120603015,0.44313466682084196,0.22209977819203572,0.44313466682084196,0.3281999961473048,12.17579998774454
1179,0022_0,anms_4d,199,116,0.5829145728643216,0.6482412060301508,0.9597989949748744,9.221174107152407,5.056404197840526,9.221174107152407,2.587999973911792,16.141200030688196
1180,0022_0,grid_round_robin,716,516,0.7206703910614525,0.7150837988826816,0.994413407821229,1.0109441975464297,2.867317392603329,2.867317392603329,0.6255999905988574,23.670899972785264
1180,0022_0,anms_4d,716,518,0.723463687150838,0.7150837988826816,0.994413407821229,0.6945536608822548,1.9793130937937087,1.9793130937937087,12.990200018975884,19.5409000152722
1181,0022_0,grid_round_robin,415,313,0.7542168674698795,0.7421686746987952,0.9710843373493976,0.6448477312477187,0.8354046131583007,0.8354046131583007,0.48180000158026814,12.153899995610118
1181,0022_0,anms_4d,415,305,0.7349397590361446,0.7204819277108434,0.963855421686747,0.5096786923006417,0.40530429081449093,0.5096786923006417,6.306100054644048,10.584400035440922
1182,0022_0,grid_round_robin,754,551,0.7307692307692307,0.7440318302387268,0.9840848806366048,0.20400755278468882,1.0052968094659085,1.0052968094659085,0.5508000031113625,21.75750001333654
1182,0022_0,anms_4d,754,532,0.7055702917771883,0.7281167108753316,0.9774535809018567,0.19868766808337404,0.9792778492153026,0.9792778492153026,13.868800015188754,30.065900005865842
1183,0022_0,grid_round_robin,451,317,0.7028824833702882,0.6962305986696231,0.9733924611973392,1.1705087374850698,1.1357643490863443,1.1705087374850698,0.43120002374053,15.688199957367033
1183,0022_0,anms_4d,451,298,0.6607538802660754,0.6784922394678492,0.9689578713968958,1.198321811670661,1.7175315268260105,1.7175315268260105,6.982000020798296,10.871600010432303
1184,0022_0,grid_round_robin,204,143,0.7009803921568627,0.7205882352941176,0.9950980392156863,0.2971732612092033,0.6349991055697936,0.6349991055697936,0.26210001669824123,7.842600054573268
1184,0022_0,anms_4d,204,140,0.6862745098039216,0.6911764705882353,0.9950980392156863,0.808513894413846,1.4025816335830352,1.4025816335830352,2.664599975105375,8.874299994204193
1185,0022_0,grid_round_robin,234,155,0.6623931623931624,0.6538461538461539,0.9700854700854701,0.1585152230613146,0.20206010844456687,0.20206010844456687,0.2975999959744513,15.591700037475675
1185,0022_0,anms_4d,234,151,0.6452991452991453,0.6367521367521367,0.9615384615384616,0.2024663204958112,0.31068259917055024,0.31068259917055024,3.073600004427135,11.29270001547411
1186,0022_0,grid_round_robin,137,95,0.6934306569343066,0.6277372262773723,0.9781021897810219,7.001065776606254,15.876324326901782,15.876324326901782,0.23210002109408379,8.255699998699129
1186,0022_0,anms_4d,137,90,0.656934306569343,0.6058394160583942,0.9781021897810219,7.406626982570736,16.321272336889546,16.321272336889546,1.601999974809587,8.395000011660159
1187,0022_0,grid_round_robin,210,135,0.6428571428571429,0.7095238095238096,0.9809523809523809,1.0391658467881422,2.7100536195262546,2.7100536195262546,0.2487000310793519,11.182399990502745
1187,0022_0,anms_4d,210,134,0.638095238095238,0.7047619047619048,0.9809523809523809,5.62261276842133,26.354107901000194,26.354107901000194,3.0895000090822577,13.214999984484166
1188,0022_0,grid_round_robin,987,683,0.6919959473150963,0.690982776089159,0.9918946301925026,0.8536471357036364,1.0374247598618098,1.0374247598618098,0.8224000339396298,28.79670000402257
1188,0022_0,anms_4d,987,680,0.6889564336372846,0.6798378926038501,0.9908814589665653,0.8269096585758017,0.926691689112679,0.926691689112679,20.24889999302104,34.11409998079762
1189,0022_0,grid_round_robin,154,98,0.6363636363636364,0.5454545454545454,0.8896103896103896,10.68309288766452,10.61563234947915,10.68309288766452,0.2891999902203679,9.641200012993068
1189,0022_0,anms_4d,154,96,0.6233766233766234,0.5324675324675324,0.8766233766233766,10.565225216755325,10.524486354064756,10.565225216755325,2.2272999631240964,9.584699990227818
1190,0022_0,grid_round_robin,553,384,0.6943942133815552,0.6708860759493671,0.9819168173598554,0.45535561067810376,1.5435042559354117,1.5435042559354117,0.519599998369813,20.9620000096038
1190,0022_0,anms_4d,553,394,0.7124773960216998,0.6654611211573237,0.9710669077757685,0.2605770287954371,0.9170136182391135,0.9170136182391135,9.246899979189038,20.428900024853647
1191,0022_0,grid_round_robin,687,432,0.62882096069869,0.6098981077147017,0.9577874818049491,0.47957285261710353,0.2139771374292923,0.47957285261710353,0.5497999954968691,25.955099961720407
1191,0022_0,anms_4d,687,435,0.6331877729257642,0.6011644832605532,0.9548762736535662,0.41776252058997876,0.178480920792943,0.41776252058997876,12.44120002957061,31.503700010944158
1192,0022_0,grid_round_robin,674,494,0.7329376854599406,0.6661721068249258,0.983679525222552,0.42851884982352484,0.3976184349182439,0.42851884982352484,0.6702999817207456,18.09810003032908
1192,0022_0,anms_4d,674,483,0.7166172106824926,0.655786350148368,0.9807121661721068,0.2179247722289355,0.2960523048153449,0.2960523048153449,11.944399971980602,16.99829997960478
1193,0022_0,grid_round_robin,598,435,0.7274247491638796,0.6923076923076923,0.9682274247491639,0.2684923390334732,0.821300178794882,0.821300178794882,0.5559000419452786,13.428299978841096
1193,0022_0,anms_4d,598,423,0.7073578595317725,0.6806020066889632,0.9665551839464883,0.20528983074698792,0.7002918056907276,0.7002918056907276,10.055400023702532,15.867099980823696
1194,0022_0,grid_round_robin,450,306,0.68,0.5755555555555556,0.9688888888888889,0.34489625317106853,1.0402212737307006,1.0402212737307006,0.39790000300854445,19.2683000350371
1194,0022_0,anms_4d,450,312,0.6933333333333334,0.5777777777777777,0.9666666666666667,0.27540233512966045,0.8499001030069548,0.8499001030069548,8.150999958161265,20.208500034641474
1195,0022_0,grid_round_robin,472,306,0.6483050847457628,0.586864406779661,0.9385593220338984,0.32922118202394773,0.47218035191284924,0.47218035191284924,0.4925000248476863,19.05899995472282
1195,0022_0,anms_4d,472,299,0.6334745762711864,0.576271186440678,0.934322033898305,0.3444183414746231,0.494009879389932,0.494009879389932,7.737700012512505,26.133299979846925
1196,0022_0,grid_round_robin,1095,765,0.6986301369863014,0.6958904109589041,0.9908675799086758,0.7215999178820192,10.69149266140324,10.69149266140324,0.7936999900266528,38.614200020674616
1196,0022_0,anms_4d,1095,749,0.6840182648401827,0.6831050228310502,0.9817351598173516,0.6454189764639191,9.436389247649517,9.436389247649517,27.531700034160167,43.263600033242255
1197,0022_0,grid_round_robin,492,303,0.6158536585365854,0.5650406504065041,0.9471544715447154,0.8763763650306482,1.0358836524956596,1.0358836524956596,0.4248999757692218,20.684299990534782
1197,0022_0,anms_4d,492,297,0.6036585365853658,0.5467479674796748,0.9329268292682927,0.8921175537738039,1.0409364061838005,1.0409364061838005,7.990900019649416,25.020600005518645
1198,0022_0,grid_round_robin,580,384,0.6620689655172414,0.6275862068965518,0.9775862068965517,0.8003648174399208,1.4443875657826146,1.4443875657826146,0.4995999624952674,21.64029999403283
1198,0022_0,anms_4d,580,381,0.656896551724138,0.6155172413793103,0.9741379310344828,1.0146790731445323,1.0436105169552676,1.0436105169552676,9.565899963490665,16.29050000337884
1199,0022_0,grid_round_robin,467,315,0.6745182012847966,0.6573875802997858,0.9892933618843683,0.42185004988073005,1.4963825435949725,1.4963825435949725,0.4632999771274626,15.430599974934012
1199,0022_0,anms_4d,467,316,0.6766595289079229,0.6595289079229122,0.9892933618843683,0.1494850762477986,0.34622016066707473,0.34622016066707473,7.366299978457391,21.8608999857679
1200,0022_0,grid_round_robin,953,682,0.7156348373557188,0.6998950682056663,0.9863588667366212,1.4626097529123592,28.260230565153403,28.260230565153403,0.6767999730072916,48.8228999893181
1200,0022_0,anms_4d,953,671,0.7040923399790137,0.6883525708289612,0.9853095487932844,1.604457247953909,29.89673905404703,29.89673905404703,19.665599975269288,39.45510002085939
1201,0022_0,grid_round_robin,1081,811,0.7502312673450509,0.7659574468085106,0.9925994449583718,0.168912159449095,0.46398313676678077,0.46398313676678077,0.8414000039920211,24.53830000013113
1201,0022_0,anms_4d,1081,790,0.730804810360777,0.7437557816836263,0.9898242368177613,0.10438916666121162,0.6420066289913615,0.6420066289913615,23.735700000543147,32.65609999652952
1202,0022_0,grid_round_robin,456,300,0.6578947368421053,0.6403508771929824,0.9627192982456141,0.6663198233524501,1.47078063238547,1.47078063238547,0.38760004099458456,20.335399953182787
1202,0022_0,anms_4d,456,295,0.6469298245614035,0.6293859649122807,0.9583333333333334,0.8163361633998055,0.5991661604657605,0.8163361633998055,7.049400010146201,20.01639996888116
1203,0022_0,grid_round_robin,1383,1016,0.7346348517715112,0.7165582067968185,0.9898770788141721,2.3569403109057867,7.817043619331252,7.817043619331252,0.9306999854743481,47.61449998477474
1203,0022_0,anms_4d,1383,1004,0.7259580621836587,0.7013738250180767,0.9855386840202458,2.303819304786535,7.913263675712265,7.913263675712265,33.59050001017749,50.847699982114136
1204,0022_0,grid_round_robin,485,290,0.5979381443298969,0.41649484536082476,0.9175257731958762,0.7681738327967347,0.22841005919358867,0.7681738327967347,0.5021999822929502,32.83709997776896
1204,0022_0,anms_4d,485,290,0.5979381443298969,0.4144329896907217,0.9195876288659793,0.8630575955502153,0.6170732334836763,0.8630575955502153,8.04659997811541,23.837000015191734
1205,0022_0,grid_round_robin,364,255,0.7005494505494505,0.7087912087912088,0.989010989010989,0.6829060815830794,3.443056272256662,3.443056272256662,0.4265999887138605,15.760099980980158
1205,0022_0,anms_4d,364,250,0.6868131868131868,0.6840659340659341,0.989010989010989,0.7016438472333254,3.5830787409929328,3.5830787409929328,6.133500020951033,20.119599997997284
1206,0022_0,grid_round_robin,776,563,0.7255154639175257,0.720360824742268,0.9819587628865979,0.7054962097156209,4.168015285489921,4.168015285489921,0.5994000239297748,26.774600031785667
1206,0022_0,anms_4d,776,560,0.7216494845360825,0.7242268041237113,0.9806701030927835,0.6864900496002492,4.058215169546826,4.058215169546826,14.576500048860908,20.554100046865642
1207,0022_0,grid_round_robin,634,442,0.6971608832807571,0.6545741324921136,0.9952681388012619,1.2571823669606657,1.5378546635812136,1.5378546635812136,0.5618000286631286,17.875100020319223
1207,0022_0,anms_4d,634,426,0.6719242902208202,0.6419558359621451,0.9968454258675079,1.2577266069172075,1.5499560545684785,1.5499560545684785,11.20829995488748,23.381999984849244
1208,0022_0,grid_round_robin,796,548,0.6884422110552764,0.6557788944723618,0.9886934673366834,0.2037020951562546,4.601997925735149,4.601997925735149,0.5652999971061945,30.269499984569848
1208,0022_0,anms_4d,796,531,0.6670854271356784,0.635678391959799,0.9836683417085427,0.16654865023950105,4.261456036673879,4.261456036673879,15.506099967751652,35.50019999966025
1209,0022_0,grid_round_robin,245,155,0.6326530612244898,0.6775510204081633,0.9877551020408163,2.367094686843992,13.356204194326153,13.356204194326153,0.41280000004917383,15.383799967821687
1209,0022_0,anms_4d,245,163,0.6653061224489796,0.6857142857142857,0.9795918367346939,1.1359929265911906,7.853177792727394,7.853177792727394,3.2811000128276646,12.793000030796975
1210,0022_0,grid_round_robin,958,767,0.8006263048016702,0.8131524008350731,0.9874739039665971,0.06669468881637317,9.27934757804386,9.27934757804386,0.7189000025391579,25.749199965503067
1210,0022_0,anms_4d,958,783,0.8173277661795407,0.802713987473904,0.9832985386221295,0.8366231705104802,60.23827935035402,60.23827935035402,19.60599998710677,31.17470000870526
1211,0022_0,grid_round_robin,180,89,0.49444444444444446,0.4666666666666667,0.7888888888888889,1.6615233091599042,1.8458378947682554,1.8458378947682554,0.3250000299885869,23.525699973106384
1211,0022_0,anms_4d,180,86,0.4777777777777778,0.4666666666666667,0.7944444444444444,2.2593095959059157,2.3510214774269937,2.3510214774269937,2.255899948067963,23.34870002232492
1212,0022_0,grid_round_robin,646,352,0.544891640866873,0.42105263157894735,0.9102167182662538,2.3454875105469255,2.9229308587654628,2.9229308587654628,0.5040999967604876,40.09389999555424
1212,0022_0,anms_4d,646,348,0.5386996904024768,0.42260061919504643,0.9102167182662538,2.5176093237134265,3.1827900370557822,3.1827900370557822,17.874399956781417,36.764000018592924
1213,0022_0,grid_round_robin,510,298,0.5843137254901961,0.42745098039215684,0.9215686274509803,0.3299364570271322,4.402118257437335,4.402118257437335,0.6504000048153102,47.79520002193749
1213,0022_0,anms_4d,510,282,0.5529411764705883,0.4235294117647059,0.9058823529411765,0.23405996991481393,4.926826259770796,4.926826259770796,8.063899993430823,44.86749996431172
1214,0022_0,grid_round_robin,646,417,0.6455108359133127,0.6547987616099071,0.9860681114551083,0.9485677933217602,8.156510766760945,8.156510766760945,0.5946999881416559,36.868800001684576
1214,0022_0,anms_4d,646,413,0.6393188854489165,0.653250773993808,0.9829721362229102,1.0536050413288607,8.966958864788852,8.966958864788852,11.361900018528104,36.719399970024824
1215,0022_0,grid_round_robin,611,374,0.6121112929623568,0.42716857610474634,0.939443535188216,1.8598120523787147,3.5927630095274594,3.5927630095274594,0.4960999940522015,35.67839995957911
1215,0022_0,anms_4d,611,367,0.6006546644844517,0.4402618657937807,0.9410801963993454,2.2447192693099414,4.324982849017242,4.324982849017242,10.5978999636136,26.19800000684336
1216,0022_0,grid_round_robin,224,141,0.6294642857142857,0.6116071428571429,0.90625,4.947366512504244,71.32963282921513,71.32963282921513,0.2606000052765012,14.188300003297627
1216,0022_0,anms_4d,224,140,0.625,0.6205357142857143,0.9151785714285714,0.8951628946453718,73.28293704332049,73.28293704332049,3.069399972446263,15.822399989701807
1217,0022_0,grid_round_robin,326,228,0.6993865030674846,0.6871165644171779,0.99079754601227,6.173024786805369,25.646268394780147,25.646268394780147,0.4629000322893262,15.241399989463389
1217,0022_0,anms_4d,326,223,0.6840490797546013,0.6779141104294478,0.99079754601227,5.673826117171075,24.697988550301936,24.697988550301936,4.705100029241294,10.927899973466992
1218,0022_0,grid_round_robin,681,465,0.6828193832599119,0.6226138032305433,0.9544787077826725,1.5819981711691675,4.916173844780121,4.916173844780121,0.540599983651191,22.333099972456694
1218,0022_0,anms_4d,681,455,0.6681350954478708,0.6196769456681351,0.9530102790014684,1.6272424424434693,5.029782098615747,5.029782098615747,11.879099998623133,33.66509999614209
1219,0022_0,grid_round_robin,385,275,0.7142857142857143,0.6025974025974026,0.961038961038961,0.5269024236194315,0.5670869516939225,0.5670869516939225,0.39739999920129776,13.24270002078265
1219,0022_0,anms_4d,385,271,0.7038961038961039,0.5896103896103896,0.9584415584415584,0.5256454466555652,0.564177077014379,0.564177077014379,5.7631999952718616,11.128599988296628
1220,0022_0,grid_round_robin,722,522,0.7229916897506925,0.6939058171745153,0.9916897506925207,0.2108306178323726,0.4132158900049302,0.4132158900049302,0.7521000225096941,20.151700009591877
1220,0022_0,anms_4d,722,510,0.7063711911357341,0.6731301939058172,0.9903047091412742,0.21523912885346802,0.4264245625892482,0.4264245625892482,12.926099996548146,17.78659998672083
1221,0022_0,grid_round_robin,819,610,0.7448107448107448,0.702075702075702,0.9768009768009768,0.22927387964892082,2.0477298707771836,2.0477298707771836,0.5884999991394579,25.946900015696883
1221,0022_0,anms_4d,819,595,0.7264957264957265,0.6886446886446886,0.9743589743589743,0.15682248067567947,1.4741113445117926,1.4741113445117926,15.50209999550134,30.509700009133667
1222,0022_0,grid_round_robin,343,192,0.5597667638483965,0.5189504373177842,0.9212827988338192,0.17190208602285945,0.19757244480858796,0.19757244480858796,0.3268999862484634,24.5606999960728
1222,0022_0,anms_4d,343,188,0.5481049562682215,0.5189504373177842,0.9096209912536443,0.5048634327904514,0.6534115307323818,0.6534115307323818,5.097400047816336,40.275400038808584
1223,0022_0,grid_round_robin,756,572,0.7566137566137566,0.7447089947089947,0.9761904761904762,0.09275667410348232,0.7602280031231327,0.7602280031231327,0.5726999952457845,25.75909998267889
1223,0022_0,anms_4d,756,556,0.7354497354497355,0.7275132275132276,0.9708994708994709,0.11164613596930494,0.94503686560351,0.94503686560351,14.125399990007281,30.73470003437251
1224,0022_0,grid_round_robin,975,704,0.7220512820512821,0.7158974358974359,0.9917948717948718,0.14399864842558344,0.6089920360864179,0.6089920360864179,0.7795999990776181,24.512200034223497
1224,0022_0,anms_4d,975,686,0.7035897435897436,0.6923076923076923,0.9907692307692307,0.14740999475106545,0.6446430648154955,0.6446430648154955,19.477699999697506,36.729499988723546
1225,0022_0,grid_round_robin,902,625,0.6929046563192904,0.697339246119734,0.9689578713968958,0.24684463046626304,1.095087859870816,1.095087859870816,0.6804000004194677,31.06479998677969
1225,0022_0,anms_4d,902,618,0.6851441241685144,0.688470066518847,0.967849223946785,0.24030039805159675,1.0172032215736762,1.0172032215736762,17.96159998048097,34.9226999678649
1226,0022_0,grid_round_robin,427,299,0.7002341920374707,0.6697892271662763,0.9648711943793911,0.4091194213297029,3.5423951453591958,3.5423951453591958,0.3790999762713909,19.321000028867275
1226,0022_0,anms_4d,427,300,0.702576112412178,0.6651053864168618,0.9648711943793911,0.3959935342385204,3.405386755798588,3.405386755798588,7.288200024049729,17.524799972306937
1227,0022_0,grid_round_robin,371,202,0.5444743935309974,0.5040431266846361,0.8274932614555256,0.9508982633371267,2.560887949523287,2.560887949523287,0.33660000190138817,31.884500000160187
1227,0022_0,anms_4d,371,197,0.5309973045822103,0.48787061994609165,0.8113207547169812,0.5575900159683195,1.3785461751902468,1.3785461751902468,5.325300036929548,33.96309999516234
1228,0022_0,grid_round_robin,542,364,0.6715867158671587,0.5498154981549815,0.9630996309963099,1.1843705499622152,4.549953396162615,4.549953396162615,0.46140002086758614,28.384100005496293
1228,0022_0,anms_4d,542,367,0.6771217712177122,0.551660516605166,0.9649446494464945,1.5532732250779235,5.690498644887215,5.690498644887215,8.99030000437051,24.528799986001104
1229,0022_0,grid_round_robin,871,664,0.7623421354764638,0.7014925373134329,0.9747416762342136,0.4071065059517293,85.47113002068618,85.47113002068618,0.6858999840915203,35.99220002070069
1229,0022_0,anms_4d,871,657,0.7543053960964409,0.7014925373134329,0.9701492537313433,0.44282011405385646,79.9328231320013,79.9328231320013,23.36509997257963,32.70370000973344
1230,0022_0,grid_round_robin,321,197,0.6137071651090342,0.5794392523364486,0.9657320872274143,1.3643864495538276,6.7415381928762255,6.7415381928762255,0.37620001239702106,15.493699989747256
1230,0022_0,anms_4d,321,195,0.6074766355140186,0.5950155763239875,0.9657320872274143,1.3151445740540633,2.3979964390063135,2.3979964390063135,4.476299975067377,15.411900007165968
1231,0022_0,grid_round_robin,492,298,0.6056910569105691,0.5711382113821138,0.9186991869918699,3.4323056356579675,14.750720252665253,14.750720252665253,0.48909999895840883,35.93600000021979
1231,0022_0,anms_4d,492,296,0.6016260162601627,0.5589430894308943,0.9085365853658537,3.86531892429538,16.50883040331651,16.50883040331651,8.164400001987815,25.863500020932406
1232,0022_0,grid_round_robin,682,428,0.6275659824046921,0.6422287390029325,0.9736070381231672,0.9487497878537731,0.2726955783890802,0.9487497878537731,0.5392000311985612,33.19119999650866
1232,0022_0,anms_4d,682,417,0.6114369501466276,0.6290322580645161,0.9633431085043989,0.7306427335421194,0.24692474395646974,0.7306427335421194,12.358599982690066,25.909600022714585
1233,0022_0,grid_round_robin,1094,774,0.7074954296160878,0.7010968921389397,0.9872029250457038,0.30149740131742714,0.6655735080947398,0.6655735080947398,0.7570000016130507,32.67509996658191
1233,0022_0,anms_4d,1094,781,0.7138939670932358,0.7084095063985375,0.9872029250457038,0.1892840497539725,0.43766714266222273,0.43766714266222273,23.962499981280416,29.859200003556907
1234,0022_0,grid_round_robin,1193,857,0.7183570829840737,0.702430846605197,0.9899413243922883,0.04279667763230366,0.08238309629904401,0.08238309629904401,0.7779999868944287,33.34159997757524
1234,0022_0,anms_4d,1193,836,0.7007544006705784,0.683151718357083,0.9882648784576697,0.06017833858298544,0.11776339155867903,0.11776339155867903,27.063500019721687,44.96480000670999
1235,0022_0,grid_round_robin,776,615,0.7925257731958762,0.7835051546391752,0.9935567010309279,0.32129365944754856,5.6099444960235685,5.6099444960235685,0.5805999971926212,41.38399998191744
1235,0022_0,anms_4d,776,605,0.779639175257732,0.7770618556701031,0.9935567010309279,0.2926114566061217,5.463992797297201,5.463992797297201,14.983300003223121,21.740199998021126
1236,0022_0,grid_round_robin,932,668,0.7167381974248928,0.7070815450643777,0.9860515021459227,0.33295253849801104,2.8733700207679673,2.8733700207679673,0.6176999886520207,23.368299996946007
1236,0022_0,anms_4d,932,666,0.7145922746781116,0.7081545064377682,0.9839055793991416,0.3002974732020629,2.572211047318641,2.572211047318641,19.610200019087642,22.86539995111525
1237,0022_0,grid_round_robin,356,212,0.5955056179775281,0.6235955056179775,0.9915730337078652,2.1453558005015503,2.935023498954947,2.935023498954947,0.3836000105366111,25.538999994751066
1237,0022_0,anms_4d,356,213,0.598314606741573,0.6348314606741573,0.9915730337078652,1.9198989245169045,2.7951898882354764,2.7951898882354764,5.184900015592575,19.926999986637384
1238,0022_0,grid_round_robin,1270,957,0.7535433070866142,0.7291338582677165,0.9850393700787402,0.47206835130347946,3.8399716666077186,3.8399716666077186,0.9469999931752682,32.41949999937788
1238,0022_0,anms_4d,1270,931,0.7330708661417323,0.7086614173228346,0.974015748031496,0.4993938915414017,4.08226501791023,4.08226501791023,30.339199991431087,53.160800016485155
1239,0022_0,grid_round_robin,495,309,0.6242424242424243,0.43636363636363634,0.9050505050505051,0.678596873165503,2.2593678595416167,2.2593678595416167,0.43399998685345054,24.922500015236437
1239,0022_0,anms_4d,495,302,0.6101010101010101,0.43434343434343436,0.896969696969697,0.3616222007725151,1.093129220728931,1.093129220728931,7.869899971410632,19.295800011605024
1240,0022_0,grid_round_robin,331,210,0.6344410876132931,0.6253776435045317,0.9818731117824774,1.0823445846565785,1.5713411569700606,1.5713411569700606,0.35170000046491623,14.502799953334033
1240,0022_0,anms_4d,331,208,0.6283987915407855,0.6163141993957704,0.9818731117824774,1.2304581777809935,1.8033390673550105,1.8033390673550105,4.654599993955344,15.74070000788197
1241,0022_0,grid_round_robin,603,383,0.6351575456053068,0.5572139303482587,0.912106135986733,1.374230609261089,1.2314077886639707,1.374230609261089,0.49459998263046145,17.77029997901991
1241,0022_0,anms_4d,603,381,0.6318407960199005,0.5505804311774462,0.9087893864013267,1.2647404275230163,1.0288542770774503,1.2647404275230163,10.47639996977523,25.144800019916147
1242,0022_0,grid_round_robin,1007,623,0.6186693147964251,0.5680238331678252,0.8560079443892751,0.6012800066719697,3.8209358144866488,3.8209358144866488,0.6645999965257943,38.95020001800731
1242,0022_0,anms_4d,1007,614,0.6097318768619663,0.5580933465739821,0.8510427010923535,0.6118971433161371,3.8696065620680122,3.8696065620680122,21.471099986229092,41.171499993652105
1243,0022_0,grid_round_robin,632,401,0.634493670886076,0.4161392405063291,0.9240506329113924,2.629651071566469,2.3013121403116346,2.629651071566469,0.4726999904960394,28.72080000815913
1243,0022_0,anms_4d,632,398,0.629746835443038,0.41139240506329117,0.9113924050632911,2.602734861144226,2.2831650332234887,2.602734861144226,14.65460000326857,30.541200016159564
1244,0022_0,grid_round_robin,861,619,0.718931475029036,0.6829268292682927,0.9663182346109176,0.7835611810903154,4.644691830607769,4.644691830607769,0.6093999836593866,30.580900027416646
1244,0022_0,anms_4d,861,620,0.7200929152148664,0.6817653890824622,0.9663182346109176,0.7852520951677573,4.644406297204829,4.644406297204829,18.025700002908707,20.854600006714463
1245,0022_0,grid_round_robin,530,366,0.690566037735849,0.6622641509433962,0.9905660377358491,0.08126893390121033,1.2186048813067658,1.2186048813067658,0.4763000179082155,20.242800004780293
1245,0022_0,anms_4d,530,357,0.6735849056603773,0.6452830188679245,0.9886792452830189,0.0712306728577187,1.1572473701254693,1.1572473701254693,8.490799984429032,22.439399966970086
1246,0022_0,grid_round_robin,513,362,0.7056530214424951,0.6101364522417154,0.9707602339181286,1.0440771958325086,1.2737880482666029,1.2737880482666029,0.4558999789878726,13.198400032706559
1246,0022_0,anms_4d,513,357,0.695906432748538,0.5964912280701754,0.9707602339181286,1.1420702156493725,1.1856690643793337,1.1856690643793337,8.196299953851849,21.351000003051013
1247,0022_0,grid_round_robin,332,174,0.5240963855421686,0.48493975903614456,0.8674698795180723,0.10764769256618088,0.44936683199856264,0.44936683199856264,0.39760000072419643,31.689099967479706
1247,0022_0,anms_4d,332,168,0.5060240963855421,0.4819277108433735,0.8433734939759037,0.4649373534973119,1.6692023064755313,1.6692023064755313,5.13970002066344,33.520600001793355
1248,0022_0,grid_round_robin,473,313,0.6617336152219874,0.6744186046511628,0.9809725158562368,0.24420334660895343,2.521438401708452,2.521438401708452,0.46420004218816757,26.764000009279698
1248,0022_0,anms_4d,473,309,0.653276955602537,0.6617336152219874,0.9704016913319239,0.09861945011962034,0.9925810468421354,0.9925810468421354,8.015199971850961,23.999499971978366
1249,0022_0,grid_round_robin,749,492,0.6568758344459279,0.6528704939919893,0.9946595460614153,0.42760220885975303,1.517194939975896,1.517194939975896,0.6036999984644353,32.501199981197715
1249,0022_0,anms_4d,749,487,0.650200267022697,0.6435246995994659,0.9893190921228304,0.23455791400526432,0.652288845699808,0.652288845699808,14.24719998613,27.29559998260811
1250,0022_0,grid_round_robin,613,408,0.6655791190864601,0.6721044045676998,0.9967373572593801,1.393935379736035,7.590237330855753,7.590237330855753,0.5413999897427857,32.262800028547645
1250,0022_0,anms_4d,613,418,0.6818923327895595,0.6737357259380098,0.9934747145187602,0.8254748251727466,4.808687196494939,4.808687196494939,10.567699966486543,30.292299983557314
1251,0022_0,grid_round_robin,1246,991,0.7953451043338684,0.78330658105939,0.9959871589085072,0.3441401716296913,0.9651316666081208,0.9651316666081208,0.9261000086553395,31.001999974250793
1251,0022_0,anms_4d,1246,989,0.7937399678972713,0.7841091492776886,0.9951845906902087,0.31116350162983075,0.8756004200614167,0.8756004200614167,30.807399947661906,44.15480000898242
1252,0022_0,grid_round_robin,966,772,0.7991718426501035,0.7991718426501035,0.9855072463768116,0.022276597002101342,0.255204547943469,0.255204547943469,0.6591000128537416,15.812299971003085
1252,0022_0,anms_4d,966,759,0.7857142857142857,0.7795031055900621,0.9730848861283644,0.02145149867084946,0.17956245691771805,0.17956245691771805,20.192299969494343,18.330699997022748
1253,0022_0,grid_round_robin,642,464,0.7227414330218068,0.6900311526479751,0.9704049844236761,0.2849613527657296,72.14886941655503,72.14886941655503,0.5051000043749809,24.41530005307868
1253,0022_0,anms_4d,642,459,0.7149532710280374,0.6697819314641744,0.9610591900311527,0.21194557830477093,42.548981098004056,42.548981098004056,11.233299970626831,36.82129998924211
1254,0022_0,grid_round_robin,629,514,0.8171701112877583,0.8139904610492846,0.9745627980922098,0.13691259356697014,1.97065652680532,1.97065652680532,0.5252000410109758,23.522700008470565
1254,0022_0,anms_4d,629,511,0.8124006359300477,0.8076311605723371,0.972972972972973,0.10400663260363202,1.4915680310583062,1.4915680310583062,11.089400039054453,21.860699984245002
1255,0022_0,grid_round_robin,601,375,0.6239600665557404,0.46921797004991683,0.9351081530782029,1.693736990985583,2.719354863993102,2.719354863993102,0.47199998516589403,27.81290002167225
1255,0022_0,anms_4d,601,374,0.6222961730449251,0.47587354409317806,0.9384359400998337,2.083201923431503,3.3697973637451377,3.3697973637451377,10.879300010856241,28.310100024100393
1256,0022_0,grid_round_robin,1155,806,0.6978354978354978,0.6952380952380952,0.9800865800865801,0.3188197525756531,0.8552682039793298,0.8552682039793298,0.8310999837704003,64.10040002083406
1256,0022_0,anms_4d,1155,792,0.6857142857142857,0.6813852813852814,0.9783549783549783,0.284382262716371,0.7627715126853759,0.7627715126853759,30.121199961286038,48.237400013022125
1257,0022_0,grid_round_robin,973,629,0.6464542651593012,0.6464542651593012,0.9753340184994861,1.2217330379834783,64.56612027179688,64.56612027179688,0.6775999790988863,38.855699996929616
1257,0022_0,anms_4d,973,608,0.6248715313463515,0.6258992805755396,0.9701952723535457,1.2524081460574614,61.643540845831254,61.643540845831254,20.12020000256598,50.4421999794431
1258,0022_0,grid_round_robin,483,356,0.7370600414078675,0.6956521739130435,0.9627329192546584,0.35410925984619734,0.6935683456195666,0.6935683456195666,0.4340999876148999,14.944700000341982
1258,0022_0,anms_4d,483,345,0.7142857142857143,0.6790890269151139,0.9627329192546584,0.46482652060082486,0.9231605825952145,0.9231605825952145,7.532800023909658,14.676000049803406
1259,0022_0,grid_round_robin,598,434,0.725752508361204,0.7123745819397993,0.9765886287625418,0.08594554074927287,0.16652031398461736,0.16652031398461736,0.5077999667264521,20.335900015197694
1259,0022_0,anms_4d,598,420,0.7023411371237458,0.6906354515050167,0.9682274247491639,0.09767622095906654,0.19312564260019,0.19312564260019,15.226599993184209,20.68139996845275
1260,0022_0,grid_round_robin,643,425,0.6609642301710731,0.5894245723172629,0.9097978227060654,0.7095181424318773,10.909953001743919,10.909953001743919,0.5421999958343804,29.462000005878508
1260,0022_0,anms_4d,643,404,0.6283048211508554,0.578538102643857,0.9035769828926905,0.9002607956618041,14.246050325764253,14.246050325764253,11.112199979834259,49.855199991725385
1261,0022_0,grid_round_robin,579,391,0.6753022452504318,0.6407599309153713,0.8601036269430051,0.29578409227374647,9.879080374383346,9.879080374383346,0.582000007852912,26.140500034671277
1261,0022_0,anms_4d,579,382,0.6597582037996546,0.6200345423143351,0.8618307426597582,0.2842292372059132,10.18215374513439,10.18215374513439,9.842799976468086,24.72370001487434
1262,0022_0,grid_round_robin,1201,886,0.7377185678601166,0.7268942547876769,0.9825145711906744,0.258969415761796,1.5902022135416127,1.5902022135416127,0.7903000223450363,34.10700004315004
1262,0022_0,anms_4d,1201,868,0.7227310574521232,0.7127393838467944,0.9791840133222315,0.1992488889976095,1.1992472091619772,1.1992472091619772,27.265199983958155,37.41340001579374
1263,0022_0,grid_round_robin,1202,1049,0.872712146422629,0.85108153078203,0.9916805324459235,0.3699851142074727,65.90102248874831,65.90102248874831,0.8365000248886645,30.767599993851036
1263,0022_0,anms_4d,1202,1039,0.8643926788685524,0.8386023294509152,0.9916805324459235,0.11792885233536225,26.05768278754387,26.05768278754387,27.71039999788627,58.893100009299815
1264,0022_0,grid_round_robin,370,217,0.5864864864864865,0.5864864864864865,0.9351351351351351,0.027433354997506442,0.21069904951911078,0.21069904951911078,0.34170004073530436,24.052000022493303
1264,0022_0,anms_4d,370,214,0.5783783783783784,0.5783783783783784,0.927027027027027,0.30422378435918107,0.7818963681465787,0.7818963681465787,5.350999999791384,22.72459998494014
1265,0022_0,grid_round_robin,590,387,0.6559322033898305,0.6423728813559322,0.9525423728813559,0.11671301724500709,1.0734437631783669,1.0734437631783669,0.5415999912656844,29.553899948950857
1265,0022_0,anms_4d,590,379,0.6423728813559322,0.6288135593220339,0.9440677966101695,0.1383912957479073,1.22743243271246,1.22743243271246,10.037300002295524,30.791099998168647
1266,0022_0,grid_round_robin,1166,886,0.7598627787307033,0.7590051457975986,0.9957118353344768,0.30218754107533286,1.4711279891582367,1.4711279891582367,0.7956000044941902,21.24899998307228
1266,0022_0,anms_4d,1166,879,0.7538593481989708,0.7530017152658662,0.9914236706689536,0.25744169976558856,1.2593365641154737,1.2593365641154737,25.841399969067425,34.1984000406228
1267,0022_0,grid_round_robin,372,228,0.6129032258064516,0.49193548387096775,0.8924731182795699,3.1004706564722087,2.6192870768416734,3.1004706564722087,0.3540999605320394,18.458700040355325
1267,0022_0,anms_4d,372,234,0.6290322580645161,0.478494623655914,0.8844086021505376,3.2007114811678954,2.7275924614731286,3.2007114811678954,5.673999956343323,20.4595000250265
1268,0022_0,grid_round_robin,276,135,0.4891304347826087,0.4673913043478261,0.8115942028985508,0.6303772912300847,1.3131555910818498,1.3131555910818498,0.2814999897964299,28.699599963147193
1268,0022_0,anms_4d,276,135,0.4891304347826087,0.4673913043478261,0.8152173913043478,0.2688570474478994,0.40818170685068644,0.40818170685068644,3.5061000380665064,28.771699988283217
1269,0022_0,grid_round_robin,766,454,0.5926892950391645,0.4856396866840731,0.9164490861618799,1.3550861499888052,4.446303924215353,4.446303924215353,0.56310003856197,30.95970000140369
1269,0022_0,anms_4d,766,445,0.5809399477806788,0.4765013054830287,0.9151436031331592,1.205235414738278,3.977074009117012,3.977074009117012,14.82789998408407,42.20209998311475
1270,0022_0,grid_round_robin,330,180,0.5454545454545454,0.5636363636363636,0.9272727272727272,3.6084549268046753,5.180248874236111,5.180248874236111,0.3383000148460269,23.78419996239245
1270,0022_0,anms_4d,330,184,0.5575757575757576,0.5787878787878787,0.9272727272727272,3.4302614139151073,4.759858714999821,4.759858714999821,5.339899973478168,20.924100012052804
1271,0022_0,grid_round_robin,864,614,0.7106481481481481,0.7060185185185185,0.9872685185185185,0.8204111939765928,5.455941123508747,5.455941123508747,0.7175999926403165,38.41950005153194
1271,0022_0,anms_4d,864,596,0.6898148148148148,0.6840277777777778,0.9780092592592593,0.9546280931860975,5.0714906879581365,5.0714906879581365,17.14929996524006,34.86320003867149
1272,0022_0,grid_round_robin,952,592,0.6218487394957983,0.45588235294117646,0.8571428571428571,0.605199940488007,1.2049727338529632,1.2049727338529632,0.6457999697886407,57.41370003670454
1272,0022_0,anms_4d,952,581,0.6102941176470589,0.44432773109243695,0.8592436974789915,0.7696325421172022,2.0080329260550016,2.0080329260550016,20.113900012802333,54.016799957025796
1273,0022_0,grid_round_robin,532,381,0.7161654135338346,0.7030075187969925,0.9962406015037594,0.8539382660126668,3.6222176775778046,3.6222176775778046,0.4805999924428761,18.058299960102886
1273,0022_0,anms_4d,532,383,0.7199248120300752,0.706766917293233,0.9962406015037594,0.6134222914977177,2.6398594685969354,2.6398594685969354,8.76659998903051,19.632200011983514
1274,0022_0,grid_round_robin,574,434,0.7560975609756098,0.6724738675958188,0.9512195121951219,0.3757549738998429,16.42872179147376,16.42872179147376,0.48400001833215356,28.253800002858043
1274,0022_0,anms_4d,574,429,0.7473867595818815,0.6672473867595818,0.9494773519163763,0.3748185149166889,16.325869048729096,16.325869048729096,10.009600024204701,28.413400053977966
1275,0022_0,grid_round_robin,519,335,0.6454720616570327,0.5298651252408478,0.9633911368015414,0.252739265226624,0.446805648052651,0.446805648052651,0.45599997974932194,19.61169997230172
1275,0022_0,anms_4d,519,334,0.6435452793834296,0.5337186897880539,0.9614643545279383,0.2594574129252071,0.4578883930686318,0.4578883930686318,8.264999953098595,22.691600024700165
1276,0022_0,grid_round_robin,885,622,0.7028248587570621,0.6666666666666666,0.9740112994350283,0.5383154075010818,2.6321762932422472,2.6321762932422472,0.6819000118412077,37.054100015666336
1276,0022_0,anms_4d,885,609,0.688135593220339,0.655367231638418,0.9706214689265537,0.5384887887642203,2.640420720549177,2.640420720549177,17.771499988157302,33.692399971187115
1277,0022_0,grid_round_robin,438,327,0.7465753424657534,0.726027397260274,0.9863013698630136,1.8158621246002382,71.64631466872379,71.64631466872379,0.42639998719096184,18.37629999499768
1277,0022_0,anms_4d,438,325,0.7420091324200914,0.7009132420091324,0.9794520547945206,1.7843892499238172,73.97362251889588,73.97362251889588,6.792899977881461,17.23699999274686
1278,0022_0,grid_round_robin,1086,833,0.7670349907918969,0.7292817679558011,0.9917127071823204,1.6738508057325108,9.17232155223059,9.17232155223059,0.7451000274159014,20.668899989686906
1278,0022_0,anms_4d,1086,812,0.7476979742173112,0.7117863720073665,0.9861878453038674,1.7617049919728982,9.880916197122461,9.880916197122461,24.220600025728345,32.20809996128082
1279,0022_0,grid_round_robin,981,773,0.7879714576962283,0.7726809378185525,0.9887869520897044,0.246259264521053,1.044520920137479,1.044520920137479,0.798500026576221,23.59729999443516
1279,0022_0,anms_4d,981,769,0.7838939857288482,0.763506625891947,0.9836901121304791,0.2565215047076224,1.2153641697185493,1.2153641697185493,20.118399988859892,31.617999949958175
1280,0022_0,grid_round_robin,474,310,0.6540084388185654,0.6751054852320675,0.9915611814345991,1.141322092006136,7.107850516868105,7.107850516868105,0.4488999838940799,27.71469997242093
1280,0022_0,anms_4d,474,309,0.6518987341772152,0.6729957805907173,0.9873417721518988,1.3904524228033548,8.527561844800083,8.527561844800083,7.468299998436123,24.628099985420704
1281,0022_0,grid_round_robin,821,471,0.5736906211936662,0.559074299634592,0.9695493300852619,3.461652445195085,7.612475831956213,7.612475831956213,0.6213000160641968,43.96229999838397
1281,0022_0,anms_4d,821,475,0.5785627283800243,0.5529841656516443,0.9683313032886723,3.5197182469726274,7.707155864589587,7.707155864589587,15.698499977588654,40.74720002245158
1282,0022_0,grid_round_robin,866,672,0.7759815242494227,0.8094688221709007,0.9803695150115473,0.24523589470312537,22.58411851842976,22.58411851842976,0.6622999790124595,39.87869998672977
1282,0022_0,anms_4d,866,679,0.7840646651270208,0.7956120092378753,0.9780600461893765,0.023360500195936197,52.378698433569355,52.378698433569355,17.60870002908632,30.050800007302314
1283,0022_0,grid_round_robin,504,362,0.7182539682539683,0.6488095238095238,0.9563492063492064,0.9534826379572379,4.48666569136316,4.48666569136316,0.4560999805107713,18.87720002559945
1283,0022_0,anms_4d,504,354,0.7023809523809523,0.6309523809523809,0.9543650793650794,0.9530221212770292,4.510723329412681,4.510723329412681,14.874799991957843,17.333700030576438
1284,0022_0,grid_round_robin,566,338,0.5971731448763251,0.558303886925795,0.9293286219081273,0.4177829668642361,0.7111811016951726,0.7111811016951726,0.46200002543628216,38.00050000427291
1284,0022_0,anms_4d,566,328,0.5795053003533569,0.549469964664311,0.9257950530035336,0.5407229414203196,1.0111149137849706,1.0111149137849706,9.508699993602931,30.294000054709613
1285,0022_0,grid_round_robin,620,431,0.6951612903225807,0.6774193548387096,0.9774193548387097,0.2232659447631983,5.428681140725348,5.428681140725348,0.6641999934799969,34.09430000465363
1285,0022_0,anms_4d,620,446,0.7193548387096774,0.682258064516129,0.9741935483870968,0.2394456023681017,7.74341800132428,7.74341800132428,10.972099960781634,21.13060001283884
1286,0022_0,grid_round_robin,459,285,0.6209150326797386,0.5098039215686274,0.9106753812636166,0.23482733587777938,0.7361102517573006,0.7361102517573006,0.3896999987773597,19.13049997529015
1286,0022_0,anms_4d,459,269,0.5860566448801743,0.4989106753812636,0.9041394335511983,0.6381133902051133,0.880144563770844,0.880144563770844,7.283299986738712,31.886300013866276
1287,0022_0,grid_round_robin,684,450,0.6578947368421053,0.6228070175438597,0.9766081871345029,0.2502158352484586,9.437188961583306,9.437188961583306,0.5783999804407358,36.113200010731816
1287,0022_0,anms_4d,684,453,0.6622807017543859,0.6213450292397661,0.9766081871345029,0.2946642636121101,10.114228539834237,10.114228539834237,11.970399995334446,30.279900005552918
1288,0022_0,grid_round_robin,898,506,0.5634743875278396,0.43875278396436523,0.9387527839643652,1.4046132211705507,5.166103748580753,5.166103748580753,0.6168000400066376,67.11810000706464
1288,0022_0,anms_4d,898,492,0.5478841870824054,0.4354120267260579,0.9342984409799554,1.6289724176716909,4.663001848177402,4.663001848177402,17.60890003060922,56.095700012519956
1289,0022_0,grid_round_robin,1099,790,0.718835304822566,0.7233848953594176,0.9909008189262967,0.848592421672041,7.0336372132618825,7.0336372132618825,0.7698000408709049,37.589099956676364
1289,0022_0,anms_4d,1099,768,0.6988171064604186,0.7015468607825296,0.9872611464968153,0.9013413055490417,7.26859848777765,7.26859848777765,24.531400005798787,28.093399945646524
1290,0022_0,grid_round_robin,294,200,0.6802721088435374,0.564625850340136,0.935374149659864,0.28693967510173035,0.5529990723029266,0.5529990723029266,0.31319999834522605,11.145399999804795
1290,0022_0,anms_4d,294,194,0.6598639455782312,0.54421768707483,0.9319727891156463,0.24231987750860493,0.49970433750077603,0.49970433750077603,4.147399973589927,14.822099998127669
1291,0022_0,grid_round_robin,1237,935,0.7558609539207761,0.7623282134195635,0.98464025869038,0.20381364849286118,4.215127956264616,4.215127956264616,0.9132000268436968,40.401000005658716
1291,0022_0,anms_4d,1237,920,0.7437348423605498,0.7477768795472919,0.9797898140662894,0.2095940277148728,4.926523734064357,4.926523734064357,28.31190003780648,53.71830001240596
1292,0022_0,grid_round_robin,332,180,0.5421686746987951,0.5271084337349398,0.891566265060241,0.5908817098327154,0.4240376836405582,0.5908817098327154,0.34359999699518085,22.856299998238683
1292,0022_0,anms_4d,332,178,0.536144578313253,0.5240963855421686,0.8885542168674698,0.5126013693689182,1.185238246994813,1.185238246994813,4.75139997433871,25.087599991820753
1293,0022_0,grid_round_robin,773,572,0.7399741267787839,0.5976714100905562,0.9663648124191462,0.13695522820365014,0.2152981258111725,0.2152981258111725,0.6985999643802643,18.127800023648888
1293,0022_0,anms_4d,773,565,0.7309184993531694,0.5937904269081501,0.96248382923674,0.13624727922124075,0.22109043727119657,0.22109043727119657,14.453500043600798,23.605299997143447
1294,0022_0,grid_round_robin,1117,811,0.7260519247985676,0.7224709042076992,0.9919427036705462,0.06359214173034423,0.5887827929075844,0.5887827929075844,0.7240999839268625,36.501700000371784
1294,0022_0,anms_4d,1117,804,0.7197851387645479,0.7162041181736795,0.9883616830796778,0.09836901251598387,0.9546472444198579,0.9546472444198579,24.70430004177615,32.36230002949014
1295,0022_0,grid_round_robin,900,661,0.7344444444444445,0.6788888888888889,0.9,0.13629109778986181,55.764978296339685,55.764978296339685,0.7660000119358301,36.70029999921098
1295,0022_0,anms_4d,900,621,0.69,0.6677777777777778,0.8944444444444445,0.10507573174213528,49.76182215640668,49.76182215640668,17.632100032642484,29.823899967595935
1296,0022_0,grid_round_robin,415,262,0.6313253012048192,0.6313253012048192,0.9783132530120482,1.5515740827118283,3.2120844736420047,3.2120844736420047,0.49679999938234687,21.809500001836568
1296,0022_0,anms_4d,415,253,0.6096385542168675,0.6144578313253012,0.9734939759036144,1.6108965323546987,3.2410467233197093,3.2410467233197093,6.214900000486523,20.21370001602918
1297,0022_0,grid_round_robin,577,429,0.7435008665511266,0.7452339688041595,0.9653379549393414,0.1172175949120829,1.7798308831233363,1.7798308831233363,0.5488000460900366,24.043800018262118
1297,0022_0,anms_4d,577,422,0.7313691507798961,0.7348353552859619,0.9601386481802426,0.3937173578390511,6.042580031145908,6.042580031145908,10.610500001348555,17.608499969355762
1298,0022_0,grid_round_robin,756,573,0.7579365079365079,0.7447089947089947,0.9761904761904762,0.0867615437534637,0.6613155878697042,0.6613155878697042,0.5858000367879868,32.14589995332062
1298,0022_0,anms_4d,756,556,0.7354497354497355,0.7275132275132276,0.9708994708994709,0.1116460777246977,0.8627820118047912,0.8627820118047912,17.435099987778813,30.51219996996224
1299,0022_0,grid_round_robin,881,700,0.7945516458569807,0.771850170261067,0.9886492622020431,0.4781987422808009,0.7008621389294667,0.7008621389294667,0.6217000191099942,19.467699981760234
1299,0022_0,anms_4d,881,686,0.7786606129398411,0.7559591373439274,0.985244040862656,0.5900884388457274,0.8597399242750084,0.8597399242750084,16.966400027740747,16.069200006313622
1300,0022_0,grid_round_robin,444,332,0.7477477477477478,0.7297297297297297,0.9594594594594594,0.22368637844747916,0.7253005909732545,0.7253005909732545,0.4786000354215503,16.986900009214878
1300,0022_0,anms_4d,444,325,0.7319819819819819,0.722972972972973,0.9504504504504504,0.21769408337322008,0.7024605373781203,0.7024605373781203,6.806699966546148,19.216799992136657
1301,0022_0,grid_round_robin,852,526,0.6173708920187794,0.5645539906103286,0.9131455399061033,0.5702107639811805,1.6684655343217236,1.6684655343217236,0.631400034762919,46.776600007433444
1301,0022_0,anms_4d,852,519,0.6091549295774648,0.5575117370892019,0.9107981220657277,0.43940118723193794,1.2734218722392943,1.2734218722392943,16.47679996676743,43.4549999772571
1302,0022_0,grid_round_robin,496,375,0.7560483870967742,0.6995967741935484,0.9778225806451613,0.5127183720074108,49.03974328590398,49.03974328590398,0.5340000498108566,18.417000013869256
1302,0022_0,anms_4d,496,373,0.7520161290322581,0.6955645161290323,0.9758064516129032,0.5712656867144963,51.03331120533352,51.03331120533352,8.432299946434796,20.74539999011904
1303,0022_0,grid_round_robin,574,402,0.7003484320557491,0.5644599303135889,0.9738675958188153,0.31928701850698443,0.4059027301290955,0.4059027301290955,0.49730000318959355,17.848199990112334
1303,0022_0,anms_4d,574,375,0.6533101045296167,0.5470383275261324,0.9738675958188153,1.151142287823997,2.124366520032465,2.124366520032465,9.643000026699156,20.805299980565906
1304,0022_0,grid_round_robin,538,395,0.7342007434944238,0.5929368029739777,0.966542750929368,0.413481727316161,0.2898448300846441,0.413481727316161,0.5290000117383897,18.688299984205514
1304,0022_0,anms_4d,538,389,0.7230483271375465,0.5947955390334573,0.9628252788104089,0.4316247837178039,0.29690228862449397,0.4316247837178039,9.162499976810068,16.347599972505122
1305,0022_0,grid_round_robin,811,572,0.7053020961775586,0.593094944512947,0.903822441430333,0.21518604367201566,16.881267171281404,16.881267171281404,0.6414999952539802,43.77889999886975
1305,0022_0,anms_4d,811,552,0.6806411837237978,0.5795314426633785,0.8976572133168927,0.20320166899349168,17.031121959866994,17.031121959866994,15.338800032623112,39.490200055297464
1306,0022_0,grid_round_robin,978,683,0.6983640081799591,0.6574642126789366,0.9887525562372188,0.5220559784395142,2.2270636894946505,2.2270636894946505,0.6969000096432865,32.77260001050308
1306,0022_0,anms_4d,978,671,0.6860940695296524,0.6584867075664622,0.983640081799591,0.4608664588448683,1.9633890142912855,1.9633890142912855,20.95899998676032,39.14199996506795
1307,0022_0,grid_round_robin,204,112,0.5490196078431373,0.43137254901960786,0.8872549019607843,12.222863791048358,9.350987296472127,12.222863791048358,0.3158000181429088,19.941500038839877
1307,0022_0,anms_4d,204,114,0.5588235294117647,0.4411764705882353,0.8921568627450981,10.371082216015779,8.224127141613366,10.371082216015779,2.7620999608188868,18.058100016787648
1308,0022_0,grid_round_robin,986,707,0.7170385395537525,0.6876267748478702,0.9827586206896551,0.7123100942479488,2.0402300969057308,2.0402300969057308,0.7091999868862331,35.959200002253056
1308,0022_0,anms_4d,986,700,0.7099391480730223,0.6774847870182555,0.9827586206896551,0.752822313426176,2.1998336489115653,2.1998336489115653,20.431599987205118,25.319800013676286
1309,0022_0,grid_round_robin,708,521,0.7358757062146892,0.7372881355932204,0.9901129943502824,1.0885460095302013,6.215496505050321,6.215496505050321,0.6501000025309622,24.60780000546947
1309,0022_0,anms_4d,708,514,0.7259887005649718,0.7245762711864406,0.9844632768361582,0.6465558571195641,3.71407572266123,3.71407572266123,13.159199967049062,17.768100020475686
1310,0022_0,grid_round_robin,733,532,0.7257844474761255,0.6807639836289222,0.9890859481582538,0.6183793441987753,0.7209937647577572,0.7209937647577572,0.6060000159777701,30.941600038204342
1310,0022_0,anms_4d,733,517,0.7053206002728513,0.660300136425648,0.990450204638472,0.614683574259852,0.7185002918700968,0.7185002918700968,13.964399986434728,20.1245000353083
1311,0022_0,grid_round_robin,1048,791,0.7547709923664122,0.7299618320610687,0.9895038167938931,0.10929989978056784,0.6295034394297965,0.6295034394297965,0.8684000349603593,31.1138000106439
1311,0022_0,anms_4d,1048,779,0.7433206106870229,0.7194656488549618,0.9875954198473282,0.08216971277651021,0.6512641464182081,0.6512641464182081,22.021899989340454,34.65439996216446
1312,0022_0,grid_round_robin,598,496,0.8294314381270903,0.7909698996655519,0.979933110367893,0.22351514812674897,17.437375328050972,17.437375328050972,0.5017999792471528,37.14249999029562
1312,0022_0,anms_4d,598,473,0.7909698996655519,0.7792642140468228,0.9715719063545151,0.19744615482496286,15.433152760454202,15.433152760454202,10.445800027810037,18.05210002930835
1313,0022_0,grid_round_robin,358,203,0.5670391061452514,0.5307262569832403,0.9664804469273743,1.1198076134772164,0.7971974064944195,1.1198076134772164,0.4243000294081867,26.06569998897612
1313,0022_0,anms_4d,358,203,0.5670391061452514,0.5279329608938548,0.952513966480447,1.6723576254853112,1.6598049056191588,1.6723576254853112,5.088699981570244,23.139299999456853
1314,0022_0,grid_round_robin,891,552,0.6195286195286195,0.49382716049382713,0.8978675645342312,0.30514659585234327,2.6000719626563766,2.6000719626563766,0.6164999795146286,48.46970003563911
1314,0022_0,anms_4d,891,541,0.6071829405162739,0.48709315375982043,0.8933782267115601,0.29349040678597954,2.56398066163423,2.56398066163423,17.7850000327453,49.56230003153905
1315,0022_0,grid_round_robin,501,323,0.6447105788423154,0.4870259481037924,0.9301397205588823,0.9541573315866391,1.1692589889643796,1.1692589889643796,0.5112999933771789,17.975299968384206
1315,0022_0,anms_4d,501,311,0.6207584830339321,0.46506986027944114,0.9221556886227545,0.922371797229559,1.1198655191357179,1.1198655191357179,7.799499959219247,25.029200012795627
1316,0022_0,grid_round_robin,804,621,0.7723880597014925,0.746268656716418,0.9788557213930348,0.5479670907920678,1.3061388422734794,1.3061388422734794,0.6056999554857612,22.431100020185113
1316,0022_0,anms_4d,804,617,0.7674129353233831,0.7412935323383084,0.9776119402985075,0.5271780786884254,1.2962677568098906,1.2962677568098906,15.462299983482808,25.029900018125772
1317,0022_0,grid_round_robin,1119,817,0.7301161751563896,0.6961572832886506,0.9749776586237712,0.08002402018336388,2.495354563719435,2.495354563719435,0.8079999824985862,51.71820003306493
1317,0022_0,anms_4d,1119,807,0.7211796246648794,0.6854334226988382,0.9705093833780161,0.23706895143906356,10.318483697461916,10.318483697461916,25.954500015359372,45.508400013204664
1318,0022_0,grid_round_robin,1100,760,0.6909090909090909,0.6409090909090909,0.980909090909091,0.558520385242506,0.7969442965278912,0.7969442965278912,0.7690000347793102,23.262100003194064
1318,0022_0,anms_4d,1100,734,0.6672727272727272,0.62,0.9772727272727273,0.503674770844647,0.6387097003330514,0.6387097003330514,23.81240000249818,33.47359999315813
1319,0022_0,grid_round_robin,743,539,0.7254374158815612,0.6864064602960969,0.9838492597577388,1.1831500082741464,6.4304489266344245,6.4304489266344245,0.6149999680928886,20.82099998369813
1319,0022_0,anms_4d,743,536,0.721399730820996,0.6850605652759085,0.9744279946164199,1.1918760154448802,6.4693595100242325,6.4693595100242325,13.398699986282736,22.99880003556609
1320,0022_0,grid_round_robin,571,319,0.5586690017513135,0.4886164623467601,0.9071803852889667,1.3266177297393553,8.012914288420728,8.012914288420728,0.4893000004813075,42.653099982999265
1320,0022_0,anms_4d,571,315,0.5516637478108581,0.4798598949211909,0.8966725043782837,1.292648254009051,7.896287340692589,7.896287340692589,9.297700016759336,52.2861999925226
1321,0022_0,grid_round_robin,1368,1060,0.7748538011695907,0.7580409356725146,0.9919590643274854,1.247200706691555,8.118410016904265,8.118410016904265,0.8977000252343714,39.78689998621121
1321,0022_0,anms_4d,1368,1031,0.7536549707602339,0.7390350877192983,0.9875730994152047,1.3430644642435188,8.587284006055832,8.587284006055832,33.92920002806932,39.11449998850003
1322,0022_0,grid_round_robin,402,252,0.6268656716417911,0.4552238805970149,0.8606965174129353,1.6912968920776725,1.0432773501725516,1.6912968920776725,0.5032999906688929,17.294099961873144
1322,0022_0,anms_4d,402,247,0.6144278606965174,0.4228855721393035,0.8507462686567164,1.5037444638623205,0.9051616717753452,1.5037444638623205,6.123900006059557,21.464499994181097
1323,0022_0,grid_round_robin,195,130,0.6666666666666666,0.6615384615384615,0.9948717948717949,3.2354451882819926,11.306668464233393,11.306668464233393,0.34520000917837024,13.29590001842007
1323,0022_0,anms_4d,195,128,0.6564102564102564,0.6615384615384615,0.9948717948717949,3.2499816600164735,11.519948236074113,11.519948236074113,2.5397000135853887,10.94149996060878
1324,0022_0,grid_round_robin,1229,874,0.7111472742066721,0.6794141578519122,0.9926769731489016,0.9477713659387949,5.249193775729558,5.249193775729558,0.8463000413030386,48.15630003577098
1324,0022_0,anms_4d,1229,858,0.6981285598047193,0.6655817737998373,0.9886086248982913,0.9444179036529851,5.140469612547172,5.140469612547172,28.592400019988418,43.35439996793866
1325,0022_0,grid_round_robin,579,386,0.6666666666666666,0.6338514680483592,0.8549222797927462,0.24615378841268948,9.556298566760356,9.556298566760356,0.46449998626485467,17.92600000044331
1325,0022_0,anms_4d,579,382,0.6597582037996546,0.6200345423143351,0.8618307426597582,0.2842292314740469,9.96028376726855,9.96028376726855,9.636899980250746,23.95150001393631
1326,0022_0,grid_round_robin,770,505,0.6558441558441559,0.5493506493506494,0.9623376623376624,0.26646687284703463,3.1899555359940464,3.1899555359940464,0.6306999712251127,34.65230000438169
1326,0022_0,anms_4d,770,514,0.6675324675324675,0.5363636363636364,0.9597402597402598,0.2570402811813326,2.6079785782684994,2.6079785782684994,14.627099968492985,31.791299988981336
1327,0022_0,grid_round_robin,1145,803,0.7013100436681222,0.6986899563318777,0.9921397379912664,0.20921833529480752,1.305359703272383,1.305359703272383,0.7736000115983188,48.192900023423135
1327,0022_0,anms_4d,1145,800,0.6986899563318777,0.6890829694323144,0.9877729257641922,0.2797922571839533,1.7944710887489033,1.7944710887489033,25.282299960963428,54.88920002244413
1328,0022_0,grid_round_robin,371,244,0.6576819407008087,0.5633423180592992,0.9380053908355795,1.2231451933529898,1.1774596674931395,1.2231451933529898,0.36040000850334764,13.849599985405803
1328,0022_0,anms_4d,371,242,0.6522911051212938,0.5471698113207547,0.9326145552560647,1.4886839301685926,1.2638769375503887,1.4886839301685926,5.462799977976829,14.221500023268163
1329,0022_0,grid_round_robin,874,566,0.6475972540045767,0.3718535469107552,0.88558352402746,0.6813456300557681,10.846260518448625,10.846260518448625,0.6076000281609595,41.73239995725453
1329,0022_0,anms_4d,874,550,0.6292906178489702,0.3707093821510298,0.8821510297482837,0.6733952975420232,10.410911846571627,10.410911846571627,18.393699952866882,35.36770003847778
1330,0022_0,grid_round_robin,761,578,0.759526938239159,0.7201051248357424,0.9842312746386334,0.7366067323574313,7.418099003994222,7.418099003994222,0.5885999999009073,23.677300021518022
1330,0022_0,anms_4d,761,557,0.7319316688567674,0.7003942181340341,0.9763469119579501,0.7204552590688235,7.33879577970275,7.33879577970275,14.13159997900948,28.0229999916628
1331,0022_0,grid_round_robin,1080,850,0.7870370370370371,0.7712962962962963,0.975,0.31204850676468665,5.187708348445234,5.187708348445234,0.8548999903723598,24.530599999707192
1331,0022_0,anms_4d,1080,853,0.7898148148148149,0.7712962962962963,0.9731481481481481,0.3130623046428482,5.895937271744272,5.895937271744272,23.539200017694384,27.18309999909252
1332,0022_0,grid_round_robin,607,370,0.6095551894563427,0.33607907742998355,0.8303130148270181,2.222283842424574,4.025179031574451,4.025179031574451,0.5124000017531216,38.21359999710694
1332,0022_0,anms_4d,607,363,0.5980230642504119,0.3344316309719934,0.8253706754530478,2.256401599354331,4.005926205117179,4.005926205117179,10.427400004118681,33.25350000523031
1333,0022_0,grid_round_robin,966,772,0.7991718426501035,0.7991718426501035,0.9803312629399586,0.021741777910349105,0.24980550467259796,0.24980550467259796,0.6613000296056271,23.97539996309206
1333,0022_0,anms_4d,966,759,0.7857142857142857,0.7795031055900621,0.9730848861283644,0.02145149867084946,0.1614199386232042,0.1614199386232042,19.763500022236258,17.872199998237193
1334,0022_0,grid_round_robin,189,126,0.6666666666666666,0.5502645502645502,0.9470899470899471,2.5908450015429625,1.8566814140599546,2.5908450015429625,0.2704999642446637,8.998800010886043
1334,0022_0,anms_4d,189,123,0.6507936507936508,0.5291005291005291,0.9312169312169312,1.7579141576165989,1.3101460685219994,1.7579141576165989,2.661600010469556,8.644100045785308
1335,0022_0,grid_round_robin,1201,872,0.7260616153205662,0.7218984179850125,0.9833472106577852,0.2899104927907159,2.0067321581978956,2.0067321581978956,0.819200009573251,28.322800004389137
1335,0022_0,anms_4d,1201,866,0.7210657785179018,0.7127393838467944,0.9791840133222315,0.20263230351131653,1.425167765815522,1.425167765815522,31.457799952477217,39.196500030811876
1336,0022_0,grid_round_robin,663,481,0.7254901960784313,0.7134238310708899,0.9577677224736049,1.0283336141670538,2.501204522570836,2.501204522570836,0.5370000144466758,14.665800030343235
1336,0022_0,anms_4d,663,476,0.717948717948718,0.7088989441930619,0.9577677224736049,1.0140481774945183,2.4558249819924276,2.4558249819924276,11.916100047528744,20.82570001948625
1337,0022_0,grid_round_robin,1206,839,0.6956882255389718,0.6890547263681592,0.9825870646766169,0.3530561741165686,7.947459240533573,7.947459240533573,0.853199977427721,33.95120002096519
1337,0022_0,anms_4d,1206,823,0.6824212271973465,0.6708126036484245,0.9767827529021559,0.3097980502013168,6.896912693673703,6.896912693673703,27.9177000047639,40.10499996365979
1338,0022_0,grid_round_robin,971,642,0.6611740473738414,0.666323377960865,0.9588053553038105,0.20839804468977102,4.046642849743043,4.046642849743043,0.6762000266462564,52.5216999812983
1338,0022_0,anms_4d,971,633,0.6519052523171988,0.6570545829042225,0.9598352214212152,0.2013733159734393,3.9757862955665044,3.9757862955665044,20.025100035127252,51.28469999181107
1339,0022_0,grid_round_robin,864,588,0.6805555555555556,0.6886574074074074,0.9814814814814815,0.5625170238720523,6.93775805545382,6.93775805545382,0.7146000280044973,29.94320000289008
1339,0022_0,anms_4d,864,587,0.6793981481481481,0.6817129629629629,0.9733796296296297,0.5454056392540785,6.7684453839936,6.7684453839936,18.070699996314943,39.101700007449836
1340,0022_0,grid_round_robin,515,300,0.5825242718446602,0.49320388349514566,0.9475728155339805,1.4616462681727347,2.0424102895778815,2.0424102895778815,0.4200999974273145,30.52829997614026
1340,0022_0,anms_4d,515,296,0.574757281553398,0.4893203883495146,0.9436893203883495,2.327018515562304,3.1172314888864174,3.1172314888864174,8.675799996126443,31.379499996546656
1341,0022_0,grid_round_robin,238,149,0.6260504201680672,0.5798319327731093,0.9411764705882353,1.2270604075160256,0.31055935193418466,1.2270604075160256,0.27080002473667264,12.47650000732392
1341,0022_0,anms_4d,238,154,0.6470588235294118,0.5756302521008403,0.9369747899159664,2.0770231060606794,1.7192918011432732,2.0770231060606794,3.28619999345392,10.502699995413423
1342,0022_0,grid_round_robin,447,284,0.6353467561521253,0.5123042505592841,0.8702460850111857,1.410739523038402,1.8391986210777158,1.8391986210777158,0.450999999884516,19.148599996697158
1342,0022_0,anms_4d,447,283,0.6331096196868009,0.5011185682326622,0.8680089485458613,1.160647048550061,1.4320262220274487,1.4320262220274487,7.0125000202097,20.692399994004518
1343,0022_0,grid_round_robin,659,468,0.7101669195751138,0.6251896813353566,0.9650986342943855,0.381036341280963,3.595935451436823,3.595935451436823,0.5207000067457557,20.71149996481836
1343,0022_0,anms_4d,659,461,0.6995447647951442,0.6160849772382397,0.960546282245827,0.42216462158916973,3.8663760796434494,3.8663760796434494,11.391800013370812,22.37060002516955
1344,0022_0,grid_round_robin,556,338,0.6079136690647482,0.5773381294964028,0.9406474820143885,0.9452711115204651,1.2929205892109497,1.2929205892109497,0.47149998135864735,25.99340002052486
1344,0022_0,anms_4d,556,330,0.5935251798561151,0.564748201438849,0.9334532374100719,0.9709983105203166,1.3146613238894185,1.3146613238894185,9.241199993994087,28.900499979499727
1345,0022_0,grid_round_robin,473,318,0.6723044397463002,0.678646934460888,0.9809725158562368,0.15801465572266096,1.8129365775992234,1.8129365775992234,0.4615000216290355,29.241600015666336
1345,0022_0,anms_4d,473,309,0.653276955602537,0.6617336152219874,0.9704016913319239,0.0986194508291889,1.0856651226682927,1.0856651226682927,7.515499950386584,22.77979999780655
1346,0022_0,grid_round_robin,836,551,0.6590909090909091,0.6602870813397129,0.9712918660287081,0.14761891840266028,1.1346413666872712,1.1346413666872712,0.6273000035434961,37.28639998007566
1346,0022_0,anms_4d,836,538,0.6435406698564593,0.6495215311004785,0.9688995215311005,0.14091252458753528,1.0391458412254237,1.0391458412254237,16.548499988857657,40.55309999966994
1347,0022_0,grid_round_robin,745,535,0.7181208053691275,0.6724832214765101,0.9798657718120806,0.24193965473955564,1.3864536663985194,1.3864536663985194,0.5775999743491411,20.5959000159055
1347,0022_0,anms_4d,745,531,0.7127516778523489,0.6724832214765101,0.9718120805369127,0.2633450315299391,1.5084862797416567,1.5084862797416567,13.466600037645549,21.61639998666942
1348,0022_0,grid_round_robin,745,460,0.6174496644295302,0.4684563758389262,0.9503355704697987,2.0387407468943324,5.619507704987189,5.619507704987189,0.6170999840833247,31.778000004123896
1348,0022_0,anms_4d,745,459,0.6161073825503356,0.4657718120805369,0.9422818791946309,2.0651603814946897,5.679994357429982,5.679994357429982,13.431600003968924,35.52440000930801
1349,0022_0,grid_round_robin,1074,784,0.7299813780260708,0.723463687150838,0.9916201117318436,0.4906009550068466,2.4888047415347714,2.4888047415347714,0.7838000310584903,28.86769996257499
1349,0022_0,anms_4d,1074,780,0.7262569832402235,0.7225325884543762,0.9888268156424581,0.41968833332754907,2.111218920690367,2.111218920690367,23.42440001666546,36.22759995050728
1350,0022_0,grid_round_robin,523,337,0.6443594646271511,0.5927342256214149,0.9770554493307839,0.28249782215595076,0.40590640968475666,0.40590640968475666,0.520200002938509,19.496100023388863
1350,0022_0,anms_4d,523,330,0.6309751434034416,0.5831739961759083,0.97131931166348,0.21505137095526983,0.253482415579125,0.253482415579125,8.551200036890805,21.882400033064187
1351,0022_0,grid_round_robin,1012,712,0.7035573122529645,0.6798418972332015,0.9841897233201581,0.7144022494612244,0.46410240807629805,0.7144022494612244,0.727499951608479,33.59220002312213
1351,0022_0,anms_4d,1012,692,0.6837944664031621,0.6640316205533597,0.983201581027668,0.7165896550321431,0.4645567254108428,0.7165896550321431,21.958099969197065,35.64560000086203
1352,0022_0,grid_round_robin,355,205,0.5774647887323944,0.5943661971830986,0.9774647887323944,0.7641715559312314,5.400210260752702,5.400210260752702,0.33380003878846765,29.115599987562746
1352,0022_0,anms_4d,355,205,0.5774647887323944,0.5887323943661972,0.9690140845070423,0.9093916804987162,6.8642098612026,6.8642098612026,5.389600002672523,25.439399993047118
1353,0022_0,grid_round_robin,972,727,0.7479423868312757,0.7335390946502057,0.9804526748971193,0.15261138008152425,1.4166938330822845,1.4166938330822845,0.7474999874830246,35.70539999054745
1353,0022_0,anms_4d,972,710,0.7304526748971193,0.7170781893004116,0.9732510288065843,0.14791079318644845,1.4084077354514806,1.4084077354514806,20.040799980051816,38.295599981211126
1354,0022_0,grid_round_robin,890,662,0.7438202247191011,0.7382022471910112,0.9752808988764045,0.8101032374488951,88.377437586928,88.377437586928,0.6460999720729887,43.02889999235049
1354,0022_0,anms_4d,890,652,0.7325842696629213,0.7224719101123596,0.9730337078651685,0.16691123121233567,3.826814571841231,3.826814571841231,17.840699991211295,34.14219996193424
1355,0022_0,grid_round_robin,726,549,0.756198347107438,0.6749311294765841,0.987603305785124,1.0736160883175518,1.0845820300991522,1.0845820300991522,0.555399979930371,15.435900015290827
1355,0022_0,anms_4d,726,540,0.743801652892562,0.6639118457300276,0.987603305785124,1.477482897843283,1.4534003732603786,1.477482897843283,14.69759998144582,13.89160001417622
1356,0022_0,grid_round_robin,587,368,0.626916524701874,0.555366269165247,0.9642248722316865,0.46827453888818116,0.8806828582594536,0.8806828582594536,0.47610001638531685,26.460999972186983
1356,0022_0,anms_4d,587,370,0.6303236797274276,0.5570698466780238,0.959114139693356,0.42610993322602253,0.8392242530442641,0.8392242530442641,10.084100009407848,27.592199970968068
1357,0022_0,grid_round_robin,642,425,0.661993769470405,0.5031152647975078,0.8925233644859814,3.194988586479166,12.259921911916535,12.259921911916535,0.5366999539546669,28.762900037690997
1357,0022_0,anms_4d,642,416,0.6479750778816199,0.4984423676012461,0.8878504672897196,3.1464627003459698,12.058738087304603,12.058738087304603,11.528100003488362,32.13499998673797
1358,0022_0,grid_round_robin,681,474,0.6960352422907489,0.7019089574155654,0.973568281938326,0.3900906192047724,0.11473156272261299,0.3900906192047724,0.5321999778971076,21.483800024725497
1358,0022_0,anms_4d,681,457,0.671071953010279,0.6769456681350955,0.9676945668135095,0.421401298556051,0.20515158632243885,0.421401298556051,13.266900030430406,27.709799993317574
1359,0022_0,grid_round_robin,319,201,0.6300940438871473,0.5705329153605015,0.9122257053291536,0.6620921155138627,0.4727336809997271,0.6620921155138627,0.37780002458021045,20.930899947416037
1359,0022_0,anms_4d,319,200,0.6269592476489029,0.5705329153605015,0.9122257053291536,0.6827558201018534,0.4879792035700399,0.6827558201018534,4.485799989197403,19.13319999584928
1360,0022_0,grid_round_robin,423,288,0.6808510638297872,0.6122931442080378,0.9527186761229315,0.5869952722015634,7.667235332665968,7.667235332665968,0.4064000095240772,14.157199999317527
1360,0022_0,anms_4d,423,281,0.6643026004728132,0.5957446808510638,0.9527186761229315,0.5380046346062913,7.537215208459695,7.537215208459695,6.284500006586313,22.463099972810596
1361,0022_0,grid_round_robin,944,770,0.815677966101695,0.8167372881355932,0.9438559322033898,0.07403374081199442,23.972492705898883,23.972492705898883,0.7473000441677868,37.226100044790655
1361,0022_0,anms_4d,944,766,0.8114406779661016,0.8199152542372882,0.9459745762711864,0.08432639289941217,26.9177674378424,26.9177674378424,18.75729998573661,31.11390001140535
1362,0022_0,grid_round_robin,904,675,0.7466814159292036,0.7323008849557522,0.9933628318584071,1.2651269972437014,3.6053546390952182,3.6053546390952182,0.7252000505104661,40.368800051510334
1362,0022_0,anms_4d,904,670,0.7411504424778761,0.7300884955752213,0.9911504424778761,1.00780891176924,2.8919352118188475,2.8919352118188475,20.259200013242662,44.31010002736002
1363,0022_0,grid_round_robin,1275,945,0.7411764705882353,0.6909803921568628,0.9913725490196078,2.4462769364761217,10.8255448122218,10.8255448122218,1.0200999677181244,42.74529998656362
1363,0022_0,anms_4d,1275,908,0.712156862745098,0.6752941176470588,0.9905882352941177,2.2589261004109433,10.210040232993883,10.210040232993883,30.427300021983683,31.462799990549684
1364,0022_0,grid_round_robin,856,663,0.7745327102803738,0.7488317757009346,0.9941588785046729,0.09993389578035707,1.3783130035708697,1.3783130035708697,0.6283000111579895,33.419900049921125
1364,0022_0,anms_4d,856,653,0.7628504672897196,0.7371495327102804,0.9941588785046729,0.08981328067862852,1.246347305362816,1.246347305362816,17.35380000900477,36.58679994987324
1365,0022_0,grid_round_robin,422,261,0.6184834123222749,0.5758293838862559,0.9739336492890995,2.2385303123036997,3.1186584280155283,3.1186584280155283,0.4802999901585281,21.383200015407056
1365,0022_0,anms_4d,422,264,0.6255924170616114,0.5758293838862559,0.976303317535545,1.4006776670867445,3.451925642402163,3.451925642402163,6.384500011336058,20.024499972350895
1366,0022_0,grid_round_robin,591,346,0.5854483925549916,0.49915397631133673,0.8358714043993232,1.059507953817334,2.64843571050799,2.64843571050799,0.5967000033706427,38.67310000350699
1366,0022_0,anms_4d,591,342,0.5786802030456852,0.4890016920473773,0.8274111675126904,0.8082036132356418,1.9046494008590087,1.9046494008590087,10.48820000141859,37.00750001007691
1367,0022_0,grid_round_robin,168,114,0.6785714285714286,0.6488095238095238,0.9642857142857143,1.438246038355823,69.78817687931722,69.78817687931722,0.24699995992705226,10.523399978410453
1367,0022_0,anms_4d,168,107,0.6369047619047619,0.6369047619047619,0.9464285714285714,2.867867731283616,76.39727510983663,76.39727510983663,2.3385000531561673,10.464000049978495
1368,0022_0,grid_round_robin,508,323,0.6358267716535433,0.6377952755905512,0.9488188976377953,0.4689108525334127,3.4364064333132665,3.4364064333132665,0.5520000122487545,26.069499959703535
1368,0022_0,anms_4d,508,319,0.6279527559055118,0.6122047244094488,0.9409448818897638,0.4322474324352193,3.259516934278387,3.259516934278387,8.190600026864558,27.391099953092635
1369,0022_0,grid_round_robin,666,454,0.6816816816816816,0.6861861861861862,0.978978978978979,0.513183897835308,1.8571448740273584,1.8571448740273584,0.5240999744273722,23.404199979268014
1369,0022_0,anms_4d,666,447,0.6711711711711712,0.6771771771771772,0.9744744744744744,0.556045762724358,1.9833437947206811,1.9833437947206811,12.0009999955073,25.592799996957183
1370,0022_0,grid_round_robin,624,445,0.7131410256410257,0.6730769230769231,0.9743589743589743,0.41211625400123314,1.465537686518326,1.465537686518326,0.5500999977812171,22.08749996498227
1370,0022_0,anms_4d,624,435,0.6971153846153846,0.6538461538461539,0.9727564102564102,0.47915988134887405,1.6536316409279013,1.6536316409279013,10.95640001585707,16.96000003721565
1371,0022_0,grid_round_robin,616,416,0.6753246753246753,0.650974025974026,0.9448051948051948,0.2328907174654108,1.6372664723167212,1.6372664723167212,0.48430002061650157,35.142699955031276
1371,0022_0,anms_4d,616,402,0.6525974025974026,0.637987012987013,0.9383116883116883,0.2866906017079142,2.059817784059167,2.059817784059167,10.776800045277923,36.340200051199645
1372,0022_0,grid_round_robin,934,670,0.7173447537473233,0.7066381156316917,0.9925053533190579,0.1780581472891273,0.7734023910507729,0.7734023910507729,0.716000038664788,40.57779995491728
1372,0022_0,anms_4d,934,659,0.7055674518201285,0.6948608137044968,0.9925053533190579,0.11609518341906583,0.4995207367088674,0.4995207367088674,19.621799991000444,27.21859997836873
1373,0022_0,grid_round_robin,757,539,0.7120211360634082,0.7225891677675033,0.9894319682959049,0.7745402083433335,19.35259306661704,19.35259306661704,0.5796999903395772,28.000199992675334
1373,0022_0,anms_4d,757,535,0.7067371202113606,0.7186261558784677,0.988110964332893,0.7914211561744291,20.7992666192949,20.7992666192949,14.09170002443716,22.2580999834463
1374,0022_0,grid_round_robin,531,358,0.6741996233521658,0.559322033898305,0.9585687382297552,1.088314057695062,0.7614652967978618,1.088314057695062,0.5737000028602779,18.18539999658242
1374,0022_0,anms_4d,531,338,0.6365348399246704,0.544256120527307,0.9566854990583804,1.5282236016539663,1.0853357614589874,1.5282236016539663,9.260800026822835,24.091799976304173
1375,0022_0,grid_round_robin,618,497,0.8042071197411004,0.8009708737864077,0.9919093851132686,0.01823159518763902,0.07667454078174529,0.07667454078174529,0.5674000130966306,18.627399986144155
1375,0022_0,anms_4d,618,490,0.7928802588996764,0.7928802588996764,0.9919093851132686,0.05327828855801469,0.3435841227632499,0.3435841227632499,10.390000010374933,21.730099979322404
1376,0022_0,grid_round_robin,758,556,0.7335092348284961,0.6978891820580475,0.996042216358839,0.495347191376484,1.6921824532194407,1.6921824532194407,0.7451000274159014,35.643699986394495
1376,0022_0,anms_4d,758,541,0.7137203166226913,0.6767810026385225,0.9894459102902374,0.2597564931363086,0.2718621564178742,0.2718621564178742,14.921800000593066,32.77180000441149
1377,0022_0,grid_round_robin,1255,885,0.7051792828685259,0.6892430278884463,0.9840637450199203,0.2047741123735116,1.62537277859224,1.62537277859224,0.8432999602518976,24.782399996183813
1377,0022_0,anms_4d,1255,863,0.6876494023904383,0.6741035856573705,0.9816733067729083,0.2349410447705457,1.7547507287121624,1.7547507287121624,29.320499976165593,37.664500006940216
1378,0022_0,grid_round_robin,545,378,0.6935779816513762,0.5798165137614679,0.9302752293577982,0.0427819126229571,1.765358789686689,1.765358789686689,0.4542999668046832,14.088399999309331
1378,0022_0,anms_4d,545,374,0.6862385321100918,0.563302752293578,0.9284403669724771,0.0843607092125721,1.8491440702506503,1.8491440702506503,9.299199969973415,20.200799976009876
1379,0022_0,grid_round_robin,1135,799,0.7039647577092512,0.6925110132158591,0.9885462555066079,0.8759359794479935,1.7483467913144786,1.7483467913144786,0.8651000098325312,40.781699994113296
1379,0022_0,anms_4d,1135,808,0.7118942731277533,0.6960352422907489,0.9911894273127754,0.9416859071660003,1.883099995932415,1.883099995932415,25.77569999266416,36.34270001202822
1380,0022_0,grid_round_robin,516,344,0.6666666666666666,0.5833333333333334,0.9651162790697675,0.8832849646754314,2.304555990191019,2.304555990191019,0.44979999074712396,19.576099992264062
1380,0022_0,anms_4d,516,337,0.6531007751937985,0.5775193798449613,0.9554263565891473,0.8920780993304471,2.364051497807695,2.364051497807695,8.211900014430285,28.651600005105138
1381,0022_0,grid_round_robin,352,216,0.6136363636363636,0.6789772727272727,0.9914772727272727,0.5102862122504039,8.54425267145556,8.54425267145556,0.34799997229129076,23.682500002905726
1381,0022_0,anms_4d,352,217,0.6164772727272727,0.6846590909090909,0.9914772727272727,0.4531402563956801,9.715070868234642,9.715070868234642,4.985299950931221,23.798000009264797
1382,0022_0,grid_round_robin,1099,786,0.7151956323930846,0.721565059144677,0.9909008189262967,0.8316277020861238,6.2550317684882275,6.2550317684882275,0.7646000012755394,35.757900041062385
1382,0022_0,anms_4d,1099,768,0.6988171064604186,0.7015468607825296,0.9872611464968153,0.9018731330722203,6.418193991200447,6.418193991200447,23.872199992183596,28.841899998951703
1383,0022_0,grid_round_robin,635,370,0.5826771653543307,0.4204724409448819,0.8992125984251969,2.978960302007384,3.7722611286960723,3.7722611286960723,0.5116999964229763,41.27709998283535
1383,0022_0,anms_4d,635,374,0.5889763779527559,0.4188976377952756,0.8944881889763779,2.0198742897264927,2.5446610510797307,2.5446610510797307,11.24979997985065,41.28289996879175
1384,0022_0,grid_round_robin,314,168,0.535031847133758,0.42356687898089174,0.8853503184713376,1.784744320680428,1.3923156797148668,1.784744320680428,0.32029999420046806,29.88230000482872
1384,0022_0,anms_4d,314,161,0.5127388535031847,0.39490445859872614,0.8789808917197452,1.9188304206903048,1.527904790558583,1.9188304206903048,4.497000016272068,33.60319999046624
1385,0022_0,grid_round_robin,884,544,0.6153846153846154,0.5531674208144797,0.8484162895927602,0.474864141537523,6.920571062373574,6.920571062373574,0.611600000411272,28.025100007653236
1385,0022_0,anms_4d,884,554,0.6266968325791855,0.5441176470588235,0.8427601809954751,0.9646392666132263,9.352638905459782,9.352638905459782,17.751500010490417,52.4730000179261
1386,0022_0,grid_round_robin,674,521,0.7729970326409495,0.5919881305637982,0.9391691394658753,0.5262768570810351,3.305797933091033,3.305797933091033,0.5400000372901559,25.186700047925115
1386,0022_0,anms_4d,674,504,0.7477744807121661,0.5830860534124629,0.9362017804154302,0.564856026960358,2.689421347876478,2.689421347876478,12.025500007439405,20.175299956463277
1387,0022_0,grid_round_robin,516,348,0.6744186046511628,0.627906976744186,0.9593023255813954,0.6388567147849993,11.515153998791403,11.515153998791403,0.47179998364299536,25.83489997778088
1387,0022_0,anms_4d,516,339,0.6569767441860465,0.6143410852713178,0.9631782945736435,0.6377804181221401,11.435107805327025,11.435107805327025,8.216699992772192,25.897399988025427
1388,0022_0,grid_round_robin,484,302,0.6239669421487604,0.5082644628099173,0.9607438016528925,0.8814610035569257,1.0998555754669475,1.0998555754669475,0.39080000715330243,23.414600000251085
1388,0022_0,anms_4d,484,305,0.6301652892561983,0.5082644628099173,0.9586776859504132,0.9917153839212052,1.1984842005131653,1.1984842005131653,7.789800001773983,24.52489995630458
1389,0022_0,grid_round_robin,1026,699,0.6812865497076024,0.6842105263157895,0.9912280701754386,0.2087541891445362,1.7447414444513938,1.7447414444513938,0.7613999769091606,47.67649999121204
1389,0022_0,anms_4d,1026,684,0.6666666666666666,0.672514619883041,0.9883040935672515,0.18525404653903121,1.4723001068871613,1.4723001068871613,21.703600010368973,39.65830005472526
1390,0022_0,grid_round_robin,1003,671,0.6689930209371885,0.6699900299102692,0.9880358923230309,0.3089113807818501,2.1899793679482027,2.1899793679482027,0.7732000085525215,38.58110000146553
1390,0022_0,anms_4d,1003,653,0.6510468594217348,0.6530408773678963,0.9840478564307079,0.31604185575891186,2.216592370802131,2.216592370802131,20.446499984245747,36.65349999209866
1391,0022_0,grid_round_robin,1016,803,0.7903543307086615,0.7962598425196851,0.9901574803149606,0.19270667832991786,1.9628691750461813,1.9628691750461813,0.832199992146343,45.656600035727024
1391,0022_0,anms_4d,1016,791,0.7785433070866141,0.7854330708661418,0.984251968503937,0.1982494205368775,2.0019458794511418,2.0019458794511418,20.96769999479875,38.817399996332824
1392,0022_0,grid_round_robin,796,586,0.7361809045226131,0.6432160804020101,0.9623115577889447,0.6864043673172899,4.6261316053533905,4.6261316053533905,0.6051999516785145,19.559100037440658
1392,0022_0,anms_4d,796,568,0.7135678391959799,0.6180904522613065,0.9597989949748744,0.6994757440474042,4.742995145761824,4.742995145761824,14.71959997434169,21.34420000948012
1393,0022_0,grid_round_robin,1202,880,0.7321131447587355,0.7304492512479202,0.9908485856905158,0.42064922608184224,3.5187011394964176,3.5187011394964176,0.7904000231064856,41.202599997632205
1393,0022_0,anms_4d,1202,853,0.7096505823627288,0.7088186356073212,0.9875207986688852,0.2874513109708597,2.4985124935808107,2.4985124935808107,27.142399980220944,38.36339997360483
1394,0022_0,grid_round_robin,183,125,0.6830601092896175,0.6775956284153005,0.9562841530054644,2.0334950052271785,3.4582522441472,3.4582522441472,0.2820999943651259,7.886799983680248
1394,0022_0,anms_4d,183,132,0.7213114754098361,0.7049180327868853,0.9508196721311475,1.5108256794237707,2.566207954117086,2.566207954117086,2.4185999645851552,6.392000010237098
1395,0022_0,grid_round_robin,594,386,0.6498316498316499,0.5942760942760943,0.9511784511784511,0.21366347129648952,1.2639039061076993,1.2639039061076993,0.4898000042885542,25.264800002332777
1395,0022_0,anms_4d,594,370,0.622895622895623,0.5791245791245792,0.9528619528619529,0.3347787022365215,1.985935563202465,1.985935563202465,11.868500034324825,29.854000022169203
1396,0022_0,grid_round_robin,667,364,0.545727136431784,0.44377811094452774,0.9175412293853074,1.518908752884798,1.9594597685536705,1.9594597685536705,0.5101999850012362,42.92470001382753
1396,0022_0,anms_4d,667,355,0.5322338830584707,0.44227886056971516,0.9130434782608695,1.3835166501916076,1.867489659004317,1.867489659004317,12.127999973017722,40.91650003101677
1397,0022_0,grid_round_robin,256,173,0.67578125,0.5546875,0.9609375,1.285932752056099,1.0914368380056698,1.285932752056099,0.3722999827004969,10.945899994112551
1397,0022_0,anms_4d,256,171,0.66796875,0.55078125,0.953125,1.3639548861283215,1.1505663941956834,1.3639548861283215,3.4779999987222254,11.718900001142174
1398,0022_0,grid_round_robin,928,706,0.7607758620689655,0.7327586206896551,0.9806034482758621,0.5634066689789188,14.979637876741664,14.979637876741664,0.6962000043131411,45.17719999421388
1398,0022_0,anms_4d,928,694,0.7478448275862069,0.7101293103448276,0.9741379310344828,0.515955437203205,13.84583898850715,13.84583898850715,21.49789995746687,29.98890000162646
1399,0022_0,grid_round_robin,330,167,0.5060606060606061,0.42424242424242425,0.7787878787878788,0.6840197219033259,1.4742424168258583,1.4742424168258583,0.3627000260166824,34.483600000385195
1399,0022_0,anms_4d,330,167,0.5060606060606061,0.41818181818181815,0.7909090909090909,1.2796746499903742,2.7934081850999797,2.7934081850999797,4.959600046277046,35.852400003932416
1400,0022_0,grid_round_robin,662,459,0.6933534743202417,0.6737160120845922,0.9894259818731118,0.8428839283154834,2.2827479554606533,2.2827479554606533,0.6012000376358628,31.25739999813959
1400,0022_0,anms_4d,662,449,0.6782477341389728,0.6646525679758308,0.9879154078549849,0.3106314898452137,0.8424619484931913,0.8424619484931913,11.386499973013997,24.752299999818206
1401,0022_0,grid_round_robin,496,328,0.6612903225806451,0.4778225806451613,0.9112903225806451,0.8611435266640003,0.31121695004452016,0.8611435266640003,0.7448000251315534,16.67689997702837
1401,0022_0,anms_4d,496,314,0.6330645161290323,0.45564516129032256,0.907258064516129,1.1576012459239866,0.6581520465793502,1.1576012459239866,7.753999962005764,31.61020000698045
1402,0022_0,grid_round_robin,640,456,0.7125,0.6875,0.9828125,0.05966171292705967,0.03144881148099535,0.05966171292705967,0.5098999827168882,17.91679998859763
1402,0022_0,anms_4d,640,441,0.6890625,0.6671875,0.9765625,0.23444612871123408,0.5651039495941264,0.5651039495941264,17.154300003312528,23.57229997869581
1403,0022_0,grid_round_robin,934,675,0.7226980728051392,0.702355460385439,0.9946466809421841,0.1311708203017371,3.5733752793788462,3.5733752793788462,0.7257999968715012,34.67109997291118
1403,0022_0,anms_4d,934,648,0.6937901498929336,0.6755888650963597,0.987152034261242,0.11822886387911626,3.317905585234699,3.317905585234699,24.69680004287511,47.53630002960563
1404,0022_0,grid_round_robin,359,225,0.6267409470752089,0.6239554317548747,0.9777158774373259,0.40682652173002787,2.9047656007959253,2.9047656007959253,0.4507999983616173,16.636000014841557
1404,0022_0,anms_4d,359,226,0.6295264623955432,0.6183844011142061,0.9693593314763231,1.1601669826022722,2.9692207182647694,2.9692207182647694,5.099000001791865,21.037700003944337
1405,0022_0,grid_round_robin,649,378,0.5824345146379045,0.4345146379044684,0.9445300462249615,0.11053804472484978,0.17693015198529563,0.17693015198529563,0.5582000012509525,39.38880003988743
1405,0022_0,anms_4d,649,376,0.5793528505392912,0.43759630200308164,0.9476117103235747,1.216364706088136,2.240711030442598,2.240711030442598,11.158499983139336,32.21889998530969
1406,0022_0,grid_round_robin,390,277,0.7102564102564103,0.6717948717948717,0.9743589743589743,0.7117025228890065,3.8911604364276657,3.8911604364276657,0.3825000021606684,14.99689999036491
1406,0022_0,anms_4d,390,265,0.6794871794871795,0.6435897435897436,0.9615384615384616,0.6928918512560187,3.8093690507770597,3.8093690507770597,6.081299972720444,18.75129999825731
1407,0022_0,grid_round_robin,645,494,0.765891472868217,0.7550387596899225,0.9906976744186047,0.7705515626951683,10.061041845544544,10.061041845544544,0.5468999734148383,30.144000018481165
1407,0022_0,anms_4d,645,480,0.7441860465116279,0.7348837209302326,0.986046511627907,0.9355774955230931,12.214627828815381,12.214627828815381,12.170599948149174,18.108999996911734
1408,0022_0,grid_round_robin,499,287,0.5751503006012024,0.4749498997995992,0.8336673346693386,1.2620136955805368,1.9693358355471389,1.9693358355471389,0.41799998143687844,34.69380002934486
1408,0022_0,anms_4d,499,285,0.5711422845691383,0.46893787575150303,0.8396793587174348,1.2649505938075447,1.9738531673468696,1.9738531673468696,7.785700028762221,34.922499966342
1409,0022_0,grid_round_robin,669,508,0.7593423019431988,0.7548579970104634,0.9805680119581465,0.4532489758818497,7.067572029219815,7.067572029219815,0.5394000327214599,20.383199967909604
1409,0022_0,anms_4d,669,507,0.757847533632287,0.7443946188340808,0.976083707025411,0.10254356631703496,1.633353695667912,1.633353695667912,11.73869997728616,32.61140000540763
1410,0022_0,grid_round_robin,870,661,0.7597701149425288,0.7241379310344828,0.993103448275862,0.6261637930258793,0.7846431625181166,0.7846431625181166,0.6815999513491988,19.217399996705353
1410,0022_0,anms_4d,870,653,0.7505747126436781,0.7126436781609196,0.9908045977011494,0.5079744584412009,0.6098982123799044,0.6098982123799044,18.034799955785275,15.862200001720339
1411,0022_0,grid_round_robin,258,136,0.5271317829457365,0.5077519379844961,0.875968992248062,6.810813693926749,12.049640828456617,12.049640828456617,0.2794000320136547,27.647300041280687
1411,0022_0,anms_4d,258,133,0.5155038759689923,0.5077519379844961,0.8643410852713178,5.72480752647083,10.69955935985135,10.69955935985135,3.4990000422112644,29.60840001469478
1412,0022_0,grid_round_robin,1277,992,0.7768206734534064,0.7838684416601409,0.9812059514487079,0.07370662382033531,0.9141279345098976,0.9141279345098976,0.9533999837003648,34.837800019886345
1412,0022_0,anms_4d,1277,992,0.7768206734534064,0.7807361002349256,0.9788566953797964,0.11636017125992618,1.4254759110948256,1.4254759110948256,32.261199958156794,36.319300008472055
1413,0022_0,grid_round_robin,770,541,0.7025974025974026,0.6948051948051948,0.9896103896103896,0.8310775230837368,4.209360144740996,4.209360144740996,0.6017999839968979,31.893799954559654
1413,0022_0,anms_4d,770,535,0.6948051948051948,0.6883116883116883,0.9883116883116884,0.8370221622671372,4.244217968367265,4.244217968367265,14.908300014212728,25.246099976357073
1414,0022_0,grid_round_robin,453,313,0.6909492273730684,0.6225165562913907,0.9845474613686535,3.960194078221505,3.2902172313026363,3.960194078221505,0.4408999811857939,14.21900000423193
1414,0022_0,anms_4d,453,312,0.6887417218543046,0.6158940397350994,0.9757174392935982,0.9411499677126303,0.7662028219385636,0.9411499677126303,7.009900000412017,16.449599992483854
1415,0022_0,grid_round_robin,482,357,0.7406639004149378,0.7053941908713693,0.975103734439834,0.47462002613410315,22.721428200521558,22.721428200521558,0.44919998617842793,23.917999991681427
1415,0022_0,anms_4d,482,343,0.7116182572614108,0.6929460580912863,0.970954356846473,0.16789636204403927,8.128396794861818,8.128396794861818,7.954000029712915,22.049499966669828
1416,0022_0,grid_round_robin,1146,897,0.7827225130890052,0.7582897033158813,0.9895287958115183,0.05401427684931236,0.22499105574994038,0.22499105574994038,0.754999986384064,19.76579998154193
1416,0022_0,anms_4d,1146,889,0.7757417102966842,0.7513089005235603,0.9869109947643979,0.0514726858822265,0.21096476898205413,0.21096476898205413,26.408799982164055,30.70900001330301
1417,0022_0,grid_round_robin,455,304,0.6681318681318681,0.643956043956044,0.9802197802197802,0.7296976535459478,2.850262016892775,2.850262016892775,0.45089999912306666,16.67819998692721
1417,0022_0,anms_4d,455,302,0.6637362637362637,0.6285714285714286,0.9736263736263736,0.5151084694741874,1.5052007371464822,1.5052007371464822,6.959000020287931,22.70259999204427
1418,0022_0,grid_round_robin,992,705,0.7106854838709677,0.6804435483870968,0.9112903225806451,0.28032668608617467,3.334116240460182,3.334116240460182,0.7178999949246645,34.3641999643296
1418,0022_0,anms_4d,992,694,0.6995967741935484,0.6643145161290323,0.9002016129032258,0.29263149260614685,3.43161552127102,3.43161552127102,21.254800027236342,36.54789994470775
1419,0022_0,grid_round_robin,543,339,0.6243093922651933,0.5082872928176796,0.856353591160221,2.2521083095768972,37.26340865628803,37.26340865628803,0.5062000127509236,36.525299947243184
1419,0022_0,anms_4d,543,342,0.6298342541436464,0.5064456721915286,0.861878453038674,2.425232549858643,38.2958233522414,38.2958233522414,8.999999961815774,36.55540000181645
1420,0022_0,grid_round_robin,492,362,0.7357723577235772,0.6890243902439024,0.9796747967479674,0.41573506128321536,2.978259165840699,2.978259165840699,0.47450000420212746,20.03270003478974
1420,0022_0,anms_4d,492,341,0.693089430894309,0.6727642276422764,0.9715447154471545,0.13741546375899932,1.0917728483461755,1.0917728483461755,8.692900009918958,19.837500003632158
1421,0022_0,grid_round_robin,641,355,0.5538221528861155,0.5397815912636506,0.9609984399375975,0.5839614440717583,2.0381907649212785,2.0381907649212785,0.5673000123351812,40.98119999980554
1421,0022_0,anms_4d,641,353,0.5507020280811232,0.53198127925117,0.9594383775351014,0.8955979996504654,3.114762024175507,3.114762024175507,10.972899966873229,46.92649998469278
1422,0022_0,grid_round_robin,265,176,0.6641509433962264,0.6981132075471698,0.9924528301886792,2.6426854126996115,20.28902617988057,20.28902617988057,0.34140003845095634,17.701099975965917
1422,0022_0,anms_4d,265,173,0.6528301886792452,0.6792452830188679,0.9849056603773585,3.1615747523138857,23.066665785637692,23.066665785637692,3.6873999633826315,21.937599987722933
1423,0022_0,grid_round_robin,828,576,0.6956521739130435,0.714975845410628,0.9939613526570048,0.15613313993705422,2.158382961791864,2.158382961791864,0.6884000031277537,40.77670001424849
1423,0022_0,anms_4d,828,562,0.678743961352657,0.7004830917874396,0.9855072463768116,0.23228461992454583,3.300619467272886,3.300619467272886,16.396500053815544,31.033100036438555
1424,0022_0,grid_round_robin,664,457,0.6882530120481928,0.6792168674698795,0.9683734939759037,0.574130898127899,21.294043888993084,21.294043888993084,0.5445000133477151,46.798700001090765
1424,0022_0,anms_4d,664,451,0.6792168674698795,0.6641566265060241,0.9608433734939759,0.21070716535683134,8.693242125315424,8.693242125315424,11.383000004570931,32.16679999604821
1425,0022_0,grid_round_robin,240,143,0.5958333333333333,0.5625,0.9291666666666667,1.0755947010341143,1.1569016707334279,1.1569016707334279,0.36020000698044896,13.634999981150031
1425,0022_0,anms_4d,240,141,0.5875,0.5458333333333333,0.9166666666666666,2.269675703927359,2.4149694383323257,2.4149694383323257,3.4561000065878034,17.613800009712577
1426,0022_0,grid_round_robin,416,285,0.6850961538461539,0.6682692307692307,0.9783653846153846,0.2011340382412115,0.3210909520521332,0.3210909520521332,0.5441000103019178,14.486200001556426
1426,0022_0,anms_4d,416,284,0.6826923076923077,0.6658653846153846,0.9711538461538461,0.3470945270022409,0.5356286409614551,0.5356286409614551,6.5382999600842595,19.941599981393665
1427,0022_0,grid_round_robin,1368,934,0.6827485380116959,0.6630116959064327,0.9656432748538012,2.649235078052791,15.928235635647518,15.928235635647518,0.9509000228717923,45.897699950728565
1427,0022_0,anms_4d,1368,917,0.6703216374269005,0.6578947368421053,0.9641812865497076,2.534379250171217,15.315721988506938,15.315721988506938,33.877499983645976,57.54959996556863
1428,0022_0,grid_round_robin,984,708,0.7195121951219512,0.6961382113821138,0.9908536585365854,0.5131444697303027,3.771511372996087,3.771511372996087,0.7203000131994486,32.702800002880394
1428,0022_0,anms_4d,984,689,0.7002032520325203,0.6829268292682927,0.9867886178861789,0.5158246465829394,4.321859509659518,4.321859509659518,26.146800024434924,33.57319999486208
1429,0022_0,grid_round_robin,696,472,0.6781609195402298,0.6609195402298851,0.9712643678160919,0.260664371485314,0.7277164635070157,0.7277164635070157,0.5825999542139471,20.343600015621632
1429,0022_0,anms_4d,696,465,0.6681034482758621,0.6508620689655172,0.9683908045977011,0.2551475462852629,0.7127273716387166,0.7127273716387166,13.166799966711551,25.32519999658689
1430,0022_0,grid_round_robin,614,420,0.6840390879478827,0.6433224755700325,0.9869706840390879,1.3360615029902856,11.504155049424103,11.504155049424103,0.5068000173196197,33.46810000948608
1430,0022_0,anms_4d,614,420,0.6840390879478827,0.6319218241042345,0.9820846905537459,0.6301613696296878,6.435046091351689,6.435046091351689,10.801099997479469,21.682799968402833
1431,0022_0,grid_round_robin,416,319,0.7668269230769231,0.7451923076923077,0.9855769230769231,0.1921768513945076,23.860803439978604,23.860803439978604,0.46199996722862124,17.29789999080822
1431,0022_0,anms_4d,416,319,0.7668269230769231,0.7331730769230769,0.9759615384615384,0.19906539210199797,24.764983895026763,24.764983895026763,6.224400014616549,14.268200029619038
1432,0022_0,grid_round_robin,728,499,0.6854395604395604,0.5892857142857143,0.9052197802197802,0.9313052850628611,16.62021792496554,16.62021792496554,0.5839999648742378,36.44930000882596
1432,0022_0,anms_4d,728,497,0.6826923076923077,0.5837912087912088,0.907967032967033,1.2040743461556704,21.602871195592694,21.602871195592694,13.576700002886355,25.26120003312826
1433,0022_0,grid_round_robin,877,629,0.7172177879133409,0.7035347776510832,0.9851767388825542,0.6537580444372091,9.047513306889874,9.047513306889874,0.6163999787531793,33.92859996529296
1433,0022_0,anms_4d,877,621,0.7080957810718358,0.6955530216647663,0.9783352337514253,0.6714825585055837,9.265951130740454,9.265951130740454,17.426400037948042,25.23170004133135
1434,0022_0,grid_round_robin,760,594,0.781578947368421,0.7605263157894737,0.9907894736842106,0.3621237287762488,13.950924684158723,13.950924684158723,0.5585999460890889,31.02920000674203
1434,0022_0,anms_4d,760,581,0.7644736842105263,0.7552631578947369,0.9907894736842106,0.3794258645957301,14.997769741868098,14.997769741868098,14.015000022482127,40.804299991577864
1435,0022_0,grid_round_robin,725,520,0.7172413793103448,0.7006896551724138,0.9972413793103448,0.4204600111580847,5.047239130738811,5.047239130738811,0.7435999577865005,26.672400010284036
1435,0022_0,anms_4d,725,508,0.7006896551724138,0.6868965517241379,0.9972413793103448,0.3330392813678804,4.1061521486538615,4.1061521486538615,13.016299984883517,22.047400008887053
1436,0022_0,grid_round_robin,492,300,0.6097560975609756,0.5691056910569106,0.9166666666666666,3.380752385808111,11.177162335642548,11.177162335642548,0.5300000193528831,33.542899996973574
1436,0022_0,anms_4d,492,296,0.6016260162601627,0.5589430894308943,0.9085365853658537,3.865318960725361,12.646329693999627,12.646329693999627,7.652700005564839,34.142900025472045
1437,0022_0,grid_round_robin,659,470,0.7132018209408194,0.5918057663125948,0.8619119878603946,0.8773870535238633,4.5208141679890055,4.5208141679890055,0.5102999857626855,24.66439997078851
1437,0022_0,anms_4d,659,467,0.708649468892261,0.5978755690440061,0.858877086494689,0.8721857679011339,4.5176904794839565,4.5176904794839565,11.833399999886751,28.207600000314415
1438,0022_0,grid_round_robin,489,307,0.6278118609406953,0.623721881390593,0.967280163599182,0.35300929876551096,0.5202781850468714,0.5202781850468714,0.4293000092729926,21.64170000469312
1438,0022_0,anms_4d,489,297,0.6073619631901841,0.6073619631901841,0.9570552147239264,0.5268897984093918,0.7971448702420827,0.7971448702420827,7.539800019003451,25.60639998409897
1439,0022_0,grid_round_robin,717,500,0.697350069735007,0.705718270571827,0.9888423988842399,0.5005616198655538,5.547791889883045,5.547791889883045,0.6281000096350908,20.605000026989728
1439,0022_0,anms_4d,717,485,0.6764295676429568,0.698744769874477,0.9888423988842399,0.7826472161663718,7.520702535776249,7.520702535776249,12.665299989748746,27.141000027768314
1440,0022_0,grid_round_robin,585,439,0.7504273504273504,0.7350427350427351,0.9709401709401709,0.34981395237527996,1.9226728593140245,1.9226728593140245,1.0710000060498714,12.343899987172335
1440,0022_0,anms_4d,585,435,0.7435897435897436,0.7196581196581197,0.9692307692307692,0.3693411940923724,1.979712610882355,1.979712610882355,10.51639998331666,11.314200004562736
1441,0022_0,grid_round_robin,485,303,0.6247422680412371,0.46804123711340206,0.8618556701030928,0.863377154531079,10.503896866883242,10.503896866883242,0.42990001384168863,18.7389999628067
1441,0022_0,anms_4d,485,300,0.6185567010309279,0.4618556701030928,0.8556701030927835,0.9491679507303354,11.155709901810264,11.155709901810264,7.518799975514412,20.6212000339292
1442,0022_0,grid_round_robin,979,740,0.7558733401430031,0.7538304392236976,0.9908069458631257,0.06493980532889966,0.1642304153784917,0.1642304153784917,0.748499995097518,31.774000031873584
1442,0022_0,anms_4d,979,740,0.7558733401430031,0.7507660878447395,0.9867211440245148,0.07388734570219288,0.33431016363806226,0.33431016363806226,20.365800010040402,40.26270000031218
1443,0022_0,grid_round_robin,281,166,0.5907473309608541,0.5338078291814946,0.9572953736654805,2.492369518284366,5.171978809070215,5.171978809070215,0.2964000450447202,16.060299996752292
1443,0022_0,anms_4d,281,157,0.5587188612099644,0.5231316725978647,0.9430604982206405,1.4802700329956204,3.2006247558661722,3.2006247558661722,5.859399971086532,21.51569997658953
1444,0022_0,grid_round_robin,972,729,0.75,0.7181069958847737,0.9917695473251029,1.9384488108149474,3.50311362901778,3.50311362901778,0.9098000009544194,22.52060000319034
1444,0022_0,anms_4d,972,713,0.7335390946502057,0.6975308641975309,0.9897119341563786,1.898474273538507,3.424781340608147,3.424781340608147,19.55720002297312,25.693600007798523
1445,0022_0,grid_round_robin,1123,756,0.6731967943009796,0.6001780943900267,0.93766696349065,0.9365826853556505,19.911388394552937,19.911388394552937,0.8055000216700137,56.27100000856444
1445,0022_0,anms_4d,1123,740,0.6589492430988424,0.5886019590382903,0.9358860195903829,1.0757992146405964,22.556969702023046,22.556969702023046,24.7281999909319,49.99950004275888
1446,0022_0,grid_round_robin,466,312,0.6695278969957081,0.4892703862660944,0.9313304721030042,0.7236145760642207,0.6217496797211436,0.7236145760642207,0.3963999915868044,18.310199957340956
1446,0022_0,anms_4d,466,300,0.6437768240343348,0.48497854077253216,0.9291845493562232,0.7202777918491577,0.7906265670628152,0.7906265670628152,7.112399965990335,17.25759997498244
1447,0022_0,grid_round_robin,1300,845,0.65,0.6307692307692307,0.9553846153846154,0.6603273494632101,1.8198117147347408,1.8198117147347408,0.8755000308156013,48.83929999778047
1447,0022_0,anms_4d,1300,837,0.6438461538461538,0.6223076923076923,0.953076923076923,0.6625706567827685,1.8082105588861965,1.8082105588861965,31.466699962038547,42.1648999908939
1448,0022_0,grid_round_robin,860,592,0.6883720930232559,0.6790697674418604,0.9953488372093023,0.8191495890463875,4.167350081949959,4.167350081949959,0.6155999726615846,22.421700006816536
1448,0022_0,anms_4d,860,586,0.6813953488372093,0.6732558139534883,0.9918604651162791,0.4937747920489405,2.5903092386724063,2.5903092386724063,17.751700012013316,42.32090001460165
1449,0022_0,grid_round_robin,868,610,0.7027649769585254,0.6797235023041475,0.9723502304147466,0.8612604252173934,1.1184609866323059,1.1184609866323059,0.6659000064246356,22.774500015657395
1449,0022_0,anms_4d,868,610,0.7027649769585254,0.6728110599078341,0.9746543778801844,1.1052560197176953,1.4601682522913884,1.4601682522913884,17.071499954909086,23.465200036298484
1450,0022_0,grid_round_robin,667,497,0.7451274362818591,0.7286356821589205,0.9775112443778111,0.19026818190856193,2.156778707100159,2.156778707100159,0.7909000269137323,27.030099998228252
1450,0022_0,anms_4d,667,494,0.7406296851574213,0.7271364317841079,0.9730134932533733,0.14808512467265386,1.724708843004601,1.724708843004601,11.647899984382093,27.571999991778284
1451,0022_0,grid_round_robin,575,389,0.6765217391304348,0.5408695652173913,0.9356521739130435,1.2079062747735743,1.4196756485786794,1.4196756485786794,0.532899983227253,16.28729997901246
1451,0022_0,anms_4d,575,378,0.6573913043478261,0.5339130434782609,0.928695652173913,1.1320276307711243,1.2177081127874727,1.2177081127874727,10.218400042504072,18.584500008728355
1452,0022_0,grid_round_robin,447,280,0.6263982102908278,0.46756152125279643,0.9507829977628636,1.0186226685941988,11.196767915132229,11.196767915132229,0.43590000132098794,23.05540000088513
1452,0022_0,anms_4d,447,274,0.6129753914988815,0.4697986577181208,0.9463087248322147,0.7983015450564744,10.067838153919793,10.067838153919793,6.687699991744012,23.770399973727763
1453,0022_0,grid_round_robin,402,244,0.6069651741293532,0.5099502487562189,0.9079601990049752,3.449297978911599,4.177864660007322,4.177864660007322,0.3856000257655978,37.8535000490956
1453,0022_0,anms_4d,402,240,0.5970149253731343,0.4900497512437811,0.9054726368159204,3.4640825225510663,4.193311194643298,4.193311194643298,8.279499947093427,23.99300003889948
1454,0022_0,grid_round_robin,383,254,0.6631853785900783,0.5744125326370757,0.9451697127937336,2.966772888760654,2.7948476436455283,2.966772888760654,0.5475000361911952,17.212299979291856
1454,0022_0,anms_4d,383,252,0.6579634464751958,0.5822454308093995,0.9373368146214099,2.9068019566904653,2.75831811995559,2.9068019566904653,5.555199983064085,14.55979997990653
1455,0022_0,grid_round_robin,592,376,0.6351351351351351,0.5337837837837838,0.8665540540540541,1.3988159338905637,16.171040955484514,16.171040955484514,0.5037999944761395,29.65719997882843
1455,0022_0,anms_4d,592,371,0.6266891891891891,0.5287162162162162,0.8716216216216216,1.4084992192760533,16.278714341918388,16.278714341918388,9.825399960391223,39.434899983461946
1456,0022_0,grid_round_robin,478,293,0.6129707112970711,0.5627615062761506,0.9225941422594143,0.27515970365960446,0.23727628433218662,0.27515970365960446,0.40419999277219176,25.918599974829704
1456,0022_0,anms_4d,478,294,0.6150627615062761,0.5627615062761506,0.9205020920502092,0.17352808746800716,0.11847476915286693,0.17352808746800716,7.3367999866604805,26.638099981937557
1457,0022_0,grid_round_robin,828,577,0.6968599033816425,0.6099033816425121,0.8466183574879227,0.5226914550034502,32.499976937249755,32.499976937249755,0.5822000093758106,37.96310001052916
1457,0022_0,anms_4d,828,563,0.6799516908212561,0.6002415458937198,0.8381642512077294,0.5442592685314654,33.496429692515456,33.496429692515456,16.346100019291043,31.584100041072816
1458,0022_0,grid_round_robin,1014,743,0.7327416173570019,0.727810650887574,0.9940828402366864,0.4526892472695065,1.6996864639091156,1.6996864639091156,0.7864999934099615,33.090999990236014
1458,0022_0,anms_4d,1014,731,0.7209072978303748,0.7189349112426036,0.9930966469428008,0.48078220982132364,1.81778332822287,1.81778332822287,21.3083999697119,33.88900001300499
1459,0022_0,grid_round_robin,754,509,0.6750663129973474,0.5013262599469496,0.9257294429708223,0.9288634048211318,24.07435744709719,24.07435744709719,0.6355000077746809,39.72180001437664
1459,0022_0,anms_4d,754,514,0.6816976127320955,0.4973474801061008,0.9230769230769231,0.8342744951705089,17.5839987388558,17.5839987388558,13.87090003117919,42.70690004341304
1460,0022_0,grid_round_robin,866,688,0.7944572748267898,0.8083140877598153,0.9803695150115473,0.11029407621758745,24.08874053830866,24.08874053830866,0.638800032902509,41.21119994670153
1460,0022_0,anms_4d,866,679,0.7840646651270208,0.7956120092378753,0.9780600461893765,0.023360494891339928,52.383321952440454,52.383321952440454,19.494299951475114,32.19510003691539
1461,0022_0,grid_round_robin,414,260,0.6280193236714976,0.6328502415458938,0.9879227053140096,1.2582934901078708,2.713096609688759,2.713096609688759,0.5178999854251742,25.429099972825497
1461,0022_0,anms_4d,414,258,0.6231884057971014,0.6328502415458938,0.9855072463768116,1.3891905015694805,3.1759445049766444,3.1759445049766444,6.041400018148124,22.534499992616475
1462,0022_0,grid_round_robin,404,262,0.6485148514851485,0.6163366336633663,0.943069306930693,0.5444507419186482,2.547118370187788,2.547118370187788,0.3573000431060791,25.999599951319396
1462,0022_0,anms_4d,404,254,0.6287128712871287,0.6039603960396039,0.9381188118811881,0.6944123975409334,3.2190258745053275,3.2190258745053275,5.985099996905774,22.713400016073138
1463,0022_0,grid_round_robin,978,687,0.7024539877300614,0.6625766871165644,0.9775051124744376,0.11161837174473535,4.776619913126263,4.776619913126263,0.7609999738633633,65.39549998706207
1463,0022_0,anms_4d,978,677,0.6922290388548057,0.6503067484662577,0.9754601226993865,0.08434875446821337,4.7562740593012744,4.7562740593012744,19.96780000627041,52.93970002094284
1464,0022_0,grid_round_robin,1010,689,0.6821782178217822,0.6722772277227723,0.9891089108910891,0.3539172730780498,0.1084714272401195,0.3539172730780498,1.2201000354252756,31.414900033269078
1464,0022_0,anms_4d,1010,665,0.6584158415841584,0.6524752475247525,0.9811881188118812,0.3406678566550184,0.10904859807177546,0.3406678566550184,20.68640000652522,36.82979999575764
1465,0022_0,grid_round_robin,870,583,0.6701149425287356,0.6310344827586207,0.9333333333333333,0.6523377888708022,11.16798096377003,11.16798096377003,0.6543999770656228,43.23609999846667
1465,0022_0,anms_4d,870,565,0.6494252873563219,0.6103448275862069,0.9298850574712644,0.5975385011324069,10.222655452887867,10.222655452887867,23.443699989002198,54.2591999983415
1466,0022_0,grid_round_robin,336,204,0.6071428571428571,0.6130952380952381,0.9672619047619048,0.6058913123326954,10.821855198046897,10.821855198046897,0.34440000308677554,21.023400011472404
1466,0022_0,anms_4d,336,199,0.5922619047619048,0.5982142857142857,0.9732142857142857,0.8185337319056964,14.528271663046649,14.528271663046649,5.171499971766025,26.037000003270805
1467,0022_0,grid_round_robin,350,203,0.58,0.56,0.9342857142857143,1.0670525001339464,2.75500474827743,2.75500474827743,0.38590002804994583,21.21799997985363
1467,0022_0,anms_4d,350,195,0.5571428571428572,0.5514285714285714,0.9285714285714286,1.26120722444277,2.890619758970332,2.890619758970332,4.989299981389195,25.952099997084588
1468,0022_0,grid_round_robin,542,392,0.7232472324723247,0.7011070110701108,0.9797047970479705,0.7850366846615962,1.3477848783198703,1.3477848783198703,0.44899998465552926,18.58229999197647
1468,0022_0,anms_4d,542,385,0.7103321033210332,0.6881918819188192,0.9797047970479705,0.8013579255456023,1.3715933712492527,1.3715933712492527,9.550300019327551,15.487900003790855
1469,0022_0,grid_round_robin,1400,1071,0.765,0.7635714285714286,0.9828571428571429,0.23120543883790634,2.468677170814088,2.468677170814088,0.9500000160187483,67.55039998097345
1469,0022_0,anms_4d,1400,1047,0.7478571428571429,0.75,0.97,0.2937112496799948,3.193960584672052,3.193960584672052,34.07799999695271,41.10119998222217
1470,0022_0,grid_round_robin,839,611,0.7282479141835518,0.5601907032181168,0.9427890345649583,0.4424000907369551,1.3937361506541883,1.3937361506541883,0.6005999748595059,22.209000017028302
1470,0022_0,anms_4d,839,599,0.7139451728247914,0.5601907032181168,0.9415971394517283,0.3936702320000941,1.3132068305315652,1.3132068305315652,16.627500008326024,23.907800030428916
1471,0022_0,grid_round_robin,850,586,0.6894117647058824,0.5364705882352941,0.9458823529411765,1.5429362690853443,53.85417092073459,53.85417092073459,0.6280000088736415,30.490499979350716
1471,0022_0,anms_4d,850,591,0.6952941176470588,0.5317647058823529,0.9423529411764706,1.5353375563202196,53.884748791804434,53.884748791804434,17.101599951274693,36.95430001243949
1472,0022_0,grid_round_robin,763,509,0.6671035386631717,0.5032765399737876,0.9528178243774574,3.0760968450744666,17.384210479107722,17.384210479107722,0.6887000054121017,34.21300003537908
1472,0022_0,anms_4d,763,502,0.6579292267365662,0.4941022280471822,0.9436435124508519,3.107395110137612,17.476716350110422,17.476716350110422,14.581199968233705,32.21259999554604
1473,0022_0,grid_round_robin,1064,854,0.8026315789473685,0.7875939849624061,0.9981203007518797,1.0872673393188799,7.254690101108648,7.254690101108648,0.7923999801278114,21.0728999809362
1473,0022_0,anms_4d,1064,841,0.7904135338345865,0.7744360902255639,0.9971804511278195,1.1477569311325821,7.676830807993542,7.676830807993542,22.71730004576966,34.90250004688278
1474,0022_0,grid_round_robin,211,152,0.7203791469194313,0.5545023696682464,0.9052132701421801,3.511827466847603,1.7878976189247717,3.511827466847603,0.311399984639138,8.395200013183057
1474,0022_0,anms_4d,211,145,0.6872037914691943,0.5355450236966824,0.8957345971563981,3.26656729340028,1.6499878796976941,3.26656729340028,3.4206000273115933,8.935999998357147
1475,0022_0,grid_round_robin,747,503,0.6733601070950469,0.6720214190093708,0.9919678714859438,0.4798072739569067,3.5139543928717396,3.5139543928717396,0.576100021135062,30.163199990056455
1475,0022_0,anms_4d,747,489,0.6546184738955824,0.6546184738955824,0.9879518072289156,0.47730822768498304,3.624495418636944,3.624495418636944,13.48130003316328,34.23990000737831
1476,0022_0,grid_round_robin,573,353,0.6160558464223386,0.5636998254799301,0.9650959860383944,3.0652138521168513,8.881192309778815,8.881192309778815,0.528500007931143,31.529400032013655
1476,0022_0,anms_4d,573,355,0.6195462478184991,0.5706806282722513,0.956369982547993,3.1852943691641253,9.11779388140863,9.11779388140863,9.73410002188757,26.8122999696061
1477,0022_0,grid_round_robin,527,332,0.6299810246679317,0.5768500948766604,0.9430740037950665,0.24172261219272204,0.7642770162275169,0.7642770162275169,0.4479999770410359,27.477099967654794
1477,0022_0,anms_4d,527,328,0.6223908918406073,0.5768500948766604,0.9411764705882353,0.16458925410888792,0.5248701780646065,0.5248701780646065,8.353900047950447,23.78010004758835
1478,0022_0,grid_round_robin,727,523,0.71939477303989,0.7166437414030261,0.9958734525447043,0.3926068925374158,2.6189072923683265,2.6189072923683265,0.5693999701179564,31.047599972225726
1478,0022_0,anms_4d,727,509,0.7001375515818432,0.6973865199449794,0.9931224209078404,0.46657848707837896,3.1325145505944043,3.1325145505944043,13.07960000121966,21.95449999999255
1479,0022_0,grid_round_robin,779,635,0.8151476251604621,0.7458279845956355,0.938382541720154,0.9230719822843128,7.10847520903293,7.10847520903293,0.5657000001519918,25.45409998856485
1479,0022_0,anms_4d,779,623,0.7997432605905006,0.7329910141206675,0.9332477535301669,0.8511866101330903,6.49649914372948,6.49649914372948,15.769799996633083,20.538899989333004
1480,0022_0,grid_round_robin,947,666,0.7032734952481521,0.6789862724392819,0.9841605068637803,0.027707521002532307,0.48965028397051863,0.48965028397051863,0.6717999931424856,40.97859998000786
1480,0022_0,anms_4d,947,653,0.689545934530095,0.6631467793030623,0.9788806758183738,0.0517906016187262,0.16901657662124617,0.16901657662124617,22.34269998734817,41.22089996235445
1481,0022_0,grid_round_robin,412,277,0.6723300970873787,0.6262135922330098,0.9781553398058253,0.72634019258445,1.8219441728481311,1.8219441728481311,0.46909996308386326,14.608199999202043
1481,0022_0,anms_4d,412,274,0.6650485436893204,0.6140776699029126,0.9781553398058253,0.7239569756976281,1.813251612481512,1.813251612481512,6.463300029281527,17.53490004921332
1482,0022_0,grid_round_robin,809,599,0.7404202719406675,0.7428924598269468,0.9789864029666254,0.06056849162446974,0.944581052712173,0.944581052712173,0.6099999882280827,34.90169998258352
1482,0022_0,anms_4d,809,599,0.7404202719406675,0.7342398022249691,0.9777503090234858,0.1064774432329468,0.7822132901324103,0.7822132901324103,15.238200023304671,26.1873000417836
1483,0022_0,grid_round_robin,865,660,0.7630057803468208,0.761849710982659,0.9838150289017341,0.45956943367348096,33.06063562346271,33.06063562346271,0.6396000389941037,27.42150000995025
1483,0022_0,anms_4d,865,643,0.7433526011560694,0.7398843930635838,0.9780346820809248,0.4111973254529334,30.227869165491935,30.227869165491935,21.217500034254044,26.203999994322658
1484,0022_0,grid_round_robin,324,189,0.5833333333333334,0.5123456790123457,0.9598765432098766,0.8390770189529931,24.818641094806196,24.818641094806196,0.39090000791475177,27.118700032588094
1484,0022_0,anms_4d,324,186,0.5740740740740741,0.5030864197530864,0.9660493827160493,0.8443201689636178,25.027911126164096,25.027911126164096,4.894700017757714,35.899799957405776
1485,0022_0,grid_round_robin,636,510,0.8018867924528302,0.7940251572327044,0.9874213836477987,0.2321254077004224,3.8953993872207415,3.8953993872207415,0.5303000216372311,11.944100027903914
1485,0022_0,anms_4d,636,495,0.7783018867924528,0.7783018867924528,0.9858490566037735,0.10354742126815052,1.4382931493451476,1.4382931493451476,14.654400001745671,17.471699975430965
1486,0022_0,grid_round_robin,913,734,0.8039430449069004,0.7995618838992333,0.9912376779846659,0.5368803242397341,7.193872614904847,7.193872614904847,0.6747999577783048,33.8752000243403
1486,0022_0,anms_4d,913,731,0.80065717415115,0.7951807228915663,0.9890470974808324,0.4804638713588588,6.3742061902544265,6.3742061902544265,19.069399975705892,23.10099999886006
1487,0022_0,grid_round_robin,441,266,0.6031746031746031,0.5419501133786848,0.8798185941043084,0.32352925706867736,1.2872804342174682,1.2872804342174682,0.4354999982751906,21.890199976041913
1487,0022_0,anms_4d,441,264,0.5986394557823129,0.5351473922902494,0.8820861678004536,0.26048762062937264,0.9113120337446068,0.9113120337446068,9.025500039570034,31.91199997672811
1488,0022_0,grid_round_robin,528,363,0.6875,0.6287878787878788,0.9450757575757576,0.23503266753752428,1.450338029501644,1.450338029501644,0.45270001282915473,18.658799992408603
1488,0022_0,anms_4d,528,350,0.6628787878787878,0.6117424242424242,0.9356060606060606,0.289539374711361,1.7004883828773436,1.7004883828773436,8.449500019196421,25.451600027736276
1489,0022_0,grid_round_robin,623,419,0.6725521669341894,0.6581059390048154,0.956661316211878,0.11062841711024414,1.5892383627067475,1.5892383627067475,0.46170002315193415,30.468399985693395
1489,0022_0,anms_4d,623,410,0.6581059390048154,0.6420545746388443,0.9454253611556982,0.13041563306889506,1.8355225104560968,1.8355225104560968,10.746399988420308,46.53560003498569
1490,0022_0,grid_round_robin,624,398,0.6378205128205128,0.6025641025641025,0.9615384615384616,0.31471759486565076,1.4953196964080997,1.4953196964080997,0.5549000343307853,29.60979996714741
1490,0022_0,anms_4d,624,396,0.6346153846153846,0.5865384615384616,0.9583333333333334,0.29207978619737746,1.51640871878635,1.51640871878635,10.817800008226186,26.635399961378425
1491,0022_0,grid_round_robin,432,298,0.6898148148148148,0.6851851851851852,0.9560185185185185,0.5012942588794626,2.4777974033611514,2.4777974033611514,0.3952999832108617,16.388499992899597
1491,0022_0,anms_4d,432,292,0.6759259259259259,0.6666666666666666,0.9629629629629629,0.3140485762482067,1.4994743679150562,1.4994743679150562,6.475600006524473,17.43569999234751
1492,0022_0,grid_round_robin,745,508,0.6818791946308724,0.6805369127516778,0.9838926174496644,0.8544297252206657,0.35975380804323664,0.8544297252206657,0.5825000116601586,19.76479997392744
1492,0022_0,anms_4d,745,504,0.676510067114094,0.6738255033557047,0.9812080536912752,0.7825095688120399,0.34639702146023693,0.7825095688120399,13.363900012336671,22.654399974271655
1493,0022_0,grid_round_robin,790,561,0.710126582278481,0.720253164556962,0.9911392405063291,0.046659595774044,0.8418475864689337,0.8418475864689337,0.6843000301159918,18.07109999936074
1493,0022_0,anms_4d,790,558,0.7063291139240506,0.7139240506329114,0.9835443037974684,0.034025276955206754,0.7483260986141906,0.7483260986141906,15.14640002278611,19.591100048273802
1494,0022_0,grid_round_robin,802,623,0.7768079800498753,0.7082294264339152,0.9900249376558603,0.5808876473540111,86.71998719822628,86.71998719822628,0.6271000020205975,25.87489999132231
1494,0022_0,anms_4d,802,626,0.7805486284289277,0.6932668329177057,0.9875311720698254,0.5646244241677048,85.02645991158853,85.02645991158853,15.117400034796447,25.386900000739843
1495,0022_0,grid_round_robin,274,153,0.5583941605839416,0.5656934306569343,0.8978102189781022,0.2698984367975998,0.40576315390368023,0.40576315390368023,0.3085000207647681,23.92040000995621
1495,0022_0,anms_4d,274,150,0.5474452554744526,0.5547445255474452,0.8978102189781022,0.7534141862123199,1.0759504270711675,1.0759504270711675,3.673400031402707,20.092599967028946
1496,0022_0,grid_round_robin,929,656,0.7061356297093649,0.6576964477933261,0.9569429494079655,0.43119330456383287,3.5842832424068436,3.5842832424068436,0.6466999766416848,31.02190000936389
1496,0022_0,anms_4d,929,643,0.6921420882669537,0.6458557588805167,0.9547900968783638,0.4256773012262778,3.554440160512768,3.554440160512768,18.383099988568574,32.84860000712797
1497,0022_0,grid_round_robin,1016,804,0.7913385826771654,0.75,0.9891732283464567,0.07656590896219569,1.2177721257752887,1.2177721257752887,0.6882999441586435,20.758200029376894
1497,0022_0,anms_4d,1016,774,0.7618110236220472,0.7253937007874016,0.985236220472441,0.11151312588486932,1.4829775067743687,1.4829775067743687,22.030399995855987,25.03010001964867
1498,0022_0,grid_round_robin,908,675,0.7433920704845814,0.7455947136563876,0.9570484581497798,0.08876962727224887,1.1941485820934747,1.1941485820934747,0.747899990528822,27.327699994202703
1498,0022_0,anms_4d,908,674,0.7422907488986784,0.7389867841409692,0.9592511013215859,0.17236132127894582,2.4009417220651814,2.4009417220651814,17.749100050423294,26.519900013227016
1499,0022_0,grid_round_robin,681,473,0.6945668135095447,0.5859030837004405,0.933920704845815,0.7740668003256631,1.0470294287100592,1.0470294287100592,0.5589000065810978,22.74709998164326
1499,0022_0,anms_4d,681,455,0.6681350954478708,0.566813509544787,0.9280469897209985,0.9003355451660048,1.177418380549528,1.177418380549528,11.735399952158332,22.365499986335635
