index,scene_id,method,matches,inliers,inlier_ratio,epi_precision_1px,epi_precision_3px,rotation_error_deg,translation_error_deg,pose_error_deg,selection_ms,pose_ms
0,scene0707_00,grid_round_robin,306,169,0.5522875816993464,0.45751633986928103,0.8660130718954249,0.32669410629855283,1.3883477011379821,1.3883477011379821,0.4746000049635768,26.55929996399209
0,scene0707_00,anms_4d,306,166,0.5424836601307189,0.4477124183006536,0.869281045751634,0.3315479399322778,1.4269050051404009,1.4269050051404009,4.8133000382222235,32.529300020541996
1,scene0707_00,grid_round_robin,249,131,0.5261044176706827,0.0642570281124498,0.13253012048192772,1.8231593104382946,2.741406641184767,2.741406641184767,0.4341999883763492,21.82989998254925
1,scene0707_00,anms_4d,249,126,0.5060240963855421,0.0642570281124498,0.13654618473895583,1.7225047283845267,2.8372689677262874,2.8372689677262874,3.263499995227903,25.19479999318719
2,scene0707_00,grid_round_robin,130,80,0.6153846153846154,0.0,0.015384615384615385,3.785055742263338,9.797036388145505,9.797036388145505,0.2682000049389899,11.281899991445243
2,scene0707_00,anms_4d,130,80,0.6153846153846154,0.007692307692307693,0.023076923076923078,3.933657269478121,10.053000226346542,10.053000226346542,1.5986000071279705,10.24380000308156
3,scene0707_00,grid_round_robin,242,143,0.5909090909090909,0.16115702479338842,0.6322314049586777,0.6895876578840873,0.5407681851217974,0.6895876578840873,0.26980001712217927,15.614000032655895
3,scene0707_00,anms_4d,242,138,0.5702479338842975,0.17355371900826447,0.628099173553719,0.7467197613907254,0.5507777059559218,0.7467197613907254,3.232099988963455,17.448100028559566
4,scene0707_00,grid_round_robin,294,169,0.5748299319727891,0.1054421768707483,0.47959183673469385,0.7360173187647531,1.3754113620723032,1.3754113620723032,0.3165999660268426,17.287100024987012
4,scene0707_00,anms_4d,294,165,0.5612244897959183,0.11564625850340136,0.4965986394557823,0.7418232665113318,1.5393050767815735,1.5393050767815735,4.130299959797412,19.651699985843152
5,scene0707_00,grid_round_robin,99,40,0.40404040404040403,0.0707070707070707,0.31313131313131315,4.786421310338441,1.647332224070525,4.786421310338441,0.20130001939833164,19.98689997708425
5,scene0707_00,anms_4d,99,36,0.36363636363636365,0.0707070707070707,0.31313131313131315,8.261809078758258,4.346562127111372,8.261809078758258,1.2051999801769853,17.81940000364557
6,scene0707_00,grid_round_robin,220,120,0.5454545454545454,0.022727272727272728,0.15454545454545454,1.5997046756868671,27.2361098746943,27.2361098746943,0.2894999925047159,18.998899962753057
6,scene0707_00,anms_4d,220,117,0.5318181818181819,0.022727272727272728,0.15454545454545454,1.6487692160244882,27.716105521712958,27.716105521712958,3.0003999709151685,21.386599983088672
7,scene0707_00,grid_round_robin,153,99,0.6470588235294118,0.09803921568627451,0.42483660130718953,2.4954884393887893,0.7393091903331526,2.4954884393887893,0.2568000345490873,8.926100039388984
7,scene0707_00,anms_4d,153,104,0.6797385620915033,0.09803921568627451,0.42483660130718953,5.792743853310963,2.0101959048290023,5.792743853310963,2.57789995521307,8.529999991878867
8,scene0707_00,grid_round_robin,181,142,0.7845303867403315,0.1878453038674033,0.7071823204419889,4.944715991905462,4.835003586238639,4.944715991905462,0.2905000001192093,6.271899968851358
8,scene0707_00,anms_4d,181,130,0.7182320441988951,0.19889502762430938,0.7016574585635359,5.920100565957562,5.511489235200217,5.920100565957562,2.8090999694541097,8.211400010623038
9,scene0707_00,grid_round_robin,177,116,0.655367231638418,0.4632768361581921,0.7570621468926554,1.6109662482568943,0.7184313600335216,1.6109662482568943,0.28709997422993183,9.27350000711158
9,scene0707_00,anms_4d,177,111,0.6271186440677966,0.4576271186440678,0.7570621468926554,1.9049482502399093,1.4239788796687896,1.9049482502399093,2.197400026489049,10.312800004612654
10,scene0707_00,grid_round_robin,347,204,0.5878962536023055,0.1729106628242075,0.6397694524495677,0.8209121093501732,2.232195968267859,2.232195968267859,0.4327999777160585,19.787500030361116
10,scene0707_00,anms_4d,347,206,0.5936599423631124,0.18155619596541786,0.6397694524495677,0.8232557823289413,2.2291845531331203,2.2291845531331203,4.899600055068731,19.554600003175437
11,scene0707_00,grid_round_robin,240,93,0.3875,0.058333333333333334,0.2,1.7338391018248358,6.284681243380357,6.284681243380357,0.26870000874623656,22.510399983730167
11,scene0707_00,anms_4d,240,88,0.36666666666666664,0.0625,0.2,1.723164315207746,5.136393408651547,5.136393408651547,3.784500004258007,22.42580003803596
12,scene0707_00,grid_round_robin,325,145,0.4461538461538462,0.04,0.29846153846153844,1.0052358409140252,0.6906161299532567,1.0052358409140252,0.3524000057950616,28.556800039950758
12,scene0707_00,anms_4d,325,137,0.42153846153846153,0.04,0.2953846153846154,0.9342162684873484,0.37848772766755934,0.9342162684873484,4.498699971009046,27.244299999438226
13,scene0707_00,grid_round_robin,298,179,0.6006711409395973,0.09731543624161074,0.37583892617449666,0.16192700850612965,2.9566489964026617,2.9566489964026617,0.3266999847255647,17.181400035042316
13,scene0707_00,anms_4d,298,177,0.5939597315436241,0.10067114093959731,0.3825503355704698,0.18847885543817575,2.979152659502651,2.979152659502651,4.029000003356487,16.22819999465719
14,scene0707_00,grid_round_robin,231,108,0.4675324675324675,0.1471861471861472,0.5887445887445888,0.43604477374545114,9.738248757001822,9.738248757001822,0.27329998556524515,30.045699968468398
14,scene0707_00,anms_4d,231,96,0.4155844155844156,0.15151515151515152,0.5800865800865801,0.7007885854419534,9.155097328281029,9.155097328281029,3.1824999605305493,28.66740000899881
15,scene0708_00,grid_round_robin,38,13,0.34210526315789475,0.0,0.0,120.04038089722182,48.633419877729146,120.04038089722182,0.18649996491149068,13.911399990320206
15,scene0708_00,anms_4d,38,15,0.39473684210526316,0.0,0.0,127.50920139723497,47.5564719322767,127.50920139723497,0.48450002213940024,14.024000032804906
16,scene0708_00,grid_round_robin,192,53,0.2760416666666667,0.10416666666666667,0.359375,5.718810210221759,11.22570385761496,11.22570385761496,0.25530002312734723,19.84350004931912
16,scene0708_00,anms_4d,192,47,0.24479166666666666,0.10416666666666667,0.3697916666666667,4.2861991442565595,8.164396728186107,8.164396728186107,2.590399992186576,19.114999973680824
17,scene0708_00,grid_round_robin,181,63,0.34806629834254144,0.19337016574585636,0.5082872928176796,1.4951900326043013,1.8595694075772322,1.8595694075772322,0.26480003725737333,20.994700025767088
17,scene0708_00,anms_4d,181,61,0.3370165745856354,0.17679558011049723,0.4972375690607735,0.9355689757381912,0.9605901228127265,0.9605901228127265,2.2731999633833766,21.535900013986975
18,scene0708_00,grid_round_robin,377,178,0.47214854111405835,0.3952254641909814,0.7877984084880637,0.559045936251473,5.0064489059316175,5.0064489059316175,0.354600022546947,30.084199970588088
18,scene0708_00,anms_4d,377,165,0.4376657824933687,0.38726790450928383,0.7771883289124668,0.7951252296463162,6.3668828302193035,6.3668828302193035,5.4418999934569,33.45759998774156
19,scene0708_00,grid_round_robin,235,82,0.34893617021276596,0.17872340425531916,0.46382978723404256,8.592631770334215,37.79902719620795,37.79902719620795,0.39360002847388387,26.11899998737499
19,scene0708_00,anms_4d,235,84,0.3574468085106383,0.17446808510638298,0.451063829787234,9.973294664394025,41.79487993035852,41.79487993035852,3.0494999955408275,27.51179999904707
20,scene0708_00,grid_round_robin,184,75,0.4076086956521739,0.04891304347826087,0.2608695652173913,2.1265444542953507,9.378252801458824,9.378252801458824,0.2694000140763819,24.184800044167787
20,scene0708_00,anms_4d,184,69,0.375,0.04891304347826087,0.24456521739130435,2.131260001461186,9.32599239120413,9.32599239120413,2.3154999944381416,23.325499962083995
21,scene0708_00,grid_round_robin,442,216,0.48868778280542985,0.4117647058823529,0.7669683257918553,1.9670272072247676,74.113953022384,74.113953022384,0.4504999960772693,41.57810000469908
21,scene0708_00,anms_4d,442,215,0.48642533936651583,0.40497737556561086,0.7601809954751131,1.9868369290339882,74.21420742707406,74.21420742707406,7.647000020369887,41.07180004939437
22,scene0708_00,grid_round_robin,378,167,0.4417989417989418,0.1349206349206349,0.42857142857142855,1.2113999000829847,2.4653469215135506,2.4653469215135506,0.4054000019095838,34.651199996005744
22,scene0708_00,anms_4d,378,165,0.4365079365079365,0.13756613756613756,0.43386243386243384,1.2117397855172638,2.4725153327453646,2.4725153327453646,5.5534999701194465,38.089899986516684
23,scene0708_00,grid_round_robin,319,154,0.4827586206896552,0.18808777429467086,0.5047021943573667,0.6417093008574241,4.2038140214000315,4.2038140214000315,0.3350000479258597,38.41050004120916
23,scene0708_00,anms_4d,319,144,0.45141065830721006,0.19435736677115986,0.49216300940438873,0.4169262592172715,1.0184916945457418,1.0184916945457418,4.42989997100085,36.38270002556965
24,scene0708_00,grid_round_robin,402,229,0.5696517412935324,0.4228855721393035,0.8233830845771144,0.7392110071022322,5.563606959087757,5.563606959087757,0.37590001011267304,33.141300023999065
24,scene0708_00,anms_4d,402,223,0.554726368159204,0.417910447761194,0.8258706467661692,0.9173718472291753,6.965307631565058,6.965307631565058,5.9485999518074095,36.45230003166944
25,scene0708_00,grid_round_robin,399,230,0.5764411027568922,0.42857142857142855,0.8295739348370927,1.1941008657116763,9.365372835586804,9.365372835586804,0.37919997703284025,33.10760000022128
25,scene0708_00,anms_4d,399,224,0.5614035087719298,0.42606516290726815,0.8270676691729323,1.1745453801874906,9.31004512489179,9.31004512489179,5.960900045465678,29.90920003503561
26,scene0708_00,grid_round_robin,397,206,0.5188916876574308,0.43828715365239296,0.783375314861461,1.0835467964207122,10.588362138038557,10.588362138038557,0.5637999856844544,52.02509998343885
26,scene0708_00,anms_4d,397,208,0.5239294710327456,0.4256926952141058,0.7884130982367759,1.101012130638848,10.660306617030855,10.660306617030855,5.798900034278631,36.7913999943994
27,scene0708_00,grid_round_robin,450,258,0.5733333333333334,0.36666666666666664,0.7466666666666667,1.4612628464658044,20.866481409692568,20.866481409692568,0.3981000045314431,37.99529996467754
27,scene0708_00,anms_4d,450,244,0.5422222222222223,0.35555555555555557,0.7422222222222222,1.3129026405079285,16.28453615094688,16.28453615094688,6.878100044559687,35.22520000115037
28,scene0708_00,grid_round_robin,328,186,0.5670731707317073,0.3384146341463415,0.7835365853658537,1.3180639577572966,46.399565631411235,46.399565631411235,0.32110000029206276,27.890200028195977
28,scene0708_00,anms_4d,328,182,0.5548780487804879,0.3323170731707317,0.774390243902439,1.2968443943389039,49.928089977628474,49.928089977628474,4.968399996869266,30.16530000604689
29,scene0708_00,grid_round_robin,387,218,0.5633074935400517,0.4728682170542636,0.9018087855297158,2.322351220706847,8.281671580868856,8.281671580868856,0.4262999864295125,30.833400029223412
29,scene0708_00,anms_4d,387,211,0.5452196382428941,0.4496124031007752,0.8863049095607235,2.44779623518622,8.421466541335148,8.421466541335148,7.280999969225377,30.68979998352006
30,scene0709_00,grid_round_robin,226,147,0.6504424778761062,0.40707964601769914,0.7831858407079646,0.887108492964184,4.85461617172964,4.85461617172964,0.4440000047907233,11.624799983110279
30,scene0709_00,anms_4d,226,143,0.6327433628318584,0.4026548672566372,0.7831858407079646,0.8138393407291605,5.260226672991057,5.260226672991057,2.9069000156596303,12.024900002870709
31,scene0709_00,grid_round_robin,388,259,0.6675257731958762,0.14948453608247422,0.5927835051546392,0.9840563515043675,7.3848823093115294,7.3848823093115294,0.38600002881139517,16.03980001527816
31,scene0709_00,anms_4d,388,254,0.654639175257732,0.15206185567010308,0.595360824742268,1.1176629463330146,7.1885878892461506,7.1885878892461506,5.709699995350093,14.747100009117275
32,scene0709_00,grid_round_robin,257,139,0.5408560311284046,0.16731517509727625,0.4591439688715953,1.7513040946385043,8.28604876029292,8.28604876029292,0.3158000181429088,27.02280000085011
32,scene0709_00,anms_4d,257,138,0.5369649805447471,0.16342412451361868,0.46303501945525294,1.7655995984198218,8.323766818115399,8.323766818115399,3.588999970816076,24.81110004009679
33,scene0709_00,grid_round_robin,275,94,0.3418181818181818,0.20363636363636364,0.6,2.8036462601584535,7.313837552471258,7.313837552471258,0.3082000184804201,25.128700013738126
33,scene0709_00,anms_4d,275,83,0.3018181818181818,0.20363636363636364,0.5890909090909091,1.3346469656913127,3.50548397287067,3.50548397287067,3.6909999907948077,24.454300000797957
34,scene0709_00,grid_round_robin,304,144,0.47368421052631576,0.2565789473684211,0.6973684210526315,0.34246530016472065,0.4534031887039361,0.4534031887039361,0.3163000219501555,31.576899986248463
34,scene0709_00,anms_4d,304,143,0.47039473684210525,0.25,0.680921052631579,0.3764646076270338,0.5585497908823914,0.5585497908823914,4.133000038564205,29.678399965632707
35,scene0709_00,grid_round_robin,265,104,0.39245283018867927,0.2,0.5811320754716981,0.551405738424392,1.0466402074322767,1.0466402074322767,0.28799998108297586,26.22880000853911
35,scene0709_00,anms_4d,265,98,0.36981132075471695,0.18867924528301888,0.5849056603773585,0.24129301997583413,0.7436452137867555,0.7436452137867555,4.030899959616363,28.95639999769628
36,scene0709_00,grid_round_robin,85,45,0.5294117647058824,0.08235294117647059,0.24705882352941178,1.3540877669276108,11.284928222457342,11.284928222457342,0.19210000755265355,14.38930002041161
36,scene0709_00,anms_4d,85,39,0.4588235294117647,0.08235294117647059,0.27058823529411763,1.3757805242434917,11.303874109439008,11.303874109439008,0.9951000101864338,17.753500025719404
37,scene0709_00,grid_round_robin,379,200,0.5277044854881267,0.35092348284960423,0.7941952506596306,0.6332507481271384,0.5296743404462346,0.6332507481271384,0.4073000163771212,30.80830001272261
37,scene0709_00,anms_4d,379,198,0.5224274406332454,0.34300791556728233,0.783641160949868,0.6465637506541614,0.5581827224778176,0.6465637506541614,5.4212999530136585,35.729800001718104
38,scene0709_00,grid_round_robin,250,129,0.516,0.3,0.64,0.6075490289795589,0.742390960315732,0.742390960315732,0.3111999831162393,26.491500029806048
38,scene0709_00,anms_4d,250,127,0.508,0.304,0.648,0.768196091780606,1.0052706690811428,1.0052706690811428,7.660999952349812,37.4629000434652
39,scene0709_00,grid_round_robin,228,109,0.4780701754385965,0.25,0.6798245614035088,1.26218246311038,2.7497941318018677,2.7497941318018677,0.2867000293917954,25.299199973233044
39,scene0709_00,anms_4d,228,106,0.4649122807017544,0.2324561403508772,0.6578947368421053,1.1877555768117054,2.6051098700594704,2.6051098700594704,3.195700002834201,27.755799994338304
40,scene0709_00,grid_round_robin,460,254,0.5521739130434783,0.3456521739130435,0.8521739130434782,0.5527204660979375,2.3936706156785235,2.3936706156785235,0.4400999750941992,31.56989999115467
40,scene0709_00,anms_4d,460,247,0.5369565217391304,0.3391304347826087,0.8304347826086956,0.5649537876286171,2.394886285998361,2.394886285998361,7.459299988113344,33.84980000555515
41,scene0709_00,grid_round_robin,277,135,0.48736462093862815,0.2924187725631769,0.8231046931407943,1.0624705267728647,2.1738864203856516,2.1738864203856516,0.31460000900551677,27.86909998394549
41,scene0709_00,anms_4d,277,126,0.4548736462093863,0.2888086642599278,0.8014440433212996,1.0305935064140916,1.998777626217869,1.998777626217869,3.7125999806448817,30.46749997884035
42,scene0709_00,grid_round_robin,693,327,0.47186147186147187,0.3939393939393939,0.8268398268398268,0.7237930343579395,5.887122871201919,5.887122871201919,0.555399979930371,63.85740003315732
42,scene0709_00,anms_4d,693,323,0.4660894660894661,0.37806637806637805,0.810966810966811,0.0,4.298938128722253,4.298938128722253,12.316000007558614,57.73250001948327
43,scene0709_00,grid_round_robin,162,70,0.43209876543209874,0.12345679012345678,0.47530864197530864,2.6937464006500282,6.5269081717182935,6.5269081717182935,0.24500000290572643,21.132699970621616
43,scene0709_00,anms_4d,162,67,0.41358024691358025,0.11728395061728394,0.4691358024691358,1.3608469129863479,2.87214726593274,2.87214726593274,2.0120000117458403,20.989199983887374
44,scene0709_00,grid_round_robin,383,236,0.6161879895561357,0.2741514360313316,0.7780678851174935,0.969683285283182,11.77445194856936,11.77445194856936,0.37699996028095484,19.105600018519908
44,scene0709_00,anms_4d,383,231,0.6031331592689295,0.2819843342036554,0.7754569190600522,0.9641420059596685,11.667141786014309,11.667141786014309,5.584800033830106,21.73199999378994
45,scene0710_00,grid_round_robin,444,231,0.5202702702702703,0.0945945945945946,0.35135135135135137,0.5817638944086283,1.4152384988208881,1.4152384988208881,0.5960999988019466,30.148299993015826
45,scene0710_00,anms_4d,444,225,0.5067567567567568,0.08783783783783784,0.34684684684684686,0.5655269899411123,1.3849042545615922,1.3849042545615922,6.640299980062991,36.864400026388466
46,scene0710_00,grid_round_robin,504,254,0.503968253968254,0.3055555555555556,0.7400793650793651,1.3730509834130853,3.734325406455929,3.734325406455929,0.4579999949783087,42.88500000257045
46,scene0710_00,anms_4d,504,248,0.49206349206349204,0.2916666666666667,0.7380952380952381,1.2402722796412466,3.1562648682903327,3.1562648682903327,7.78879999415949,44.013099977746606
47,scene0710_00,grid_round_robin,407,206,0.5061425061425061,0.1597051597051597,0.4619164619164619,1.839036455937367,2.2044598362113175,2.2044598362113175,0.41179999243468046,33.60700001940131
47,scene0710_00,anms_4d,407,198,0.4864864864864865,0.16216216216216217,0.44717444717444715,1.8585579980584628,2.1526850798375428,2.1526850798375428,5.8388999896124005,35.571000014897436
48,scene0710_00,grid_round_robin,232,77,0.33189655172413796,0.15948275862068967,0.5948275862068966,3.2915209452030996,6.165023988225368,6.165023988225368,0.3081000177189708,21.09059999929741
48,scene0710_00,anms_4d,232,72,0.3103448275862069,0.16379310344827586,0.5818965517241379,3.413074590942187,2.3949197732367584,3.413074590942187,3.1367000192403793,19.937500008381903
49,scene0710_00,grid_round_robin,496,229,0.46169354838709675,0.1431451612903226,0.4959677419354839,1.9843194508136854,2.3757673744032517,2.3757673744032517,0.42799999937415123,34.40850001061335
49,scene0710_00,anms_4d,496,223,0.4495967741935484,0.14919354838709678,0.5080645161290323,1.866973648446388,2.33838082009237,2.33838082009237,7.569700013846159,37.86260000197217
50,scene0710_00,grid_round_robin,134,53,0.39552238805970147,0.1865671641791045,0.5149253731343284,7.822713037556067,3.5052280964243403,7.822713037556067,0.2231999533250928,19.108499982394278
50,scene0710_00,anms_4d,134,53,0.39552238805970147,0.1865671641791045,0.5149253731343284,7.749263903676276,3.658673265524822,7.749263903676276,1.9200000097043812,18.45209999009967
51,scene0710_00,grid_round_robin,365,156,0.4273972602739726,0.2602739726027397,0.6657534246575343,2.8655212004849133,3.819724829323667,3.819724829323667,0.37180003710091114,24.280899961013347
51,scene0710_00,anms_4d,365,152,0.41643835616438357,0.2547945205479452,0.6547945205479452,2.8385627528843163,3.8371582799222193,3.8371582799222193,5.114400002639741,24.858999997377396
52,scene0710_00,grid_round_robin,28,9,0.32142857142857145,0.10714285714285714,0.2857142857142857,69.47636209090385,48.85214018762107,69.47636209090385,0.15459995483979583,14.27840004907921
52,scene0710_00,anms_4d,28,9,0.32142857142857145,0.10714285714285714,0.32142857142857145,13.72055884369487,25.989820596874377,25.989820596874377,0.36940001882612705,13.86790000833571
53,scene0710_00,grid_round_robin,360,154,0.42777777777777776,0.1111111111111111,0.4527777777777778,3.3808134409153094,1.899209710672896,3.3808134409153094,0.3899000003002584,29.133500007446855
53,scene0710_00,anms_4d,360,151,0.41944444444444445,0.11388888888888889,0.45555555555555555,3.5131258998776067,3.6568482354089324,3.6568482354089324,5.0678999978117645,28.5934999701567
54,scene0710_00,grid_round_robin,42,14,0.3333333333333333,0.11904761904761904,0.4523809523809524,26.610693165408843,67.01386264848851,67.01386264848851,0.18660002388060093,15.809700009413064
54,scene0710_00,anms_4d,42,13,0.30952380952380953,0.09523809523809523,0.4523809523809524,83.78799148509793,84.51132111975244,84.51132111975244,0.5186999915167689,14.90489998832345
55,scene0710_00,grid_round_robin,337,140,0.41543026706231456,0.20771513353115728,0.56973293768546,2.9045188343560415,5.85565897178042,5.85565897178042,0.3349999897181988,30.072699999436736
55,scene0710_00,anms_4d,337,140,0.41543026706231456,0.21364985163204747,0.5608308605341247,2.913438458878657,6.331236486262234,6.331236486262234,4.770999948959798,31.216800038237125
56,scene0710_00,grid_round_robin,324,163,0.5030864197530864,0.06481481481481481,0.26851851851851855,1.7473035565761887,9.838223270086308,9.838223270086308,0.3492000396363437,30.62479995423928
56,scene0710_00,anms_4d,324,160,0.49382716049382713,0.07098765432098765,0.29012345679012347,1.7881274596439405,10.129487526712182,10.129487526712182,4.6178000047802925,36.29640000872314
57,scene0710_00,grid_round_robin,327,195,0.5963302752293578,0.28134556574923547,0.7920489296636085,0.9494115884067488,13.941824682325349,13.941824682325349,0.36910001654177904,23.697399999946356
57,scene0710_00,anms_4d,327,195,0.5963302752293578,0.27217125382262997,0.7920489296636085,0.8689781186204343,13.102870947989164,13.102870947989164,4.749800020363182,24.041500000748783
58,scene0710_00,grid_round_robin,245,114,0.46530612244897956,0.27346938775510204,0.7183673469387755,3.5323184733512707,50.691720794814294,50.691720794814294,0.28909998945891857,33.70229998836294
58,scene0710_00,anms_4d,245,109,0.4448979591836735,0.2693877551020408,0.7183673469387755,3.5341277315090895,50.726490596670715,50.726490596670715,3.220000013243407,32.161800016183406
59,scene0710_00,grid_round_robin,355,173,0.48732394366197185,0.27605633802816903,0.6901408450704225,0.5000524874123415,1.46164394497422,1.46164394497422,0.37429999792948365,35.8721999800764
59,scene0710_00,anms_4d,355,168,0.4732394366197183,0.2647887323943662,0.6845070422535211,0.5799184986093102,2.0560229424912198,2.0560229424912198,4.880900029093027,35.8430000487715
60,scene0711_00,grid_round_robin,102,47,0.46078431372549017,0.09803921568627451,0.23529411764705882,4.4943642259601715,5.583038827842951,5.583038827842951,0.2212999970652163,18.45640002284199
60,scene0711_00,anms_4d,102,45,0.4411764705882353,0.08823529411764706,0.21568627450980393,4.342577447176372,5.309124936698607,5.309124936698607,1.6314999666064978,18.297099974006414
61,scene0711_00,grid_round_robin,224,66,0.29464285714285715,0.12946428571428573,0.3794642857142857,2.071872507747151,0.7525840176191476,2.071872507747151,0.2720999764278531,22.893400047905743
61,scene0711_00,anms_4d,224,64,0.2857142857142857,0.125,0.36607142857142855,3.469675487162122,4.630763406416818,4.630763406416818,2.8649999876506627,21.42559998901561
62,scene0711_00,grid_round_robin,186,94,0.5053763440860215,0.06989247311827956,0.3064516129032258,1.8755185543671877,8.125182925660681,8.125182925660681,0.2429999876767397,25.253700034227222
62,scene0711_00,anms_4d,186,96,0.5161290322580645,0.07526881720430108,0.3118279569892473,2.110364803963117,9.298410754773165,9.298410754773165,2.3657999699935317,22.355700028128922
63,scene0711_00,grid_round_robin,277,91,0.3285198555956679,0.04693140794223827,0.23465703971119134,0.9898575170713626,3.9358527719112257,3.9358527719112257,0.32729998929426074,23.11169996391982
63,scene0711_00,anms_4d,277,86,0.3104693140794224,0.05054151624548736,0.24548736462093862,1.4628640873104009,2.4238922585123746,2.4238922585123746,3.662400005850941,24.673499981872737
64,scene0711_00,grid_round_robin,74,32,0.43243243243243246,0.02702702702702703,0.16216216216216217,4.918860868431183,9.221126951612066,9.221126951612066,0.18619996262714267,21.645400032866746
64,scene0711_00,anms_4d,74,30,0.40540540540540543,0.02702702702702703,0.16216216216216217,3.518651392793632,7.1232033815165865,7.1232033815165865,4.286399984266609,18.860500014852732
65,scene0711_00,grid_round_robin,96,35,0.3645833333333333,0.14583333333333334,0.5416666666666666,4.246800384919494,2.641541751739073,4.246800384919494,0.2038999809883535,17.04259996768087
65,scene0711_00,anms_4d,96,35,0.3645833333333333,0.14583333333333334,0.5520833333333334,6.228809177091617,8.056655986248705,8.056655986248705,1.141799963079393,16.867800033651292
66,scene0711_00,grid_round_robin,11,7,0.6363636363636364,0.0,0.18181818181818182,49.470242095716465,72.76821212353477,72.76821212353477,0.14830002328380942,4.621799977030605
66,scene0711_00,anms_4d,11,7,0.6363636363636364,0.0,0.18181818181818182,49.47024209571521,72.76821212351389,72.76821212351389,0.41370000690221786,4.6579999616369605
67,scene0711_00,grid_round_robin,102,35,0.3431372549019608,0.11764705882352941,0.38235294117647056,5.630539940274497,15.585283375594068,15.585283375594068,0.22260000696405768,17.053800052963197
67,scene0711_00,anms_4d,102,33,0.3235294117647059,0.11764705882352941,0.38235294117647056,5.251769169728786,14.402056505534318,14.402056505534318,1.2861999566666782,17.07240001996979
68,scene0711_00,grid_round_robin,163,56,0.34355828220858897,0.09815950920245399,0.24539877300613497,7.418618244515897,8.829290042614481,8.829290042614481,0.337999954354018,20.135700004175305
68,scene0711_00,anms_4d,163,55,0.3374233128834356,0.10429447852760736,0.25153374233128833,1.5285170518022104,2.5967206164895207,2.5967206164895207,2.025499998126179,19.971300032921135
69,scene0711_00,grid_round_robin,154,62,0.4025974025974026,0.06493506493506493,0.2597402597402597,4.018867913898093,5.309436838042377,5.309436838042377,0.24759996449574828,21.509099984541535
69,scene0711_00,anms_4d,154,61,0.3961038961038961,0.06493506493506493,0.2662337662337662,2.143893581456672,2.618116320307675,2.618116320307675,2.070499991532415,20.28329996392131
70,scene0711_00,grid_round_robin,257,86,0.3346303501945525,0.19455252918287938,0.5214007782101168,4.3522143524913925,7.309543515255998,7.309543515255998,0.3033000393770635,25.02709999680519
70,scene0711_00,anms_4d,257,79,0.30739299610894943,0.17898832684824903,0.5136186770428015,1.5303584662282645,0.7444555081177994,1.5303584662282645,3.4267999581061304,24.733600032050163
71,scene0711_00,grid_round_robin,286,129,0.45104895104895104,0.09090909090909091,0.36713286713286714,2.912207759696523,15.512791062902805,15.512791062902805,0.304899993352592,32.175200001802295
71,scene0711_00,anms_4d,286,126,0.4405594405594406,0.10139860139860139,0.3706293706293706,4.242794429185498,11.587414735979044,11.587414735979044,3.8518999936059117,26.515400037169456
72,scene0711_00,grid_round_robin,154,85,0.551948051948052,0.19480519480519481,0.461038961038961,2.0918215154573976,5.493628851917423,5.493628851917423,0.2294999430887401,14.686000009533018
72,scene0711_00,anms_4d,154,82,0.5324675324675324,0.18831168831168832,0.44155844155844154,1.6282681646935286,3.5552125804272303,3.5552125804272303,1.886799989733845,17.315100005362183
73,scene0711_00,grid_round_robin,178,59,0.33146067415730335,0.0449438202247191,0.2247191011235955,5.2021231094891816,6.141290253502328,6.141290253502328,0.24889997439458966,20.056200039107352
73,scene0711_00,anms_4d,178,58,0.3258426966292135,0.05056179775280899,0.2303370786516854,2.3366775168933693,2.6813385977909587,2.6813385977909587,2.247900003567338,19.348600006196648
74,scene0711_00,grid_round_robin,86,28,0.32558139534883723,0.06976744186046512,0.27906976744186046,3.7969313517941443,6.799129412210221,6.799129412210221,0.19599997904151678,16.00730000063777
74,scene0711_00,anms_4d,86,28,0.32558139534883723,0.09302325581395349,0.313953488372093,4.125913575619992,7.51876120056635,7.51876120056635,1.014100038446486,22.672500053886324
75,scene0712_00,grid_round_robin,216,102,0.4722222222222222,0.3148148148148148,0.7453703703703703,0.9984516449853877,4.992975324363529,4.992975324363529,0.2521999995224178,27.28530002059415
75,scene0712_00,anms_4d,216,99,0.4583333333333333,0.3287037037037037,0.7361111111111112,1.0499821642005633,4.381248000549436,4.381248000549436,2.875999954994768,27.35210000537336
76,scene0712_00,grid_round_robin,132,44,0.3333333333333333,0.19696969696969696,0.5606060606060606,1.9901366274447145,1.9932878530654063,1.9932878530654063,0.24550000671297312,18.926499993540347
76,scene0712_00,anms_4d,132,47,0.3560606060606061,0.21212121212121213,0.5757575757575758,1.683020278039892,1.9497175912864684,1.9497175912864684,1.6274999943561852,18.066300021018833
77,scene0712_00,grid_round_robin,175,65,0.37142857142857144,0.05142857142857143,0.21142857142857144,7.969670071802223,13.995965129829795,13.995965129829795,0.6211000145412982,21.894199948292226
77,scene0712_00,anms_4d,175,69,0.3942857142857143,0.06285714285714286,0.24,1.459516019302488,3.226021899729417,3.226021899729417,2.250900026410818,21.10809995792806
78,scene0712_00,grid_round_robin,112,52,0.4642857142857143,0.17857142857142858,0.5714285714285714,3.7495661794855195,7.009733962400958,7.009733962400958,0.22609997540712357,20.711900026071817
78,scene0712_00,anms_4d,112,52,0.4642857142857143,0.1875,0.5892857142857143,3.6787304625104036,6.8519341913107334,6.8519341913107334,1.3578000362031162,19.73660005023703
79,scene0712_00,grid_round_robin,37,12,0.32432432432432434,0.08108108108108109,0.24324324324324326,57.85945449960161,50.454971880816444,57.85945449960161,0.15730003360658884,14.26189998164773
79,scene0712_00,anms_4d,37,14,0.3783783783783784,0.08108108108108109,0.24324324324324326,81.7821670890691,57.32050423395568,81.7821670890691,0.46909996308386326,14.676999999210238
80,scene0712_00,grid_round_robin,285,123,0.43157894736842106,0.1543859649122807,0.6,2.4505802448717624,4.572029356929026,4.572029356929026,0.31380000291392207,25.572900020051748
80,scene0712_00,anms_4d,285,117,0.4105263157894737,0.1368421052631579,0.5824561403508772,1.9835139275517553,3.9475058656749433,3.9475058656749433,3.792000003159046,26.97679999982938
81,scene0712_00,grid_round_robin,74,26,0.35135135135135137,0.12162162162162163,0.4594594594594595,1.0910482693818493,0.7705600121056766,1.0910482693818493,0.18259999342262745,15.957600029651076
81,scene0712_00,anms_4d,74,25,0.33783783783783783,0.12162162162162163,0.44594594594594594,6.191842556016847,5.700310596108165,6.191842556016847,0.9686999837867916,15.550600015558302
82,scene0712_00,grid_round_robin,427,185,0.4332552693208431,0.06557377049180328,0.26697892271662765,1.130721475403423,2.2810154984381423,2.2810154984381423,0.3978000022470951,32.832999946549535
82,scene0712_00,anms_4d,427,191,0.44730679156908665,0.06323185011709602,0.26697892271662765,1.2590369097263534,2.457317444449104,2.457317444449104,6.651800009422004,37.460000021383166
83,scene0712_00,grid_round_robin,295,132,0.44745762711864406,0.17966101694915254,0.3864406779661017,1.051342782065102,1.1111231304229832,1.1111231304229832,0.33489998895674944,23.98130000801757
83,scene0712_00,anms_4d,295,132,0.44745762711864406,0.17627118644067796,0.39661016949152544,0.9558064645783273,0.9507030474282742,0.9558064645783273,3.962600021623075,24.710999976377934
84,scene0712_00,grid_round_robin,126,32,0.25396825396825395,0.12698412698412698,0.3253968253968254,1.3205340906368217,20.364242778421257,20.364242778421257,0.42400002712383866,19.39259999198839
84,scene0712_00,anms_4d,126,32,0.25396825396825395,0.1111111111111111,0.30952380952380953,1.8924130716393892,26.03095917663125,26.03095917663125,1.664999988861382,19.90110002225265
85,scene0712_00,grid_round_robin,168,67,0.39880952380952384,0.19047619047619047,0.5059523809523809,4.320985313369601,2.593235578759799,4.320985313369601,0.25569996796548367,20.016699971165508
85,scene0712_00,anms_4d,168,71,0.4226190476190476,0.17857142857142858,0.49404761904761907,2.790636876931931,2.660845286655356,2.790636876931931,2.238399989437312,20.719099964480847
86,scene0712_00,grid_round_robin,142,61,0.4295774647887324,0.19014084507042253,0.5774647887323944,4.153513420835021,26.038759291057154,26.038759291057154,0.2764000091701746,30.096200003754348
86,scene0712_00,anms_4d,142,62,0.43661971830985913,0.19014084507042253,0.5774647887323944,3.7111413683055154,33.73349392561975,33.73349392561975,1.7726999940350652,22.364199976436794
87,scene0712_00,grid_round_robin,352,152,0.4318181818181818,0.10511363636363637,0.26988636363636365,3.3732426288393835,4.578866151665761,4.578866151665761,0.35260000731796026,28.565999993588775
87,scene0712_00,anms_4d,352,154,0.4375,0.10227272727272728,0.2585227272727273,3.3531949412385873,4.523849362271463,4.523849362271463,5.15460001770407,30.29020002577454
88,scene0712_00,grid_round_robin,943,698,0.7401908801696713,0.383881230116649,0.9406150583244963,1.1273932065250662,19.106794559078367,19.106794559078367,0.7959000067785382,24.074799963273108
88,scene0712_00,anms_4d,943,707,0.7497348886532343,0.383881230116649,0.9395546129374337,1.1123904009544985,18.950930380087897,18.950930380087897,18.71700002811849,32.74980001151562
89,scene0712_00,grid_round_robin,127,61,0.48031496062992124,0.047244094488188976,0.2677165354330709,4.562486631258268,57.56697388683168,57.56697388683168,0.21520000882446766,21.90870000049472
89,scene0712_00,anms_4d,127,59,0.4645669291338583,0.047244094488188976,0.2677165354330709,4.565405926422856,57.482987811428295,57.482987811428295,1.5470999642275274,21.76350000081584
90,scene0713_00,grid_round_robin,36,13,0.3611111111111111,0.027777777777777776,0.25,110.47660707376673,8.306286749921128,110.47660707376673,0.20549999317154288,13.634799979627132
90,scene0713_00,anms_4d,36,14,0.3888888888888889,0.027777777777777776,0.2222222222222222,111.42929245709092,8.894575646647183,111.42929245709092,0.5627999780699611,13.457799970638007
91,scene0713_00,grid_round_robin,271,73,0.2693726937269373,0.11439114391143912,0.3874538745387454,3.9607708981600904,9.671470011684132,9.671470011684132,0.3158000181429088,25.069199968129396
91,scene0713_00,anms_4d,271,75,0.2767527675276753,0.12177121771217712,0.3874538745387454,2.8861532860181383,9.190755088271967,9.190755088271967,3.820100042503327,22.82089996151626
92,scene0713_00,grid_round_robin,64,19,0.296875,0.3125,0.53125,4.952557318621141,5.6837860270559215,5.6837860270559215,0.2019999665208161,15.138200018554926
92,scene0713_00,anms_4d,64,22,0.34375,0.3125,0.5625,6.5871164026878795,5.543164762312226,6.5871164026878795,0.9370000334456563,21.195600042119622
93,scene0713_00,grid_round_robin,100,28,0.28,0.1,0.28,5.5045678773144155,13.277693789203306,13.277693789203306,0.2058000536635518,17.221300047822297
93,scene0713_00,anms_4d,100,28,0.28,0.11,0.27,3.2701060299037246,11.631499591368849,11.631499591368849,1.2097000144422054,17.237899999599904
94,scene0713_00,grid_round_robin,109,33,0.30275229357798167,0.14678899082568808,0.45871559633027525,6.712006438254363,10.609748450732518,10.609748450732518,0.20680000307038426,17.410599975846708
94,scene0713_00,anms_4d,109,27,0.24770642201834864,0.14678899082568808,0.44954128440366975,13.767175461350094,20.158671587995357,20.158671587995357,1.2907999916933477,27.592400030698627
95,scene0713_00,grid_round_robin,114,52,0.45614035087719296,0.21929824561403508,0.49122807017543857,4.643839456901317,3.2047262139161417,4.643839456901317,0.2209999947808683,17.80420000432059
95,scene0713_00,anms_4d,114,46,0.40350877192982454,0.20175438596491227,0.5,4.548138493304602,3.2387251946639104,4.548138493304602,1.3402999611571431,18.76609999453649
96,scene0713_00,grid_round_robin,344,128,0.37209302325581395,0.21220930232558138,0.5087209302325582,1.3699193199459818,6.9144773170399425,6.9144773170399425,0.3838999546132982,29.163400002289563
96,scene0713_00,anms_4d,344,125,0.3633720930232558,0.21220930232558138,0.5145348837209303,0.8931087928495862,4.060498985446543,4.060498985446543,5.073399981483817,28.901099984068424
97,scene0713_00,grid_round_robin,107,39,0.3644859813084112,0.028037383177570093,0.22429906542056074,4.224467320378865,26.56294989167779,26.56294989167779,0.21460000425577164,17.984599980991334
97,scene0713_00,anms_4d,107,34,0.3177570093457944,0.028037383177570093,0.21495327102803738,22.43349720614243,69.8930771481374,69.8930771481374,1.2805000296793878,18.23419996071607
98,scene0713_00,grid_round_robin,445,183,0.41123595505617977,0.1662921348314607,0.4898876404494382,0.759554962105918,6.330231406032174,6.330231406032174,0.4295999533496797,41.20229999534786
98,scene0713_00,anms_4d,445,174,0.39101123595505616,0.16853932584269662,0.4786516853932584,1.0229765963278794,7.9899516151344,7.9899516151344,6.621200009249151,36.11519996775314
99,scene0713_00,grid_round_robin,123,35,0.2845528455284553,0.13008130081300814,0.34146341463414637,3.9353436257615177,3.645052775473157,3.9353436257615177,0.21410000044852495,18.00280000315979
99,scene0713_00,anms_4d,123,26,0.21138211382113822,0.12195121951219512,0.3333333333333333,62.59295801002647,24.405055247901597,62.59295801002647,1.4770000125281513,17.858299950603396
100,scene0713_00,grid_round_robin,38,16,0.42105263157894735,0.0,0.0,94.92095276945435,30.290641608328087,94.92095276945435,0.1702000154182315,14.741500024683774
100,scene0713_00,anms_4d,38,18,0.47368421052631576,0.0,0.0,94.65636554805144,30.114115651812654,94.65636554805144,0.4963999963365495,14.416699996218085
101,scene0713_00,grid_round_robin,112,63,0.5625,0.33035714285714285,0.8035714285714286,25.128791686344957,75.39883760747894,75.39883760747894,0.2057999954558909,14.354799990542233
101,scene0713_00,anms_4d,112,66,0.5892857142857143,0.3392857142857143,0.8125,26.18035497175758,82.8973455037021,82.8973455037021,1.341200026217848,11.954599991440773
102,scene0713_00,grid_round_robin,22,10,0.45454545454545453,0.045454545454545456,0.045454545454545456,76.58652377066392,75.40764566784861,76.58652377066392,0.17880002269521356,14.611400023568422
102,scene0713_00,anms_4d,22,9,0.4090909090909091,0.045454545454545456,0.045454545454545456,129.37939961601447,66.56400089233402,129.37939961601447,0.31319999834522605,14.350299956277013
103,scene0713_00,grid_round_robin,122,38,0.3114754098360656,0.12295081967213115,0.4426229508196721,45.8046995705586,70.47036558580797,70.47036558580797,0.21999998716637492,19.173900014720857
103,scene0713_00,anms_4d,122,39,0.319672131147541,0.12295081967213115,0.4262295081967213,9.527166952722617,11.812446539180488,11.812446539180488,1.4723999775014818,18.475099990610033
104,scene0713_00,grid_round_robin,567,264,0.4656084656084656,0.1693121693121693,0.5379188712522046,1.3837609793475183,53.229320466092275,53.229320466092275,0.46800001291558146,54.32280001696199
104,scene0713_00,anms_4d,567,280,0.49382716049382713,0.1763668430335097,0.5379188712522046,1.3992914723561267,55.97056872981256,55.97056872981256,8.976400014944375,56.24520004494116
105,scene0714_00,grid_round_robin,467,185,0.3961456102783726,0.15631691648822268,0.44539614561027835,1.2129876796255605,3.501876206990444,3.501876206990444,0.4075000179000199,34.546000009868294
105,scene0714_00,anms_4d,467,171,0.36616702355460384,0.16488222698072805,0.4625267665952891,1.1499896917497998,3.142499355037822,3.142499355037822,7.20649998402223,33.36170001421124
106,scene0714_00,grid_round_robin,23,9,0.391304347826087,0.043478260869565216,0.08695652173913043,116.70144865769473,85.21928795680077,116.70144865769473,0.1580000389367342,17.11269997758791
106,scene0714_00,anms_4d,23,9,0.391304347826087,0.043478260869565216,0.08695652173913043,92.02382478401859,56.602711734548436,92.02382478401859,0.4848999669775367,14.054100029170513
107,scene0714_00,grid_round_robin,256,78,0.3046875,0.17578125,0.5546875,4.9773045915353125,6.584974744382841,6.584974744382841,0.33299997448921204,23.408200009725988
107,scene0714_00,anms_4d,256,80,0.3125,0.18359375,0.5546875,3.0593286554386045,3.3588219159962938,3.3588219159962938,3.376099979504943,22.346400015521795
108,scene0714_00,grid_round_robin,84,19,0.2261904761904762,0.047619047619047616,0.11904761904761904,20.639028582572184,41.91358538586331,41.91358538586331,0.19719998817890882,15.544100024271756
108,scene0714_00,anms_4d,84,17,0.20238095238095238,0.05952380952380952,0.11904761904761904,21.018769483403403,40.464338451765435,40.464338451765435,1.1323000071570277,14.820899988990277
109,scene0714_00,grid_round_robin,135,63,0.4666666666666667,0.0962962962962963,0.25925925925925924,2.0720629953867813,1.093223635984127,2.0720629953867813,0.2183000324293971,19.26249999087304
109,scene0714_00,anms_4d,135,56,0.4148148148148148,0.1037037037037037,0.2740740740740741,3.9825336131131044,3.2946970801433446,3.9825336131131044,1.6359000001102686,19.382899976335466
110,scene0714_00,grid_round_robin,128,50,0.390625,0.0859375,0.1953125,1.7125104730119431,2.683667964352779,2.683667964352779,0.22300001000985503,18.9006999717094
110,scene0714_00,anms_4d,128,47,0.3671875,0.0859375,0.2109375,2.8022998553667455,2.2075636208135827,2.8022998553667455,1.5622999635525048,19.01779999025166
111,scene0714_00,grid_round_robin,119,33,0.2773109243697479,0.12605042016806722,0.3697478991596639,33.627131927635325,81.06310419571304,81.06310419571304,0.5440000095404685,18.268899992108345
111,scene0714_00,anms_4d,119,25,0.21008403361344538,0.12605042016806722,0.35294117647058826,39.87795004618138,88.11828673676331,88.11828673676331,1.3877000310458243,18.266300030518323
112,scene0714_00,grid_round_robin,34,9,0.2647058823529412,0.058823529411764705,0.08823529411764706,162.59668432146717,53.02245030162638,162.59668432146717,0.16110000433400273,14.413599972613156
112,scene0714_00,anms_4d,34,10,0.29411764705882354,0.058823529411764705,0.08823529411764706,173.05683088332802,63.14410731362203,173.05683088332802,0.44540001545101404,13.993099972140044
113,scene0714_00,grid_round_robin,128,29,0.2265625,0.140625,0.328125,4.079496734210622,9.821669987164952,9.821669987164952,0.21219998598098755,16.609799989964813
113,scene0714_00,anms_4d,128,30,0.234375,0.140625,0.3359375,4.892337922658217,7.435844214632997,7.435844214632997,1.6702000284567475,16.12409995868802
114,scene0714_00,grid_round_robin,123,42,0.34146341463414637,0.08130081300813008,0.3089430894308943,1.9499345874027878,3.3912111178185795,3.3912111178185795,0.22609997540712357,20.482799969613552
114,scene0714_00,anms_4d,123,40,0.3252032520325203,0.07317073170731707,0.2845528455284553,0.7657757844390305,0.8450874113794917,0.8450874113794917,1.4545000158250332,20.195099990814924
115,scene0714_00,grid_round_robin,264,97,0.36742424242424243,0.25,0.6174242424242424,1.1956966483531362,0.560342659514992,1.1956966483531362,0.43399998685345054,24.672499974258244
115,scene0714_00,anms_4d,264,103,0.39015151515151514,0.25,0.6212121212121212,1.7958164606600728,3.040746904011282,3.040746904011282,3.7252000183798373,23.053400043863803
116,scene0714_00,grid_round_robin,195,66,0.3384615384615385,0.18461538461538463,0.5487179487179488,1.083956487202259,4.2739547023268765,4.2739547023268765,0.255199964158237,21.379999991040677
116,scene0714_00,anms_4d,195,63,0.3230769230769231,0.18974358974358974,0.5384615384615384,1.1710417759670226,2.3000028574044147,2.3000028574044147,2.7022999711334705,30.475799983832985
117,scene0714_00,grid_round_robin,499,315,0.6312625250501002,0.23046092184368738,0.7975951903807615,0.7229247598778122,4.38776903549672,4.38776903549672,0.4655999946407974,25.100999977439642
117,scene0714_00,anms_4d,499,310,0.6212424849699398,0.24649298597194388,0.7975951903807615,0.7307429932802394,4.529722130140128,4.529722130140128,13.532300014048815,18.85049999691546
118,scene0714_00,grid_round_robin,12,7,0.5833333333333334,0.08333333333333333,0.08333333333333333,111.19566166169207,66.15095866629443,111.19566166169207,0.14760001795366406,6.6630999790504575
118,scene0714_00,anms_4d,12,7,0.5833333333333334,0.08333333333333333,0.08333333333333333,124.11611274648916,67.4664585530481,124.11611274648916,0.20410004071891308,6.432299967855215
119,scene0714_00,grid_round_robin,12,7,0.5833333333333334,0.0,0.08333333333333333,159.80815262007349,46.62165633524489,159.80815262007349,0.1433999859727919,7.105400029104203
119,scene0714_00,anms_4d,12,7,0.5833333333333334,0.0,0.08333333333333333,159.80815262007349,46.621656335244865,159.80815262007349,0.19609997980296612,6.775000016205013
120,scene0715_00,grid_round_robin,284,134,0.47183098591549294,0.3380281690140845,0.721830985915493,1.281135403557836,13.712673837547074,13.712673837547074,0.48210000386461616,32.98379998886958
120,scene0715_00,anms_4d,284,122,0.4295774647887324,0.3274647887323944,0.7288732394366197,2.172044396652326,23.182682036676983,23.182682036676983,4.361399973277003,35.35520000150427
121,scene0715_00,grid_round_robin,145,65,0.4482758620689655,0.2206896551724138,0.4896551724137931,2.0154482321829943,8.112054187780817,8.112054187780817,0.23769994731992483,21.111500042025
121,scene0715_00,anms_4d,145,69,0.47586206896551725,0.21379310344827587,0.496551724137931,2.1259808728956853,8.626937712822611,8.626937712822611,2.0281000179238617,23.18839996587485
122,scene0715_00,grid_round_robin,124,57,0.4596774193548387,0.18548387096774194,0.6048387096774194,1.4209938788942256,4.185966314403307,4.185966314403307,0.21889997879043221,19.001099979504943
122,scene0715_00,anms_4d,124,54,0.43548387096774194,0.1935483870967742,0.5806451612903226,1.4704429513276964,3.065108779936478,3.065108779936478,1.6736999968998134,18.61190004274249
123,scene0715_00,grid_round_robin,299,105,0.3511705685618729,0.14715719063545152,0.5083612040133779,2.5646953943533046,11.424734130622548,11.424734130622548,0.34120003692805767,30.670299951452762
123,scene0715_00,anms_4d,299,99,0.3311036789297659,0.14381270903010032,0.5016722408026756,3.036906270281189,14.495767840632626,14.495767840632626,4.168800020124763,29.488100029993802
124,scene0715_00,grid_round_robin,319,160,0.5015673981191222,0.018808777429467086,0.07210031347962383,1.8217520753855996,5.047061880387446,5.047061880387446,0.33519999124109745,32.748500001616776
124,scene0715_00,anms_4d,319,152,0.47648902821316613,0.018808777429467086,0.07523510971786834,2.230413578042276,6.672169080996319,6.672169080996319,5.392400023993105,32.03479998046532
125,scene0715_00,grid_round_robin,370,131,0.35405405405405405,0.1945945945945946,0.5486486486486486,3.157037544419656,34.75672265600841,34.75672265600841,0.348400033544749,33.766599954105914
125,scene0715_00,anms_4d,370,128,0.34594594594594597,0.1972972972972973,0.5540540540540541,3.4512069276079727,37.44098059152627,37.44098059152627,5.487199989147484,34.942800004500896
126,scene0715_00,grid_round_robin,295,128,0.43389830508474575,0.15254237288135594,0.4576271186440678,1.3055517144627264,2.0609644060741283,2.0609644060741283,0.30859996331855655,25.333199999295175
126,scene0715_00,anms_4d,295,131,0.4440677966101695,0.13898305084745763,0.4440677966101695,1.1823868278941048,2.024849509788657,2.024849509788657,4.16190002579242,25.451499968767166
127,scene0715_00,grid_round_robin,181,42,0.23204419889502761,0.10497237569060773,0.30386740331491713,8.531221687087232,1.6684771832937195,8.531221687087232,0.2416999777778983,18.368099990766495
127,scene0715_00,anms_4d,181,42,0.23204419889502761,0.10497237569060773,0.30386740331491713,1.414665828235467,5.667814396173916,5.667814396173916,2.3104999563656747,18.66980001796037
128,scene0715_00,grid_round_robin,144,36,0.25,0.1527777777777778,0.3819444444444444,1.7276034326929721,8.470730124673404,8.470730124673404,0.21850003395229578,19.14529997156933
128,scene0715_00,anms_4d,144,34,0.2361111111111111,0.1597222222222222,0.3819444444444444,4.6035874802058805,17.74486141454665,17.74486141454665,1.756999990902841,17.89769995957613
129,scene0715_00,grid_round_robin,185,75,0.40540540540540543,0.24324324324324326,0.6,0.6906116034600451,12.099601493839428,12.099601493839428,0.24060002760961652,23.675200005527586
129,scene0715_00,anms_4d,185,81,0.43783783783783786,0.23783783783783785,0.5945945945945946,0.3040687199865823,8.165876170060859,8.165876170060859,2.336899982765317,24.29530001245439
130,scene0715_00,grid_round_robin,95,39,0.4105263157894737,0.16842105263157894,0.6105263157894737,1.5183836519548413,15.232417125806844,15.232417125806844,0.19230000907555223,18.55000003706664
130,scene0715_00,anms_4d,95,37,0.3894736842105263,0.18947368421052632,0.6105263157894737,1.5135244167953912,15.20404271280892,15.20404271280892,1.1275000288151205,19.14349995786324
131,scene0715_00,grid_round_robin,163,64,0.39263803680981596,0.27607361963190186,0.7177914110429447,2.0487636067257875,24.020560776499217,24.020560776499217,0.26240001898258924,23.471799970138818
131,scene0715_00,anms_4d,163,57,0.3496932515337423,0.26380368098159507,0.6932515337423313,2.100263255669968,24.417227936369887,24.417227936369887,2.519399975426495,23.77689996501431
132,scene0715_00,grid_round_robin,217,71,0.3271889400921659,0.16589861751152074,0.47465437788018433,2.5307716000915987,81.93180641023055,81.93180641023055,0.255799968726933,27.717099990695715
132,scene0715_00,anms_4d,217,68,0.31336405529953915,0.17511520737327188,0.46543778801843316,3.7031033757261276,74.93809691193029,74.93809691193029,3.1332000507973135,24.196900019887835
133,scene0715_00,grid_round_robin,488,254,0.5204918032786885,0.3135245901639344,0.7438524590163934,2.3915094382866218,49.6697490677588,49.6697490677588,0.436800008174032,37.7153999870643
133,scene0715_00,anms_4d,488,245,0.5020491803278688,0.30327868852459017,0.735655737704918,2.3681546015060118,51.59648892647226,51.59648892647226,8.273399958852679,45.4654999775812
134,scene0715_00,grid_round_robin,230,96,0.41739130434782606,0.1565217391304348,0.6173913043478261,6.0307499650405285,70.79192891374437,70.79192891374437,0.2820999943651259,29.05099996132776
134,scene0715_00,anms_4d,230,94,0.40869565217391307,0.16521739130434782,0.6260869565217392,1.6861862823387201,14.602504249236338,14.602504249236338,3.0672000139020383,28.055300004780293
135,scene0716_00,grid_round_robin,249,118,0.4738955823293173,0.321285140562249,0.7791164658634538,1.9257095810256042,9.884860892492693,9.884860892492693,0.32650004141032696,28.792800032533705
135,scene0716_00,anms_4d,249,116,0.46586345381526106,0.3132530120481928,0.7751004016064257,1.6368862653094507,8.485341823459407,8.485341823459407,3.3463999861851335,33.4704999695532
136,scene0716_00,grid_round_robin,113,42,0.37168141592920356,0.22123893805309736,0.5663716814159292,1.6213608483202058,3.6772760236167716,3.6772760236167716,0.21620001643896103,19.602300017140806
136,scene0716_00,anms_4d,113,41,0.36283185840707965,0.20353982300884957,0.5486725663716814,1.6485355788994172,3.9003250832829197,3.9003250832829197,1.358299981802702,20.16479999292642
137,scene0716_00,grid_round_robin,149,50,0.33557046979865773,0.14093959731543623,0.3288590604026846,2.0022772633263646,11.88224466949935,11.88224466949935,0.3622999647632241,19.04769998509437
137,scene0716_00,anms_4d,149,46,0.3087248322147651,0.14093959731543623,0.3221476510067114,4.368407510540906,11.978876627623984,11.978876627623984,1.8456000252626836,19.92759999120608
138,scene0716_00,grid_round_robin,162,56,0.345679012345679,0.06790123456790123,0.2716049382716049,2.587359125470414,4.2349125331663675,4.2349125331663675,0.22899999748915434,21.338399965316057
138,scene0716_00,anms_4d,162,56,0.345679012345679,0.06172839506172839,0.25308641975308643,2.4061299606185638,3.8526670770917524,3.8526670770917524,2.031699987128377,20.288400002755225
139,scene0716_00,grid_round_robin,139,50,0.3597122302158273,0.02158273381294964,0.07194244604316546,1.3760701447088333,1.4251668521697416,1.4251668521697416,0.28059998294338584,19.822700007352978
139,scene0716_00,anms_4d,139,48,0.34532374100719426,0.014388489208633094,0.06474820143884892,2.045873442525655,2.272168039589385,2.272168039589385,1.8210000125691295,19.036900019273162
140,scene0716_00,grid_round_robin,338,148,0.4378698224852071,0.28402366863905326,0.7840236686390533,3.8969926660278107,22.820547337226394,22.820547337226394,0.35420001950114965,37.57379995658994
140,scene0716_00,anms_4d,338,151,0.4467455621301775,0.2781065088757396,0.7781065088757396,4.811970148536634,26.71436422410213,26.71436422410213,4.878600011579692,38.60480000730604
141,scene0716_00,grid_round_robin,563,292,0.5186500888099467,0.3765541740674956,0.8365896980461812,0.23399290910589435,0.4394373204137239,0.4394373204137239,0.47369999811053276,44.71810004906729
141,scene0716_00,anms_4d,563,281,0.4991119005328597,0.35879218472468916,0.8188277087033747,0.3214327696792642,1.60652417514068,1.60652417514068,9.92520002182573,41.24319995753467
142,scene0716_00,grid_round_robin,442,226,0.5113122171945701,0.033936651583710405,0.18552036199095023,0.7112254547493425,2.6780869060795323,2.6780869060795323,0.38899999344721437,37.65009995549917
142,scene0716_00,anms_4d,442,229,0.5180995475113123,0.033936651583710405,0.18099547511312217,0.7537742377585823,4.078820037960169,4.078820037960169,6.52789999730885,38.78569998778403
143,scene0716_00,grid_round_robin,349,134,0.3839541547277937,0.11461318051575932,0.3553008595988539,0.6535711784466854,1.5221747814613642,1.5221747814613642,0.361100013833493,30.512799974530935
143,scene0716_00,anms_4d,349,133,0.38108882521489973,0.10888252148997135,0.3495702005730659,0.5926253809847708,1.2945558310516672,1.2945558310516672,4.885600006673485,29.18479999061674
144,scene0716_00,grid_round_robin,446,216,0.484304932735426,0.053811659192825115,0.2219730941704036,0.32352278632652287,1.3167270967632885,1.3167270967632885,0.39760000072419643,39.11750001134351
144,scene0716_00,anms_4d,446,214,0.4798206278026906,0.05605381165919283,0.21973094170403587,0.31156308761008367,1.407922657993351,1.407922657993351,6.626999995205551,40.0612999801524
145,scene0716_00,grid_round_robin,300,111,0.37,0.03666666666666667,0.15666666666666668,1.8134372167155512,6.369259009072549,6.369259009072549,0.3299000090919435,32.22639998421073
145,scene0716_00,anms_4d,300,103,0.3433333333333333,0.03333333333333333,0.15,1.6436505663627696,3.030160481753781,3.030160481753781,4.251499951351434,33.065800031181425
146,scene0716_00,grid_round_robin,631,302,0.4786053882725832,0.1901743264659271,0.6386687797147385,0.3266567948075727,3.6487849499696154,3.6487849499696154,0.4979000077582896,53.935999982059
146,scene0716_00,anms_4d,631,297,0.4706814580031696,0.18541996830427893,0.6259904912836767,0.32911657908053293,4.06690345927018,4.06690345927018,11.227899987716228,65.01349998870865
147,scene0716_00,grid_round_robin,296,139,0.46959459459459457,0.06756756756756757,0.27364864864864863,1.784977074597792,5.071277600242436,5.071277600242436,0.3322999691590667,38.31859998172149
147,scene0716_00,anms_4d,296,141,0.47635135135135137,0.07432432432432433,0.28040540540540543,1.4100394784516341,5.652586008428813,5.652586008428813,3.9608999504707754,39.12890003994107
148,scene0716_00,grid_round_robin,452,124,0.2743362831858407,0.20575221238938052,0.5221238938053098,8.820204265377175,88.9684331141561,88.9684331141561,0.40389999048784375,35.45610001310706
148,scene0716_00,anms_4d,452,125,0.27654867256637167,0.2013274336283186,0.5088495575221239,1.4504703741857268,9.623176807704443,9.623176807704443,7.258900033775717,33.49299996625632
149,scene0716_00,grid_round_robin,86,37,0.43023255813953487,0.13953488372093023,0.5348837209302325,4.478749101431468,25.181046617496317,25.181046617496317,0.29070000164210796,19.608500006143004
149,scene0716_00,anms_4d,86,36,0.4186046511627907,0.13953488372093023,0.5348837209302325,4.379496838213975,24.517564869600694,24.517564869600694,1.0242999996989965,18.994699988979846
150,scene0717_00,grid_round_robin,381,186,0.4881889763779528,0.16272965879265092,0.5039370078740157,0.807925596507002,1.9946332869660681,1.9946332869660681,0.38159999530762434,37.408200034406036
150,scene0717_00,anms_4d,381,185,0.48556430446194226,0.1732283464566929,0.5223097112860893,0.7969313448191772,1.9898567954804478,1.9898567954804478,5.673800013028085,34.4949999707751
151,scene0717_00,grid_round_robin,294,94,0.3197278911564626,0.1836734693877551,0.5170068027210885,4.023274516182937,20.213677321197903,20.213677321197903,0.30919996788725257,25.123899977188557
151,scene0717_00,anms_4d,294,91,0.30952380952380953,0.17346938775510204,0.5,2.277397854826109,1.3869428706558973,2.277397854826109,4.0698999655433,29.40980001585558
152,scene0717_00,grid_round_robin,287,134,0.46689895470383275,0.27177700348432055,0.710801393728223,0.6277816703723976,2.9101153683498895,2.9101153683498895,0.3257999778725207,28.49549998063594
152,scene0717_00,anms_4d,287,133,0.4634146341463415,0.27526132404181186,0.7142857142857143,0.8909881095203722,1.0479193372066096,1.0479193372066096,4.646999994292855,26.57399995950982
153,scene0717_00,grid_round_robin,511,263,0.5146771037181996,0.2328767123287671,0.7475538160469667,0.4934572842139409,16.625674756158826,16.625674756158826,0.4480999778024852,48.03950001951307
153,scene0717_00,anms_4d,511,257,0.50293542074364,0.2309197651663405,0.7318982387475538,0.4877972592671153,16.79148342742652,16.79148342742652,9.159500012174249,45.50260002724826
154,scene0717_00,grid_round_robin,331,126,0.3806646525679758,0.1419939577039275,0.48942598187311176,1.4426551730295303,6.22928173107782,6.22928173107782,0.3797999816015363,28.284200001507998
154,scene0717_00,anms_4d,331,122,0.3685800604229607,0.1419939577039275,0.48942598187311176,0.5994808026631935,4.6558454801409885,4.6558454801409885,4.909099952783436,27.252200001385063
155,scene0717_00,grid_round_robin,286,157,0.548951048951049,0.3321678321678322,0.7482517482517482,1.0039715850467228,2.7785503042661737,2.7785503042661737,0.31480001052841544,22.07429998088628
155,scene0717_00,anms_4d,286,153,0.534965034965035,0.32867132867132864,0.7447552447552448,0.8930486151965467,3.178439799955373,3.178439799955373,3.9409000310115516,25.51750000566244
156,scene0717_00,grid_round_robin,363,126,0.34710743801652894,0.18181818181818182,0.47107438016528924,1.8773209678618439,3.5451471651248228,3.5451471651248228,0.37999998312443495,29.132099996786565
156,scene0717_00,anms_4d,363,124,0.3415977961432507,0.1790633608815427,0.46831955922865015,2.0964990472819385,4.147879863328303,4.147879863328303,5.1006999565288424,29.803000041283667
157,scene0717_00,grid_round_robin,209,76,0.36363636363636365,0.10047846889952153,0.4019138755980861,3.615571584003219,5.861071733915455,5.861071733915455,0.31109998235479,21.975899988319725
157,scene0717_00,anms_4d,209,68,0.3253588516746411,0.10047846889952153,0.3827751196172249,4.3546989150900615,7.035511144372106,7.035511144372106,2.6464000111445785,22.061700001358986
158,scene0717_00,grid_round_robin,123,34,0.2764227642276423,0.0975609756097561,0.22764227642276422,10.005571884330353,12.861998517047724,12.861998517047724,0.2346000401303172,17.58369995513931
158,scene0717_00,anms_4d,123,39,0.3170731707317073,0.0975609756097561,0.21951219512195122,3.3589060172686414,3.3365743222116597,3.3589060172686414,1.4603000017814338,17.980400007218122
159,scene0717_00,grid_round_robin,642,342,0.5327102803738317,0.2866043613707165,0.7398753894080997,1.0909400427465588,21.592848286702967,21.592848286702967,0.5099999834783375,47.263699991162866
159,scene0717_00,anms_4d,642,345,0.5373831775700935,0.2897196261682243,0.7336448598130841,1.0412011306095972,21.355371944273113,21.355371944273113,10.611100005917251,49.528000003192574
160,scene0717_00,grid_round_robin,383,150,0.391644908616188,0.30809399477806787,0.7127937336814621,0.7726922656860717,2.0203168753455,2.0203168753455,0.3562000347301364,30.444400035776198
160,scene0717_00,anms_4d,383,141,0.3681462140992167,0.30548302872062666,0.7101827676240209,0.602010088843491,1.8604505718830004,1.8604505718830004,5.409000033978373,29.763600032310933
161,scene0717_00,grid_round_robin,359,96,0.26740947075208915,0.20334261838440112,0.5125348189415042,1.402027890069796,7.2611635618044446,7.2611635618044446,0.43379998533055186,28.22000003652647
161,scene0717_00,anms_4d,359,93,0.2590529247910863,0.20334261838440112,0.5097493036211699,1.4007242142403349,7.416107776588428,7.416107776588428,5.044599995017052,28.021099977195263
162,scene0717_00,grid_round_robin,458,192,0.4192139737991266,0.38427947598253276,0.8122270742358079,0.5701518857135774,4.845274713769057,4.845274713769057,0.39840000681579113,38.93609996885061
162,scene0717_00,anms_4d,458,192,0.4192139737991266,0.36681222707423583,0.7991266375545851,0.40944432473894243,3.527852294136563,3.527852294136563,7.393800013232976,36.84430004796013
163,scene0717_00,grid_round_robin,457,200,0.437636761487965,0.3479212253829322,0.8446389496717724,1.1262128024137528,8.315044945912891,8.315044945912891,0.3869000356644392,35.972399986349046
163,scene0717_00,anms_4d,457,186,0.40700218818380746,0.3304157549234136,0.8271334792122538,1.684344233807133,9.821743360834834,9.821743360834834,7.13839998934418,35.30799999134615
164,scene0717_00,grid_round_robin,680,370,0.5441176470588235,0.4073529411764706,0.9191176470588235,0.09766165725082544,12.352277847009583,12.352277847009583,0.5879999953322113,46.809300023596734
164,scene0717_00,anms_4d,680,366,0.538235294117647,0.39558823529411763,0.9117647058823529,0.14163839063380113,12.793843367107359,12.793843367107359,11.864900006912649,46.696499979589134
165,scene0718_00,grid_round_robin,291,69,0.23711340206185566,0.12027491408934708,0.39862542955326463,0.7700074756540904,5.453748402113513,5.453748402113513,0.34329999471083283,25.042599998414516
165,scene0718_00,anms_4d,291,71,0.24398625429553264,0.1134020618556701,0.38831615120274915,11.533242981671446,83.84018106184662,83.84018106184662,4.055699973832816,25.58020001742989
166,scene0718_00,grid_round_robin,216,74,0.3425925925925926,0.1111111111111111,0.3287037037037037,6.609910311643539,52.4053788387749,52.4053788387749,0.26299996534362435,25.19790001679212
166,scene0718_00,anms_4d,216,70,0.32407407407407407,0.12037037037037036,0.3425925925925926,6.1492871765854975,49.24891724381138,49.24891724381138,2.8750000055879354,24.043100012931973
167,scene0718_00,grid_round_robin,388,140,0.36082474226804123,0.1958762886597938,0.4793814432989691,1.020446122095344,16.134509339675827,16.134509339675827,0.3874999820254743,34.90410000085831
167,scene0718_00,anms_4d,388,126,0.3247422680412371,0.20103092783505155,0.49226804123711343,1.1317808628531927,19.289805941696482,19.289805941696482,5.528900015633553,35.246499988716096
168,scene0718_00,grid_round_robin,167,65,0.38922155688622756,0.23353293413173654,0.5089820359281437,6.771898224440712,67.74848952273034,67.74848952273034,0.2361999941058457,24.567299988120794
168,scene0718_00,anms_4d,167,64,0.38323353293413176,0.23952095808383234,0.5149700598802395,5.404312489985299,66.85286491214012,66.85286491214012,2.0474999910220504,23.804399999789894
169,scene0718_00,grid_round_robin,92,39,0.42391304347826086,0.06521739130434782,0.21739130434782608,2.283949913600925,23.3997215514416,23.3997215514416,0.194900028873235,19.561199995223433
169,scene0718_00,anms_4d,92,39,0.42391304347826086,0.07608695652173914,0.21739130434782608,15.599210596379104,82.63171970820524,82.63171970820524,1.0961999651044607,19.140499993227422
170,scene0718_00,grid_round_robin,271,91,0.33579335793357934,0.08487084870848709,0.3210332103321033,3.8012711468732134,55.4294025906371,55.4294025906371,0.2946000313386321,30.58179997606203
170,scene0718_00,anms_4d,271,81,0.2988929889298893,0.08487084870848709,0.31365313653136534,2.8774343188914746,54.41839147170828,54.41839147170828,3.826000029221177,26.253599964547902
171,scene0718_00,grid_round_robin,222,88,0.3963963963963964,0.17567567567567569,0.46396396396396394,2.400711541926154,80.55078585944237,80.55078585944237,0.277700019069016,25.090700015425682
171,scene0718_00,anms_4d,222,89,0.4009009009009009,0.15315315315315314,0.43243243243243246,2.398525205290699,81.37681419164444,81.37681419164444,2.8628999716602266,24.85089999390766
172,scene0718_00,grid_round_robin,309,185,0.598705501618123,0.19093851132686085,0.7087378640776699,0.5778030215423566,20.91255217579436,20.91255217579436,0.32490002922713757,20.04480001050979
172,scene0718_00,anms_4d,309,183,0.5922330097087378,0.18122977346278318,0.6763754045307443,0.6393797660615053,15.403041885594323,15.403041885594323,4.1856999741867185,18.83140002610162
173,scene0718_00,grid_round_robin,190,132,0.6947368421052632,0.14736842105263157,0.5368421052631579,0.985422892245575,18.405055068999637,18.405055068999637,0.24669995764270425,8.009999990463257
173,scene0718_00,anms_4d,190,131,0.6894736842105263,0.16842105263157894,0.5578947368421052,0.7453454995009889,17.869711267800966,17.869711267800966,2.5505999801680446,9.366200014483184
174,scene0718_00,grid_round_robin,245,130,0.5306122448979592,0.363265306122449,0.7959183673469388,0.45786083890821466,3.242590364984441,3.242590364984441,0.27120002778247,32.32519997982308
174,scene0718_00,anms_4d,245,128,0.5224489795918368,0.37142857142857144,0.8040816326530612,0.46120288963331013,3.7021991440983713,3.7021991440983713,3.6374999908730388,30.03790002549067
175,scene0718_00,grid_round_robin,335,126,0.3761194029850746,0.21492537313432836,0.5044776119402985,1.0107709630933355,4.753586026782689,4.753586026782689,0.3474999684840441,29.51220003888011
175,scene0718_00,anms_4d,335,121,0.3611940298507463,0.21194029850746268,0.4955223880597015,0.9876989118067537,5.626377624665195,5.626377624665195,5.419599998276681,31.380000000353903
176,scene0718_00,grid_round_robin,272,101,0.3713235294117647,0.03676470588235294,0.16544117647058823,1.4056375957951246,6.202571838187618,6.202571838187618,0.3085000207647681,27.055000013206154
176,scene0718_00,anms_4d,272,90,0.33088235294117646,0.03676470588235294,0.16544117647058823,1.3454050400316704,8.065286325640004,8.065286325640004,3.576699993573129,27.222100005019456
177,scene0718_00,grid_round_robin,146,48,0.3287671232876712,0.19863013698630136,0.4246575342465753,8.180736488237217,70.92013917533167,70.92013917533167,0.22540002828463912,21.015400008764118
177,scene0718_00,anms_4d,146,48,0.3287671232876712,0.1917808219178082,0.3972602739726027,8.203012535064186,70.95879283187178,70.95879283187178,1.8149000243283808,20.542899961583316
178,scene0718_00,grid_round_robin,114,47,0.41228070175438597,0.18421052631578946,0.42105263157894735,2.1645021562966815,51.70490728658229,51.70490728658229,0.20940002286806703,19.837600004393607
178,scene0718_00,anms_4d,114,42,0.3684210526315789,0.15789473684210525,0.38596491228070173,1.4827623478479144,54.609724332411496,54.609724332411496,1.353900006506592,19.416099996306002
179,scene0718_00,grid_round_robin,290,107,0.3689655172413793,0.2655172413793103,0.5724137931034483,4.4426685846731715,27.443000392086955,27.443000392086955,0.3971999976783991,30.169399979058653
179,scene0718_00,anms_4d,290,104,0.3586206896551724,0.2413793103448276,0.5379310344827586,3.6845288076789324,23.15410939253889,23.15410939253889,3.847000014502555,30.021299957297742
180,scene0719_00,grid_round_robin,414,178,0.42995169082125606,0.23671497584541062,0.6111111111111112,0.5527482204625928,9.954248977200958,9.954248977200958,0.37859997246414423,34.82940001413226
180,scene0719_00,anms_4d,414,165,0.39855072463768115,0.21980676328502416,0.5917874396135265,0.4835794432122094,9.683609315825777,9.683609315825777,6.0323000070638955,29.52969999751076
181,scene0719_00,grid_round_robin,285,101,0.3543859649122807,0.07017543859649122,0.22807017543859648,1.065711020343891,1.9471311831508,1.9471311831508,0.30239997431635857,26.66000003227964
181,scene0719_00,anms_4d,285,93,0.3263157894736842,0.07368421052631578,0.23508771929824562,1.8507768910230624,7.000087887910363,7.000087887910363,3.8075000047683716,26.317200041376054
182,scene0719_00,grid_round_robin,412,216,0.5242718446601942,0.08980582524271845,0.3446601941747573,1.0967718589224087,5.963596515319813,5.963596515319813,0.38539996603503823,32.52279997104779
182,scene0719_00,anms_4d,412,208,0.5048543689320388,0.08737864077669903,0.32038834951456313,0.15811407052523002,2.0212315891901222,2.0212315891901222,6.002299953252077,36.460200033616275
183,scene0719_00,grid_round_robin,721,399,0.5533980582524272,0.3092926490984743,0.7877947295423023,0.721335532050165,3.965596415472945,3.965596415472945,0.5782999796792865,45.85719999158755
183,scene0719_00,anms_4d,721,390,0.5409153952843273,0.3120665742024965,0.7864077669902912,0.7340949323555426,4.135959005062641,4.135959005062641,12.938500032760203,53.446799982339144
184,scene0719_00,grid_round_robin,583,163,0.27958833619210977,0.18696397941680962,0.5248713550600344,2.0326678789500003,17.836417890177287,17.836417890177287,0.4819000023417175,43.54620003141463
184,scene0719_00,anms_4d,583,168,0.2881646655231561,0.18181818181818182,0.5094339622641509,0.9400460749230383,7.717295776724829,7.717295776724829,9.97710000956431,38.99610001826659
185,scene0719_00,grid_round_robin,537,224,0.4171322160148976,0.26629422718808193,0.6815642458100558,1.1722718483203751,4.7945327650647664,4.7945327650647664,0.5236999713815749,40.166899969335645
185,scene0719_00,anms_4d,537,220,0.409683426443203,0.2532588454376164,0.6685288640595903,1.6291230723017398,6.1121492023540025,6.1121492023540025,8.507699996698648,40.24180001579225
186,scene0719_00,grid_round_robin,289,88,0.3044982698961938,0.10726643598615918,0.4083044982698962,1.9279429704446858,2.4639487921976824,2.4639487921976824,0.34739996772259474,24.37090000603348
186,scene0719_00,anms_4d,289,90,0.31141868512110726,0.10034602076124567,0.4083044982698962,1.895912731870262,2.3862163222218586,2.3862163222218586,3.872100031003356,24.21369997318834
187,scene0719_00,grid_round_robin,229,77,0.33624454148471616,0.13973799126637554,0.4890829694323144,2.75833615598676,4.88400258734221,4.88400258734221,0.41450001299381256,24.176099977921695
187,scene0719_00,anms_4d,229,80,0.34934497816593885,0.1572052401746725,0.5021834061135371,2.0383328835169108,3.8473595182608733,3.8473595182608733,3.6117000272497535,22.670299978926778
188,scene0719_00,grid_round_robin,402,142,0.35323383084577115,0.21890547263681592,0.5746268656716418,1.3986638885342635,28.378474905379974,28.378474905379974,0.3659999929368496,38.91479998128489
188,scene0719_00,anms_4d,402,144,0.3582089552238806,0.22388059701492538,0.5796019900497512,1.2300960104539527,25.53631895184352,25.53631895184352,5.796499957796186,44.91820000112057
189,scene0719_00,grid_round_robin,377,131,0.34748010610079577,0.14323607427055704,0.40583554376657827,0.7856340879467708,3.7508121836317048,3.7508121836317048,0.3755000070668757,30.444799980614334
189,scene0719_00,anms_4d,377,131,0.34748010610079577,0.14323607427055704,0.3978779840848806,0.8096096717247536,3.6485076723709384,3.6485076723709384,5.454200028907508,30.351299967151135
190,scene0719_00,grid_round_robin,317,108,0.34069400630914826,0.14511041009463724,0.4416403785488959,0.306032580138203,1.3123364419673123,1.3123364419673123,0.3282999969087541,26.287299988325685
190,scene0719_00,anms_4d,317,103,0.3249211356466877,0.14826498422712933,0.444794952681388,0.2920809557324049,1.2912289342212708,1.2912289342212708,4.808800003957003,24.098900030367076
191,scene0719_00,grid_round_robin,412,149,0.3616504854368932,0.0412621359223301,0.1407766990291262,2.3162359299420037,7.488955550076712,7.488955550076712,0.3744999994523823,29.819399991538376
191,scene0719_00,anms_4d,412,137,0.3325242718446602,0.038834951456310676,0.14320388349514562,2.2942675097115863,7.495896733533045,7.495896733533045,6.321799999568611,29.025299998465925
192,scene0719_00,grid_round_robin,124,28,0.22580645161290322,0.0967741935483871,0.24193548387096775,1.0870719422934623,5.5075171621265815,5.5075171621265815,0.24720001965761185,17.695099988486618
192,scene0719_00,anms_4d,124,33,0.2661290322580645,0.0967741935483871,0.25,28.114570997734777,56.367380082829804,56.367380082829804,1.7014999757520854,18.16609996603802
193,scene0719_00,grid_round_robin,743,459,0.6177658142664872,0.5275908479138627,0.9421265141318977,0.2256686338833149,1.037563383751988,1.037563383751988,0.5885999999009073,29.18459998909384
193,scene0719_00,anms_4d,743,445,0.5989232839838493,0.522207267833109,0.9367429340511441,0.2992342720346775,1.2046025050305629,1.2046025050305629,13.130999985150993,32.34009997686371
194,scene0719_00,grid_round_robin,709,205,0.28913963328631875,0.21297602256699577,0.616361071932299,0.8173032888099298,10.683833136151755,10.683833136151755,0.7187000010162592,45.85009999573231
194,scene0719_00,anms_4d,709,198,0.27926657263751764,0.2016925246826516,0.5980253878702397,0.9348971308294477,11.704828267084922,11.704828267084922,12.604899995494634,49.612100003287196
195,scene0720_00,grid_round_robin,330,109,0.3303030303030303,0.15757575757575756,0.4727272727272727,1.2047942000753078,9.416292109657117,9.416292109657117,0.3299000090919435,28.841799998190254
195,scene0720_00,anms_4d,330,108,0.32727272727272727,0.15454545454545454,0.4636363636363636,0.409110330890339,7.084562518060274,7.084562518060274,4.532999999355525,30.346999992616475
196,scene0720_00,grid_round_robin,162,69,0.42592592592592593,0.30864197530864196,0.691358024691358,3.766580525939,10.531452327808601,10.531452327808601,0.2343000378459692,21.008699957747012
196,scene0720_00,anms_4d,162,72,0.4444444444444444,0.30864197530864196,0.6851851851851852,2.9207890475026543,6.5021578171399455,6.5021578171399455,2.0272000110708177,21.57189999707043
197,scene0720_00,grid_round_robin,128,62,0.484375,0.453125,0.8046875,2.1435993629057797,3.0088897638618057,3.0088897638618057,0.2232000115327537,20.960900001227856
197,scene0720_00,anms_4d,128,59,0.4609375,0.4296875,0.7890625,1.9800022263298467,2.997011985605665,2.997011985605665,1.5566999791190028,20.49240004271269
198,scene0720_00,grid_round_robin,324,132,0.4074074074074074,0.1111111111111111,0.39197530864197533,2.3278039323447652,22.820391647473535,22.820391647473535,0.3166000242345035,31.052000005729496
198,scene0720_00,anms_4d,324,123,0.37962962962962965,0.1111111111111111,0.39814814814814814,2.1618780191063833,31.276192683615797,31.276192683615797,4.462199984118342,30.036300013307482
199,scene0720_00,grid_round_robin,252,105,0.4166666666666667,0.0992063492063492,0.32142857142857145,1.7465302802397122,12.113075364508317,12.113075364508317,0.28500001644715667,25.657900026999414
199,scene0720_00,anms_4d,252,110,0.4365079365079365,0.10317460317460317,0.32142857142857145,1.9960815795044538,11.297130443664384,11.297130443664384,3.304300014860928,25.13069997075945
200,scene0720_00,grid_round_robin,3,0,0.0,0.0,0.0,inf,inf,inf,0.1420000335201621,0.014699995517730713
200,scene0720_00,anms_4d,3,0,0.0,0.0,0.0,inf,inf,inf,0.10080001084133983,0.007200054824352264
201,scene0720_00,grid_round_robin,496,168,0.3387096774193548,0.15725806451612903,0.4778225806451613,2.707621907070255,36.44193157955122,36.44193157955122,0.4168000305071473,38.412699999753386
201,scene0720_00,anms_4d,496,162,0.32661290322580644,0.15524193548387097,0.4798387096774194,1.1894434828195992,9.585843891633324,9.585843891633324,7.6549999648705125,33.590200007893145
202,scene0720_00,grid_round_robin,174,65,0.3735632183908046,0.10344827586206896,0.3218390804597701,0.5936935847432451,17.129960036895717,17.129960036895717,0.3208999987691641,21.299899963196367
202,scene0720_00,anms_4d,174,60,0.3448275862068966,0.10919540229885058,0.3218390804597701,0.6222801607091789,16.05968863945988,16.05968863945988,2.436299982946366,21.05949999531731
203,scene0720_00,grid_round_robin,74,20,0.2702702702702703,0.04054054054054054,0.10810810810810811,10.010252340446002,30.278391884728208,30.278391884728208,0.19560003420338035,16.833400004543364
203,scene0720_00,anms_4d,74,17,0.22972972972972974,0.04054054054054054,0.10810810810810811,17.58065441926549,11.670998490147474,17.58065441926549,0.89640001533553,16.241999983321875
204,scene0720_00,grid_round_robin,211,92,0.43601895734597157,0.10426540284360189,0.27488151658767773,2.271342218674684,2.75816031079665,2.75816031079665,0.2682000049389899,23.60640000551939
204,scene0720_00,anms_4d,211,85,0.4028436018957346,0.10900473933649289,0.2796208530805687,1.982397248615035,3.4125404359780487,3.4125404359780487,2.958600001875311,26.98909997707233
205,scene0720_00,grid_round_robin,223,103,0.4618834080717489,0.053811659192825115,0.34977578475336324,2.0011849554221777,11.193163068268351,11.193163068268351,0.2663000486791134,26.95349999703467
205,scene0720_00,anms_4d,223,99,0.4439461883408072,0.053811659192825115,0.33183856502242154,2.0301396728238315,11.52548340525121,11.52548340525121,2.9034000472165644,26.681200019083917
206,scene0720_00,grid_round_robin,3,0,0.0,0.0,0.0,inf,inf,inf,0.14050002209842205,0.015600002370774746
206,scene0720_00,anms_4d,3,0,0.0,0.0,0.0,inf,inf,inf,0.12090004747733474,0.008000002708286047
207,scene0720_00,grid_round_robin,5,5,1.0,0.0,0.0,169.86144908814813,31.459313995083022,169.86144908814813,0.13379997108131647,0.4521000082604587
207,scene0720_00,anms_4d,5,5,1.0,0.0,0.0,169.86144908814813,31.459313995083022,169.86144908814813,0.1173000200651586,0.37540000630542636
208,scene0720_00,grid_round_robin,1,0,0.0,0.0,0.0,inf,inf,inf,0.14730001566931605,0.013899989426136017
208,scene0720_00,anms_4d,1,0,0.0,0.0,0.0,inf,inf,inf,0.07919996278360486,0.010600022505968809
209,scene0720_00,grid_round_robin,51,15,0.29411764705882354,0.09803921568627451,0.2549019607843137,74.97447381180966,14.06850652526407,74.97447381180966,0.16529997810721397,14.38629999756813
209,scene0720_00,anms_4d,51,16,0.3137254901960784,0.09803921568627451,0.23529411764705882,14.973488773300485,24.894172789349668,24.894172789349668,0.6123000057414174,13.965099991764873
210,scene0721_00,grid_round_robin,12,7,0.5833333333333334,0.0,0.08333333333333333,145.27860497474683,34.43705630405579,145.27860497474683,0.13899995246902108,6.446100014727563
210,scene0721_00,anms_4d,12,8,0.6666666666666666,0.0,0.08333333333333333,143.61699489341945,32.72911502806893,143.61699489341945,0.5307000246830285,3.44469997799024
211,scene0721_00,grid_round_robin,308,136,0.44155844155844154,0.02922077922077922,0.11038961038961038,2.814812105645118,5.785599655616111,5.785599655616111,0.3304000128991902,30.65889998106286
211,scene0721_00,anms_4d,308,131,0.4253246753246753,0.02922077922077922,0.11688311688311688,2.687207884397755,5.392012587547547,5.392012587547547,4.174600006081164,32.01630001422018
212,scene0721_00,grid_round_robin,7,5,0.7142857142857143,0.0,0.0,104.24715252216838,78.40769123009034,104.24715252216838,0.1404000213369727,2.1705999970436096
212,scene0721_00,anms_4d,7,5,0.7142857142857143,0.0,0.0,164.16717756858515,47.33852866916101,164.16717756858515,0.16419996973127127,2.171000000089407
213,scene0721_00,grid_round_robin,86,34,0.3953488372093023,0.11627906976744186,0.27906976744186046,15.798191049886928,22.161411098324578,22.161411098324578,0.18199998885393143,17.57189998170361
213,scene0721_00,anms_4d,86,30,0.3488372093023256,0.11627906976744186,0.29069767441860467,15.976389282679836,23.11745642166383,23.11745642166383,1.011700020171702,17.286499962210655
214,scene0721_00,grid_round_robin,110,33,0.3,0.045454545454545456,0.14545454545454545,9.097358855416882,31.47344307244399,31.47344307244399,0.19340001745149493,17.557699989993125
214,scene0721_00,anms_4d,110,34,0.3090909090909091,0.045454545454545456,0.14545454545454545,1.859685392434894,3.5176218010623237,3.5176218010623237,1.2933000107295811,17.233300022780895
215,scene0721_00,grid_round_robin,88,23,0.26136363636363635,0.045454545454545456,0.13636363636363635,7.376316023126145,7.297791876300041,7.376316023126145,0.19019999308511615,16.50640001753345
215,scene0721_00,anms_4d,88,24,0.2727272727272727,0.056818181818181816,0.1590909090909091,9.397452305027745,10.949841735694559,10.949841735694559,1.0441999766044319,17.130799998994917
216,scene0721_00,grid_round_robin,6,5,0.8333333333333334,0.0,0.0,151.68105744809296,65.54626631879881,151.68105744809296,0.14180003199726343,0.9720000089146197
216,scene0721_00,anms_4d,6,5,0.8333333333333334,0.0,0.0,151.68105744809296,65.54626631879881,151.68105744809296,0.12910005170851946,0.895800010766834
217,scene0721_00,grid_round_robin,65,20,0.3076923076923077,0.12307692307692308,0.3384615384615385,26.151260705391106,39.751041683194515,39.751041683194515,0.17399998614564538,15.727000019978732
217,scene0721_00,anms_4d,65,20,0.3076923076923077,0.1076923076923077,0.3076923076923077,7.729164528565278,5.689203759257936,7.729164528565278,0.7522000232711434,15.25900000706315
218,scene0721_00,grid_round_robin,42,16,0.38095238095238093,0.047619047619047616,0.11904761904761904,48.87855404158539,43.92787217669792,48.87855404158539,0.17860002117231488,15.082899946719408
218,scene0721_00,anms_4d,42,16,0.38095238095238093,0.047619047619047616,0.11904761904761904,29.815219526896907,54.94881594190687,54.94881594190687,0.5225999630056322,14.9807000416331
219,scene0721_00,grid_round_robin,205,67,0.32682926829268294,0.16097560975609757,0.4682926829268293,0.667905669184551,3.7012929357903794,3.7012929357903794,0.24459999985992908,21.517599991057068
219,scene0721_00,anms_4d,205,65,0.3170731707317073,0.15121951219512195,0.4634146341463415,1.6243108944734828,2.630789880383128,2.630789880383128,3.0628000386059284,21.168700011912733
220,scene0721_00,grid_round_robin,2,0,0.0,0.0,0.0,inf,inf,inf,0.13699999544769526,0.01479999627918005
220,scene0721_00,anms_4d,2,0,0.0,0.0,0.0,inf,inf,inf,0.083099992480129,0.007099995855242014
221,scene0721_00,grid_round_robin,150,47,0.31333333333333335,0.21333333333333335,0.48,3.275491128292726,1.9666235099686602,3.275491128292726,0.21170004038140178,18.411200027912855
221,scene0721_00,anms_4d,150,47,0.31333333333333335,0.19333333333333333,0.46,1.0315573407988046,2.9972080730591317,2.9972080730591317,1.8364000134170055,18.10509996721521
222,scene0721_00,grid_round_robin,130,42,0.3230769230769231,0.16153846153846155,0.3230769230769231,0.452782471597043,1.7732765328278177,1.7732765328278177,0.21900003775954247,19.231599988415837
222,scene0721_00,anms_4d,130,43,0.33076923076923076,0.17692307692307693,0.34615384615384615,2.079738498968787,3.4822044770930938,3.4822044770930938,1.5692999586462975,18.236699979752302
223,scene0721_00,grid_round_robin,84,29,0.34523809523809523,0.09523809523809523,0.25,13.806577417164123,28.21610670855225,28.21610670855225,0.2017999649979174,18.306399986613542
223,scene0721_00,anms_4d,84,28,0.3333333333333333,0.09523809523809523,0.25,39.511291994286445,64.45807569170002,64.45807569170002,0.9725000127218664,18.518899974878877
224,scene0721_00,grid_round_robin,43,21,0.4883720930232558,0.023255813953488372,0.09302325581395349,9.06889069818602,22.039177261531503,22.039177261531503,0.1748999929986894,17.672999994829297
224,scene0721_00,anms_4d,43,21,0.4883720930232558,0.023255813953488372,0.09302325581395349,9.068890698184973,22.0391772615284,22.0391772615284,0.5387000273913145,16.846800048369914
225,scene0722_00,grid_round_robin,552,243,0.44021739130434784,0.13043478260869565,0.3677536231884058,0.844224685256673,2.3080649535520616,2.3080649535520616,0.5221000174060464,44.801499985624105
225,scene0722_00,anms_4d,552,245,0.4438405797101449,0.12681159420289856,0.36231884057971014,0.6644299395374238,0.9664314395116723,0.9664314395116723,8.994200034067035,37.54730004584417
226,scene0722_00,grid_round_robin,713,351,0.49228611500701264,0.07573632538569425,0.3085553997194951,1.3102156698799217,3.637386286905659,3.637386286905659,0.6263000541366637,55.15880003804341
226,scene0722_00,anms_4d,713,347,0.48667601683029454,0.07433380084151472,0.3015427769985975,1.291977107935141,3.5431915910279628,3.5431915910279628,12.363600020762533,55.64330000197515
227,scene0722_00,grid_round_robin,144,43,0.2986111111111111,0.1111111111111111,0.3611111111111111,2.4813502759392487,3.7435339667014635,3.7435339667014635,0.23209996288642287,18.94390000961721
227,scene0722_00,anms_4d,144,44,0.3055555555555556,0.11805555555555555,0.3680555555555556,2.106527465352663,3.9782760040622924,3.9782760040622924,1.756399986334145,19.37779999570921
228,scene0722_00,grid_round_robin,222,91,0.4099099099099099,0.15765765765765766,0.4594594594594595,0.8004757293932045,1.7912573839266455,1.7912573839266455,0.2959000412374735,26.643400022294372
228,scene0722_00,anms_4d,222,82,0.36936936936936937,0.15315315315315314,0.47297297297297297,1.1648927469111294,2.6613731068661433,2.6613731068661433,3.055300039704889,26.17120003560558
229,scene0722_00,grid_round_robin,257,99,0.3852140077821012,0.054474708171206226,0.36186770428015563,7.834168272479072,12.938005000749534,12.938005000749534,0.3160999622195959,24.550599977374077
229,scene0722_00,anms_4d,257,98,0.38132295719844356,0.054474708171206226,0.3657587548638132,7.211770126774522,11.79869113559326,11.79869113559326,3.742599976249039,23.164500016719103
230,scene0722_00,grid_round_robin,235,67,0.2851063829787234,0.09361702127659574,0.28085106382978725,7.8060091948353385,12.677738722652034,12.677738722652034,0.2959999837912619,22.498700011055917
230,scene0722_00,anms_4d,235,64,0.2723404255319149,0.0851063829787234,0.2723404255319149,8.38743599175318,12.800193137634176,12.800193137634176,3.2064999686554074,21.956600015982985
231,scene0722_00,grid_round_robin,364,135,0.3708791208791209,0.1978021978021978,0.5824175824175825,1.80973202786485,6.234957014025703,6.234957014025703,0.3341999836266041,27.750200009904802
231,scene0722_00,anms_4d,364,126,0.34615384615384615,0.2032967032967033,0.5824175824175825,0.9891106837159573,4.348135208696232,4.348135208696232,5.584499973338097,25.124499981757253
232,scene0722_00,grid_round_robin,291,85,0.2920962199312715,0.21305841924398625,0.6151202749140894,0.7885091592476572,5.603371168237035,5.603371168237035,0.3027999773621559,28.021200036164373
232,scene0722_00,anms_4d,291,83,0.2852233676975945,0.22336769759450173,0.6219931271477663,1.4818454496419637,4.214914668056795,4.214914668056795,4.266000003553927,27.61590003501624
233,scene0722_00,grid_round_robin,577,198,0.3431542461005199,0.1681109185441941,0.5303292894280762,1.3672576517985537,4.330068038402352,4.330068038402352,0.4844000213779509,40.887199982535094
233,scene0722_00,anms_4d,577,202,0.35008665511265163,0.17504332755632582,0.537261698440208,1.2815892779338314,4.377762847197696,4.377762847197696,9.522999986074865,46.94719996768981
234,scene0722_00,grid_round_robin,570,297,0.5210526315789473,0.3912280701754386,0.8298245614035088,0.8463311994140421,0.9247025124251088,0.9247025124251088,0.4613999626599252,59.495900000911206
234,scene0722_00,anms_4d,570,294,0.5157894736842106,0.3824561403508772,0.8245614035087719,0.8671493546500895,1.0087500848593502,1.0087500848593502,9.231299976818264,43.716899992432445
235,scene0722_00,grid_round_robin,540,209,0.387037037037037,0.29074074074074074,0.7462962962962963,0.5639142339333247,2.9126931935716893,2.9126931935716893,0.4325000336393714,39.76749995490536
235,scene0722_00,anms_4d,540,202,0.37407407407407406,0.2796296296296296,0.7203703703703703,0.8996575785635735,4.805974636898818,4.805974636898818,8.428499975707382,43.813500029500574
236,scene0722_00,grid_round_robin,481,153,0.3180873180873181,0.14553014553014554,0.5031185031185031,1.3460412729015645,5.127269556636344,5.127269556636344,0.423500023316592,36.31090000271797
236,scene0722_00,anms_4d,481,150,0.31185031185031187,0.15176715176715178,0.5031185031185031,4.078707823662594,34.61702716769375,34.61702716769375,7.916799979284406,43.04099996807054
237,scene0722_00,grid_round_robin,239,81,0.3389121338912134,0.200836820083682,0.5230125523012552,1.3711904459099657,32.7413161728497,32.7413161728497,0.2723999787122011,26.51930000865832
237,scene0722_00,anms_4d,239,83,0.3472803347280335,0.200836820083682,0.502092050209205,3.8084416592252466,89.69669157285256,89.69669157285256,3.126600000541657,26.51799999875948
238,scene0722_00,grid_round_robin,248,66,0.2661290322580645,0.15725806451612903,0.3911290322580645,1.9686258754524961,6.489469911239085,6.489469911239085,0.3034999826923013,22.89389999350533
238,scene0722_00,anms_4d,248,61,0.24596774193548387,0.1532258064516129,0.3951612903225806,1.6505286644898587,4.776639248280112,4.776639248280112,3.2139000250026584,22.893000044859946
239,scene0722_00,grid_round_robin,240,82,0.3416666666666667,0.10833333333333334,0.5208333333333334,0.7449133905218537,2.5808413977356346,2.5808413977356346,0.30479999259114265,24.946400022599846
239,scene0722_00,anms_4d,240,79,0.32916666666666666,0.1125,0.5166666666666667,0.3625914932519221,1.804651367649123,1.804651367649123,3.3495999523438513,23.57379999011755
240,scene0723_00,grid_round_robin,300,170,0.5666666666666667,0.15333333333333332,0.3566666666666667,1.7010704696105623,3.535878757324822,3.535878757324822,0.3907000063918531,20.858699979726225
240,scene0723_00,anms_4d,300,160,0.5333333333333333,0.15,0.3433333333333333,3.068035797071595,6.182711721954752,6.182711721954752,4.1461000218987465,28.77849998185411
241,scene0723_00,grid_round_robin,638,366,0.5736677115987461,0.34796238244514105,0.8479623824451411,0.3033850558946131,1.9891801145629115,1.9891801145629115,0.49409997882321477,43.04379998939112
241,scene0723_00,anms_4d,638,353,0.5532915360501567,0.3463949843260188,0.8338557993730408,0.32211098993160836,1.391672610017578,1.391672610017578,11.309999972581863,55.54520001169294
242,scene0723_00,grid_round_robin,336,125,0.37202380952380953,0.1875,0.49107142857142855,2.927783520174543,17.160654826412802,17.160654826412802,0.33599999733269215,32.695200003217906
242,scene0723_00,anms_4d,336,123,0.36607142857142855,0.1875,0.47619047619047616,2.7588782059264587,16.230864525979058,16.230864525979058,4.6313999919220805,34.60849996190518
243,scene0723_00,grid_round_robin,597,223,0.37353433835845895,0.17755443886097153,0.4371859296482412,1.6309198543712395,75.92090900756536,75.92090900756536,0.4875999875366688,44.97290001017973
243,scene0723_00,anms_4d,597,238,0.39865996649916247,0.17587939698492464,0.4321608040201005,1.6538020292526254,78.30202345738395,78.30202345738395,10.48990001436323,49.01150002842769
244,scene0723_00,grid_round_robin,508,300,0.5905511811023622,0.3031496062992126,0.7559055118110236,1.2959990696770654,13.117182436834472,13.117182436834472,0.4414999857544899,27.389499999117106
244,scene0723_00,anms_4d,508,303,0.5964566929133859,0.3110236220472441,0.7618110236220472,1.1989252942378739,12.094188176224815,12.094188176224815,8.300699992105365,34.64480000548065
245,scene0723_00,grid_round_robin,291,82,0.281786941580756,0.12714776632302405,0.3230240549828179,4.691248401208789,12.441374415615696,12.441374415615696,0.29229995561763644,28.404900047462434
245,scene0723_00,anms_4d,291,84,0.28865979381443296,0.12027491408934708,0.3161512027491409,3.625855252765782,9.103243344497924,9.103243344497924,3.9683000068180263,30.001400038599968
246,scene0723_00,grid_round_robin,296,126,0.42567567567567566,0.08108108108108109,0.28378378378378377,4.123351982513913,3.3685548292280743,4.123351982513913,0.3053999971598387,30.832900025416166
246,scene0723_00,anms_4d,296,120,0.40540540540540543,0.09121621621621621,0.2972972972972973,4.127445176193917,3.3656689094896963,4.127445176193917,3.9701000205241144,29.76970002055168
247,scene0723_00,grid_round_robin,198,58,0.29292929292929293,0.18181818181818182,0.51010101010101,0.3565111894561088,2.745819620316245,2.745819620316245,0.2587999915704131,21.266399999149144
247,scene0723_00,anms_4d,198,58,0.29292929292929293,0.18686868686868688,0.51010101010101,1.2359929638687297,1.5817779774266685,1.5817779774266685,2.4941000156104565,22.390700003597885
248,scene0723_00,grid_round_robin,223,91,0.4080717488789238,0.13004484304932734,0.3452914798206278,1.110483769149115,1.8510593367197592,1.8510593367197592,0.2609000075608492,24.347600003238767
248,scene0723_00,anms_4d,223,90,0.40358744394618834,0.13901345291479822,0.3632286995515695,1.057914432386386,2.112422372437447,2.112422372437447,3.2836999744176865,24.33400001609698
249,scene0723_00,grid_round_robin,313,158,0.5047923322683706,0.3035143769968051,0.7507987220447284,0.7493513681598054,3.5846913318456757,3.5846913318456757,0.34149998100474477,29.907000018283725
249,scene0723_00,anms_4d,313,150,0.4792332268370607,0.2971246006389776,0.7476038338658147,0.7275102163383823,3.6544970977629823,3.6544970977629823,4.490600025746971,29.995999997481704
250,scene0723_00,grid_round_robin,193,67,0.3471502590673575,0.10362694300518134,0.42487046632124353,0.7437586448206466,2.903751369005767,2.903751369005767,0.2652000403031707,22.6315000327304
250,scene0723_00,anms_4d,193,70,0.3626943005181347,0.09844559585492228,0.42487046632124353,0.3011889850701747,1.6309751287725114,1.6309751287725114,2.4227999965660274,22.74720004061237
251,scene0723_00,grid_round_robin,86,22,0.2558139534883721,0.046511627906976744,0.13953488372093023,15.118663711405032,7.916086821702594,15.118663711405032,0.18959998851642013,16.308800026308745
251,scene0723_00,anms_4d,86,22,0.2558139534883721,0.046511627906976744,0.13953488372093023,12.639404363318254,6.7838110668582114,12.639404363318254,0.9890000219456851,15.795000013895333
252,scene0723_00,grid_round_robin,70,28,0.4,0.02857142857142857,0.24285714285714285,8.807316037607315,3.856119878649809,8.807316037607315,0.18559995805844665,15.437800029758364
252,scene0723_00,anms_4d,70,25,0.35714285714285715,0.02857142857142857,0.2571428571428571,28.97780773702411,36.99548982131217,36.99548982131217,0.8249999955296516,15.335699950810522
253,scene0723_00,grid_round_robin,99,24,0.24242424242424243,0.030303030303030304,0.09090909090909091,5.0144278076812565,9.095088247685883,9.095088247685883,0.19679998513311148,15.717000002041459
253,scene0723_00,anms_4d,99,23,0.23232323232323232,0.04040404040404041,0.10101010101010101,4.188391535519283,7.476714048570881,7.476714048570881,1.201900013256818,15.576299978420138
254,scene0723_00,grid_round_robin,564,263,0.46631205673758863,0.225177304964539,0.7074468085106383,0.7299469925421513,3.2079120704681734,3.2079120704681734,0.48290000995621085,50.05459999665618
254,scene0723_00,anms_4d,564,268,0.475177304964539,0.23049645390070922,0.7092198581560284,0.720123594378472,3.1191335461035035,3.1191335461035035,9.372800006531179,59.305100003257394
255,scene0724_00,grid_round_robin,133,52,0.39097744360902253,0.0,0.007518796992481203,3.7766533662204163,5.90925523308691,5.90925523308691,0.22529996931552887,19.297400023788214
255,scene0724_00,anms_4d,133,50,0.37593984962406013,0.0,0.007518796992481203,3.9393724635313405,5.669875135069155,5.669875135069155,1.9247999880462885,18.900000024586916
256,scene0724_00,grid_round_robin,15,8,0.5333333333333333,0.0,0.06666666666666667,101.57880236045813,53.546474642122064,101.57880236045813,0.22260000696405768,11.39060000423342
256,scene0724_00,anms_4d,15,8,0.5333333333333333,0.0,0.06666666666666667,101.57880236046528,53.5464746421213,101.57880236046528,0.23319997126236558,10.391800024081022
257,scene0724_00,grid_round_robin,213,66,0.30985915492957744,0.07042253521126761,0.23943661971830985,1.5161468860519087,6.292192295812114,6.292192295812114,0.2770000137388706,23.92189996317029
257,scene0724_00,anms_4d,213,54,0.2535211267605634,0.07042253521126761,0.23943661971830985,1.2635372356245198,4.609131870637874,4.609131870637874,2.6971999905072153,22.147800016682595
258,scene0724_00,grid_round_robin,208,92,0.4423076923076923,0.02403846153846154,0.15865384615384615,1.130263456455983,0.5941755444696329,1.130263456455983,0.2818999928422272,23.23569997679442
258,scene0724_00,anms_4d,208,87,0.4182692307692308,0.028846153846153848,0.15865384615384615,1.230043497731234,0.7833238346086275,1.230043497731234,2.827599993906915,26.792399992700666
259,scene0724_00,grid_round_robin,207,61,0.2946859903381642,0.1497584541062802,0.37681159420289856,0.40595067533632756,2.2785066925051685,2.2785066925051685,0.2620000159367919,22.44359999895096
259,scene0724_00,anms_4d,207,60,0.2898550724637681,0.1497584541062802,0.3719806763285024,10.498779199397514,41.21116271995685,41.21116271995685,2.8605000115931034,23.42879999196157
260,scene0724_00,grid_round_robin,185,47,0.25405405405405407,0.0918918918918919,0.25405405405405407,1.3218518775485688,0.8754512274739461,1.3218518775485688,0.29389996780082583,20.65479999873787
260,scene0724_00,anms_4d,185,42,0.22702702702702704,0.08648648648648649,0.24324324324324326,21.440553486908424,84.72810621054825,84.72810621054825,2.3750000400468707,20.494099997449666
261,scene0724_00,grid_round_robin,58,33,0.5689655172413793,0.017241379310344827,0.017241379310344827,18.409639272035875,22.83266498068644,22.83266498068644,0.18919998547062278,9.85259999288246
261,scene0724_00,anms_4d,58,32,0.5517241379310345,0.017241379310344827,0.017241379310344827,18.49816548520114,22.981977812719638,22.981977812719638,0.8294999715872109,11.080299969762564
262,scene0724_00,grid_round_robin,53,21,0.39622641509433965,0.0,0.05660377358490566,7.561952429850238,9.10943862355208,9.10943862355208,0.16820000018924475,15.801700006704777
262,scene0724_00,anms_4d,53,20,0.37735849056603776,0.0,0.05660377358490566,7.442323318692517,9.02536021678445,9.02536021678445,0.6516000139527023,15.524499991443008
263,scene0724_00,grid_round_robin,204,106,0.5196078431372549,0.27450980392156865,0.7107843137254902,2.137017244670865,1.9907462413926933,2.137017244670865,0.27109996881335974,22.563599981367588
263,scene0724_00,anms_4d,204,111,0.5441176470588235,0.2647058823529412,0.6911764705882353,0.756971049376398,3.5228096587273945,3.5228096587273945,2.7128999936394393,17.883899970911443
264,scene0724_00,grid_round_robin,17,9,0.5294117647058824,0.058823529411764705,0.11764705882352941,111.3641347707054,77.71784526284577,111.3641347707054,0.3019999712705612,13.14490003278479
264,scene0724_00,anms_4d,17,8,0.47058823529411764,0.058823529411764705,0.11764705882352941,100.97709243080386,23.710699743469085,100.97709243080386,0.2500999835319817,13.906100008171052
265,scene0724_00,grid_round_robin,238,135,0.5672268907563025,0.27310924369747897,0.7394957983193278,0.49025757051789964,2.8323257247970837,2.8323257247970837,0.2796000335365534,16.667599964421242
265,scene0724_00,anms_4d,238,128,0.5378151260504201,0.2815126050420168,0.7352941176470589,0.5336152424526689,2.2216401579827747,2.2216401579827747,3.095799998845905,19.372500013560057
266,scene0724_00,grid_round_robin,86,23,0.26744186046511625,0.046511627906976744,0.12790697674418605,29.215435209511302,48.65426572565053,48.65426572565053,0.18880004063248634,18.120600027032197
266,scene0724_00,anms_4d,86,26,0.3023255813953488,0.05813953488372093,0.12790697674418605,24.876886956492942,40.93071201080151,40.93071201080151,1.160199986770749,18.928100005723536
267,scene0724_00,grid_round_robin,80,26,0.325,0.0625,0.25,24.125118458237182,35.1212069459225,35.1212069459225,0.19109999993816018,17.948599997907877
267,scene0724_00,anms_4d,80,24,0.3,0.0625,0.2375,66.00703703122808,37.81439543635761,66.00703703122808,0.9535000426694751,17.461700015701354
268,scene0724_00,grid_round_robin,290,116,0.4,0.027586206896551724,0.15862068965517243,0.9949783437585891,2.334488277731178,2.334488277731178,0.30210003023967147,27.484500024002045
268,scene0724_00,anms_4d,290,115,0.39655172413793105,0.027586206896551724,0.15862068965517243,0.9967274830670563,3.378511929799602,3.378511929799602,3.8967999862506986,28.900699981022626
269,scene0724_00,grid_round_robin,344,163,0.4738372093023256,0.30523255813953487,0.75,0.9779667062690124,5.256295027783083,5.256295027783083,0.3288000007160008,33.74479996273294
269,scene0724_00,anms_4d,344,152,0.4418604651162791,0.3168604651162791,0.752906976744186,0.4458736752784425,0.221525832598051,0.4458736752784425,5.009799962863326,32.344400009606034
270,scene0725_00,grid_round_robin,174,66,0.3793103448275862,0.06896551724137931,0.40229885057471265,2.120893072704076,10.574206283299347,10.574206283299347,0.23929995950311422,22.21240004291758
270,scene0725_00,anms_4d,174,66,0.3793103448275862,0.06896551724137931,0.41379310344827586,1.1815353475253654,8.000893721995615,8.000893721995615,2.306199981831014,21.66140003828332
271,scene0725_00,grid_round_robin,206,74,0.3592233009708738,0.14563106796116504,0.4077669902912621,0.42824321787347924,1.2938831495407845,1.2938831495407845,0.36800000816583633,20.004899997729808
271,scene0725_00,anms_4d,206,75,0.3640776699029126,0.1553398058252427,0.39805825242718446,0.8132394959696635,1.9824464470057577,1.9824464470057577,3.0228999676182866,20.261900033801794
272,scene0725_00,grid_round_robin,147,65,0.4421768707482993,0.05442176870748299,0.11564625850340136,0.48343904734584525,1.2852200259006938,1.2852200259006938,0.22869999520480633,19.987300038337708
272,scene0725_00,anms_4d,147,58,0.3945578231292517,0.05442176870748299,0.1360544217687075,0.47746459426595383,1.2793262972678598,1.2793262972678598,1.822899968829006,25.69669997319579
273,scene0725_00,grid_round_robin,304,123,0.40460526315789475,0.19078947368421054,0.5756578947368421,0.5798340999995856,4.2719572115036675,4.2719572115036675,0.35340001340955496,31.60689998185262
273,scene0725_00,anms_4d,304,124,0.40789473684210525,0.19078947368421054,0.5789473684210527,0.25691291077095046,1.7923920510885638,1.7923920510885638,4.359200014732778,31.691999989561737
274,scene0725_00,grid_round_robin,126,39,0.30952380952380953,0.0,0.007936507936507936,10.522129271311103,3.895470255132124,10.522129271311103,0.22270000772550702,17.86800002446398
274,scene0725_00,anms_4d,126,37,0.29365079365079366,0.0,0.007936507936507936,18.332252069349302,7.329636018815375,18.332252069349302,1.5347999869845808,17.57210004143417
275,scene0725_00,grid_round_robin,193,85,0.44041450777202074,0.19170984455958548,0.6321243523316062,0.6289553517027048,5.292569152676632,5.292569152676632,0.2693000133149326,24.308400053996593
275,scene0725_00,anms_4d,193,80,0.41450777202072536,0.17616580310880828,0.6113989637305699,0.6058277381642719,5.103400489938195,5.103400489938195,2.6526000001467764,24.007199972402304
276,scene0725_00,grid_round_robin,203,66,0.3251231527093596,0.24630541871921183,0.5812807881773399,5.015115169623277,22.79221509866908,22.79221509866908,0.25290000485256314,21.991699992213398
276,scene0725_00,anms_4d,203,67,0.33004926108374383,0.2512315270935961,0.5812807881773399,5.454319992892513,30.333314099731332,30.333314099731332,2.5485000223852694,21.089799993205816
277,scene0725_00,grid_round_robin,115,35,0.30434782608695654,0.10434782608695652,0.26956521739130435,13.32893664290482,40.67388768598336,40.67388768598336,0.20710000535473228,17.17319997260347
277,scene0725_00,anms_4d,115,34,0.2956521739130435,0.10434782608695652,0.2608695652173913,0.8831944593085377,4.255743180224038,4.255743180224038,1.9789999932982028,17.23539998056367
278,scene0725_00,grid_round_robin,183,68,0.37158469945355194,0.24043715846994534,0.6284153005464481,0.685959646820808,28.455898120161695,28.455898120161695,0.23609999334439635,23.020299966447055
278,scene0725_00,anms_4d,183,76,0.41530054644808745,0.2459016393442623,0.6065573770491803,0.6763972790751798,28.013930656554933,28.013930656554933,2.2985999821685255,25.374599965289235
279,scene0725_00,grid_round_robin,5,5,1.0,0.0,0.0,165.7221665253838,33.68442224928481,165.7221665253838,0.13470003614202142,0.45440002577379346
279,scene0725_00,anms_4d,5,5,1.0,0.0,0.0,165.7221665253838,33.68442224928481,165.7221665253838,0.1268000341951847,0.3624999662861228
280,scene0725_00,grid_round_robin,179,68,0.37988826815642457,0.22346368715083798,0.5083798882681564,2.48304045093524,7.543109428781108,7.543109428781108,0.24279998615384102,23.981900012586266
280,scene0725_00,anms_4d,179,67,0.3743016759776536,0.2346368715083799,0.5027932960893855,2.265985092476527,5.861284369084582,5.861284369084582,2.3249000078067183,25.249199999962002
281,scene0725_00,grid_round_robin,239,106,0.4435146443514644,0.3263598326359833,0.6820083682008368,1.0856796441293444,3.820344580711393,3.820344580711393,0.2717000315897167,24.195700010750443
281,scene0725_00,anms_4d,239,104,0.4351464435146444,0.3179916317991632,0.6610878661087866,0.925316434611581,3.3682784829033894,3.3682784829033894,3.221399965696037,22.491100011393428
282,scene0725_00,grid_round_robin,150,59,0.3933333333333333,0.14,0.36,1.6045593005573364,2.331361931764415,2.331361931764415,0.24449999909847975,22.191900003235787
282,scene0725_00,anms_4d,150,61,0.4066666666666667,0.13333333333333333,0.35333333333333333,2.0826491446654996,2.6760269785555764,2.6760269785555764,1.9629999878816307,20.32319997670129
283,scene0725_00,grid_round_robin,194,55,0.28350515463917525,0.13917525773195877,0.4329896907216495,1.9064069144760185,4.642743377420704,4.642743377420704,0.31890004174783826,22.503699990920722
283,scene0725_00,anms_4d,194,56,0.28865979381443296,0.14432989690721648,0.4329896907216495,1.536444596025838,3.8671500591528316,3.8671500591528316,2.442800032440573,22.343100048601627
284,scene0725_00,grid_round_robin,174,64,0.367816091954023,0.1724137931034483,0.4367816091954023,2.4126642567746077,9.049828879075537,9.049828879075537,0.27029996272176504,23.873600002843887
284,scene0725_00,anms_4d,174,63,0.3620689655172414,0.1839080459770115,0.4425287356321839,2.1357439846588417,7.632688554361282,7.632688554361282,2.266500028781593,24.516500008758157
285,scene0726_00,grid_round_robin,32,13,0.40625,0.03125,0.03125,47.00189191229987,63.073773946441555,63.073773946441555,0.16119994688779116,15.145400015171617
285,scene0726_00,anms_4d,32,13,0.40625,0.0,0.0,47.001891912300195,63.073773946442266,63.073773946442266,0.43709995225071907,15.188599994871765
286,scene0726_00,grid_round_robin,75,23,0.30666666666666664,0.04,0.12,10.503768991495717,15.498385593579167,15.498385593579167,0.1897999900393188,16.085400013253093
286,scene0726_00,anms_4d,75,23,0.30666666666666664,0.04,0.12,8.462433898497704,12.531029310281456,12.531029310281456,1.2342000263743103,15.882399980910122
287,scene0726_00,grid_round_robin,74,22,0.2972972972972973,0.0,0.013513513513513514,17.009255190269982,19.510560256348732,19.510560256348732,0.20209996728226542,16.393300029449165
287,scene0726_00,anms_4d,74,20,0.2702702702702703,0.0,0.013513513513513514,11.676888311288703,22.350722309869525,22.350722309869525,0.8559999987483025,16.669900040142238
288,scene0726_00,grid_round_robin,5,5,1.0,0.0,0.0,53.250279535464585,22.493145376627,53.250279535464585,0.13960001524537802,0.5222000181674957
288,scene0726_00,anms_4d,5,5,1.0,0.0,0.0,53.250279535464585,22.493145376627,53.250279535464585,0.41769997915253043,0.554799975361675
289,scene0726_00,grid_round_robin,55,17,0.3090909090909091,0.05454545454545454,0.12727272727272726,9.094448036106616,14.67248143499137,14.67248143499137,0.16029999824240804,15.38349996553734
289,scene0726_00,anms_4d,55,16,0.2909090909090909,0.05454545454545454,0.18181818181818182,13.936917303629876,17.505097319381115,17.505097319381115,0.6698999786749482,15.74060000712052
290,scene0726_00,grid_round_robin,76,19,0.25,0.09210526315789473,0.2236842105263158,50.739976986406695,83.3127385695935,83.3127385695935,0.25859999004751444,15.492499980609864
290,scene0726_00,anms_4d,76,16,0.21052631578947367,0.09210526315789473,0.2236842105263158,135.68731004994385,51.20840154914552,135.68731004994385,0.9123999625444412,15.763600007630885
291,scene0726_00,grid_round_robin,8,6,0.75,0.0,0.0,116.11942663020287,13.754967036816568,116.11942663020287,0.1417000312358141,1.8767000292427838
291,scene0726_00,anms_4d,8,6,0.75,0.0,0.0,116.11942663020284,13.754967036816568,116.11942663020284,0.166199984960258,1.6320000286214054
292,scene0726_00,grid_round_robin,185,76,0.41081081081081083,0.21081081081081082,0.6054054054054054,1.1559619730904453,3.3373092676855887,3.3373092676855887,0.248699972871691,29.764799983240664
292,scene0726_00,anms_4d,185,69,0.372972972972973,0.20540540540540542,0.6054054054054054,1.7489337432095549,5.439014223826685,5.439014223826685,3.3895999658852816,24.860500008799136
293,scene0726_00,grid_round_robin,272,134,0.49264705882352944,0.2426470588235294,0.5808823529411765,0.9393983410961226,1.1487219436494296,1.1487219436494296,0.31429994851350784,30.210600001737475
293,scene0726_00,anms_4d,272,127,0.46691176470588236,0.2426470588235294,0.5698529411764706,0.9521472866846226,1.170318654095815,1.170318654095815,3.56480001937598,32.71340002538636
294,scene0726_00,grid_round_robin,19,8,0.42105263157894735,0.0,0.0,117.9456219602433,58.068916310363605,117.9456219602433,0.18089998047798872,13.437499990686774
294,scene0726_00,anms_4d,19,8,0.42105263157894735,0.0,0.0,117.9456219602433,58.068916310363605,117.9456219602433,0.2610000083222985,13.532199955079705
295,scene0726_00,grid_round_robin,91,37,0.4065934065934066,0.12087912087912088,0.3076923076923077,13.502801977533165,13.349629857531923,13.502801977533165,0.19589997828006744,20.123600028455257
295,scene0726_00,anms_4d,91,31,0.34065934065934067,0.10989010989010989,0.2857142857142857,12.973785294605818,12.7536461855395,12.973785294605818,1.0733000235632062,18.559399992227554
296,scene0726_00,grid_round_robin,232,122,0.5258620689655172,0.3275862068965517,0.8491379310344828,2.084384221250827,16.48445921923201,16.48445921923201,0.2741999924182892,27.511499996762723
296,scene0726_00,anms_4d,232,117,0.5043103448275862,0.33189655172413796,0.853448275862069,2.0579301916050055,16.215491123522423,16.215491123522423,3.5516999778337777,34.15700001642108
297,scene0726_00,grid_round_robin,61,29,0.47540983606557374,0.16393442622950818,0.4918032786885246,3.1264798265819027,18.685766558976002,18.685766558976002,0.17829996068030596,18.067100027110428
297,scene0726_00,anms_4d,61,29,0.47540983606557374,0.18032786885245902,0.5081967213114754,2.987760117697652,17.41521769882119,17.41521769882119,0.7336999988183379,18.381400033831596
298,scene0726_00,grid_round_robin,134,86,0.6417910447761194,0.27611940298507465,0.5373134328358209,1.5880019052769976,27.624272900093487,27.624272900093487,0.23669999791309237,9.766200033482164
298,scene0726_00,anms_4d,134,85,0.6343283582089553,0.26865671641791045,0.5149253731343284,1.6441902981368592,28.48791289793558,28.48791289793558,1.6022000345401466,8.558699977584183
299,scene0726_00,grid_round_robin,165,66,0.4,0.048484848484848485,0.296969696969697,1.5686132904652283,0.5228437382539903,1.5686132904652283,0.2297000028192997,19.97490000212565
299,scene0726_00,anms_4d,165,67,0.40606060606060607,0.05454545454545454,0.28484848484848485,1.3063297851774769,1.748763293375476,1.748763293375476,2.0868999999947846,23.371699964627624
300,scene0727_00,grid_round_robin,14,7,0.5,0.0,0.0,102.93049058238306,74.4361965024541,102.93049058238306,0.15780003741383553,13.684500008821487
300,scene0727_00,anms_4d,14,7,0.5,0.0,0.0,102.93049058237655,74.43619650245994,102.93049058237655,0.21789997117593884,13.658099982421845
301,scene0727_00,grid_round_robin,137,56,0.40875912408759124,0.08029197080291971,0.26277372262773724,4.537839889907957,9.004169591524892,9.004169591524892,0.22790004732087255,19.67569999396801
301,scene0727_00,anms_4d,137,52,0.3795620437956204,0.08029197080291971,0.27007299270072993,3.7620277187260123,7.969731938163124,7.969731938163124,1.660600013565272,20.529599976725876
302,scene0727_00,grid_round_robin,15,8,0.5333333333333333,0.0,0.0,125.9324367885458,84.55583452426112,125.9324367885458,0.14730001566931605,12.597900000400841
302,scene0727_00,anms_4d,15,8,0.5333333333333333,0.0,0.0,125.93243678854576,84.5558345242612,125.93243678854576,0.2318999613635242,11.011900031007826
303,scene0727_00,grid_round_robin,29,13,0.4482758620689655,0.0,0.13793103448275862,83.62789306318959,77.03131567106966,83.62789306318959,0.1626000157557428,14.781699981540442
303,scene0727_00,anms_4d,29,11,0.3793103448275862,0.0,0.1724137931034483,163.18052924836812,22.410059568426362,163.18052924836812,0.38810004480183125,14.81449999846518
304,scene0727_00,grid_round_robin,162,79,0.4876543209876543,0.10493827160493827,0.3950617283950617,1.7881337392130416,17.73982604701237,17.73982604701237,0.2875999780371785,26.662199990823865
304,scene0727_00,anms_4d,162,78,0.48148148148148145,0.09876543209876543,0.3950617283950617,0.5753414819260462,7.782182566499997,7.782182566499997,2.1025000023655593,26.251800009049475
305,scene0727_00,grid_round_robin,44,22,0.5,0.0,0.022727272727272728,9.493242226004785,4.56749556005397,9.493242226004785,0.17259997548535466,15.94339997973293
305,scene0727_00,anms_4d,44,20,0.45454545454545453,0.0,0.022727272727272728,22.53266482867433,7.706417078958801,22.53266482867433,0.5359000060707331,16.13740000175312
306,scene0727_00,grid_round_robin,180,101,0.5611111111111111,0.15,0.5111111111111111,0.5689679836063295,2.0360630403286364,2.0360630403286364,0.2592000528238714,17.533900041598827
306,scene0727_00,anms_4d,180,93,0.5166666666666667,0.15,0.5,0.5962513463026128,2.106499164233577,2.106499164233577,2.4608999956399202,22.80499995686114
307,scene0727_00,grid_round_robin,107,46,0.42990654205607476,0.3177570093457944,0.5607476635514018,22.751645039801957,38.162847772248796,38.162847772248796,0.1984999980777502,20.059800008311868
307,scene0727_00,anms_4d,107,46,0.42990654205607476,0.3177570093457944,0.5420560747663551,17.342101901858,47.368544232260234,47.368544232260234,1.3125999830663204,18.99840001715347
308,scene0727_00,grid_round_robin,98,46,0.46938775510204084,0.030612244897959183,0.19387755102040816,2.237344996816743,14.490141580723341,14.490141580723341,0.2313000150024891,20.734000019729137
308,scene0727_00,anms_4d,98,42,0.42857142857142855,0.030612244897959183,0.19387755102040816,2.2323947289078596,14.357289372442944,14.357289372442944,1.277300005313009,19.808599958196282
309,scene0727_00,grid_round_robin,77,26,0.33766233766233766,0.06493506493506493,0.36363636363636365,2.829369476741321,4.452157425596967,4.452157425596967,0.1810999820008874,16.26810000743717
309,scene0727_00,anms_4d,77,23,0.2987012987012987,0.06493506493506493,0.36363636363636365,2.264945149345602,4.074083686025711,4.074083686025711,1.0142999817617238,16.397600003983825
310,scene0727_00,grid_round_robin,175,83,0.4742857142857143,0.17142857142857143,0.42857142857142855,1.0269345060381856,3.8515439109428042,3.8515439109428042,0.2367999986745417,21.894300007261336
310,scene0727_00,anms_4d,175,81,0.46285714285714286,0.17142857142857143,0.42857142857142855,0.9822512442402251,3.9337991868655493,3.9337991868655493,2.288399962708354,23.131900001317263
311,scene0727_00,grid_round_robin,86,33,0.38372093023255816,0.16279069767441862,0.5697674418604651,1.171540535692304,1.2427091828481682,1.2427091828481682,0.20219996804371476,16.642200003843755
311,scene0727_00,anms_4d,86,33,0.38372093023255816,0.16279069767441862,0.5465116279069767,1.0943451575897996,1.2360619492881812,1.2360619492881812,1.0949000134132802,16.57350000459701
312,scene0727_00,grid_round_robin,137,57,0.41605839416058393,0.24087591240875914,0.5766423357664233,3.1826289492356277,4.743534515386062,4.743534515386062,0.2169000217691064,21.06120000826195
312,scene0727_00,anms_4d,137,56,0.40875912408759124,0.23357664233576642,0.5766423357664233,2.8807564282188847,4.815078371647908,4.815078371647908,2.0724000059999526,20.821699989028275
313,scene0727_00,grid_round_robin,77,28,0.36363636363636365,0.12987012987012986,0.33766233766233766,18.73828454928302,33.2959208479393,33.2959208479393,0.18880004063248634,16.729200026020408
313,scene0727_00,anms_4d,77,25,0.3246753246753247,0.11688311688311688,0.3246753246753247,18.463522873450284,32.73540726402256,32.73540726402256,0.970900000538677,16.844999976456165
314,scene0727_00,grid_round_robin,131,44,0.33587786259541985,0.022900763358778626,0.10687022900763359,6.853294545080548,10.199979856819468,10.199979856819468,0.22899999748915434,19.52299999538809
314,scene0727_00,anms_4d,131,41,0.31297709923664124,0.022900763358778626,0.10687022900763359,8.02264644975363,9.493215150172878,9.493215150172878,1.678900036495179,19.116799987386912
315,scene0728_00,grid_round_robin,75,26,0.3466666666666667,0.04,0.25333333333333335,12.2219319977886,57.179519199171466,57.179519199171466,0.20369997946545482,17.08740001777187
315,scene0728_00,anms_4d,75,26,0.3466666666666667,0.04,0.25333333333333335,10.687003943808769,57.8504569959167,57.8504569959167,0.9485000045970082,16.560900025069714
316,scene0728_00,grid_round_robin,119,45,0.37815126050420167,0.05042016806722689,0.19327731092436976,3.2163769505531614,6.439930489606674,6.439930489606674,0.22769998759031296,20.125599985476583
316,scene0728_00,anms_4d,119,45,0.37815126050420167,0.05042016806722689,0.18487394957983194,3.060887529960552,6.125607374140461,6.125607374140461,1.514200004749,20.052400010172278
317,scene0728_00,grid_round_robin,146,71,0.4863013698630137,0.2945205479452055,0.7534246575342466,3.101121611507178,7.064105956585892,7.064105956585892,0.2449000021442771,24.647000012919307
317,scene0728_00,anms_4d,146,69,0.4726027397260274,0.3082191780821918,0.7602739726027398,1.3032263253471608,2.797771482133778,2.797771482133778,1.9303999724797904,23.70109996991232
318,scene0728_00,grid_round_robin,43,19,0.4418604651162791,0.11627906976744186,0.37209302325581395,8.143446680681228,12.493571188520315,12.493571188520315,0.19289995543658733,15.253300021868199
318,scene0728_00,anms_4d,43,18,0.4186046511627907,0.11627906976744186,0.3953488372093023,9.140490698877574,13.958711157237019,13.958711157237019,0.5523000145331025,15.859299979638308
319,scene0728_00,grid_round_robin,159,72,0.4528301886792453,0.22012578616352202,0.5660377358490566,1.8576997936818636,12.340855549158032,12.340855549158032,0.24159997701644897,23.10109999962151
319,scene0728_00,anms_4d,159,70,0.44025157232704404,0.22012578616352202,0.559748427672956,1.6146062355275763,9.722352796559116,9.722352796559116,2.0770999835804105,21.751200023572892
320,scene0728_00,grid_round_robin,222,98,0.44144144144144143,0.1891891891891892,0.45045045045045046,0.6837800020122047,15.89670191027098,15.89670191027098,0.28849998489022255,31.136600009631366
320,scene0728_00,anms_4d,222,102,0.4594594594594595,0.18018018018018017,0.42792792792792794,0.7216276758252542,16.187355204917267,16.187355204917267,2.88909999653697,28.61539996229112
321,scene0728_00,grid_round_robin,134,44,0.3283582089552239,0.2537313432835821,0.5895522388059702,0.7946581482819042,1.4822089632827757,1.4822089632827757,0.23010000586509705,20.892900007311255
321,scene0728_00,anms_4d,134,47,0.35074626865671643,0.23880597014925373,0.5746268656716418,4.406271470181228,11.414124483959464,11.414124483959464,1.714100013487041,21.128199994564056
322,scene0728_00,grid_round_robin,220,104,0.4727272727272727,0.18181818181818182,0.4909090909090909,0.4411324474684881,1.965125069697144,1.965125069697144,0.2541000139899552,25.72370000416413
322,scene0728_00,anms_4d,220,103,0.4681818181818182,0.1590909090909091,0.4954545454545455,0.4346858926960808,1.5877520576977666,1.5877520576977666,3.2173999934457242,27.139400015585124
323,scene0728_00,grid_round_robin,251,109,0.4342629482071713,0.07171314741035857,0.2908366533864542,0.8102128292148303,23.69383122189819,23.69383122189819,0.27840002439916134,29.055299994070083
323,scene0728_00,anms_4d,251,109,0.4342629482071713,0.06772908366533864,0.2868525896414343,2.4550957970993044,29.445652771804678,29.445652771804678,3.667499986477196,27.405900007579476
324,scene0728_00,grid_round_robin,277,150,0.5415162454873647,0.2563176895306859,0.6462093862815884,1.0579337510957738,5.400776542769812,5.400776542769812,0.3082000184804201,23.738600022625178
324,scene0728_00,anms_4d,277,140,0.5054151624548736,0.2490974729241877,0.631768953068592,1.3948921965266858,8.677935166535477,8.677935166535477,3.9146000053733587,29.747200023848563
325,scene0728_00,grid_round_robin,141,42,0.2978723404255319,0.07801418439716312,0.19148936170212766,4.480940665979498,4.469017721068747,4.480940665979498,0.21869997726753354,18.767200002912432
325,scene0728_00,anms_4d,141,42,0.2978723404255319,0.07092198581560284,0.20567375886524822,3.531867832309015,3.964397878685069,3.964397878685069,1.8423000001348555,18.8344000489451
326,scene0728_00,grid_round_robin,203,101,0.4975369458128079,0.2857142857142857,0.7783251231527094,1.074719912278322,5.634151496172925,5.634151496172925,0.2825999981723726,23.9591000135988
326,scene0728_00,anms_4d,203,99,0.4876847290640394,0.30049261083743845,0.7783251231527094,0.9085928935483535,5.271653660324944,5.271653660324944,2.7295000036247075,22.50290004303679
327,scene0728_00,grid_round_robin,68,30,0.4411764705882353,0.23529411764705882,0.5294117647058824,17.316295078426766,21.140944023666094,21.140944023666094,0.23390003480017185,18.719500047154725
327,scene0728_00,anms_4d,68,29,0.4264705882352941,0.22058823529411764,0.5294117647058824,24.386269017154408,22.507137840960837,24.386269017154408,1.0463999933563173,17.473099986091256
328,scene0728_00,grid_round_robin,87,34,0.39080459770114945,0.034482758620689655,0.12643678160919541,36.37024638584124,87.94448989258846,87.94448989258846,0.18690002616494894,17.680399992968887
328,scene0728_00,anms_4d,87,32,0.367816091954023,0.034482758620689655,0.12643678160919541,36.154831316939685,85.17369171107973,85.17369171107973,1.1122999712824821,17.000599997118115
329,scene0728_00,grid_round_robin,124,37,0.29838709677419356,0.056451612903225805,0.14516129032258066,6.136587422029119,18.083455439161707,18.083455439161707,0.20760000916197896,18.664799979887903
329,scene0728_00,anms_4d,124,32,0.25806451612903225,0.04838709677419355,0.13709677419354838,6.489351804800017,19.48507586848502,19.48507586848502,1.6125999973155558,18.0753999738954
330,scene0729_00,grid_round_robin,161,67,0.4161490683229814,0.2111801242236025,0.5527950310559007,1.1379930629363872,9.594753010012477,9.594753010012477,0.2478999667800963,25.573200022336096
330,scene0729_00,anms_4d,161,64,0.39751552795031053,0.20496894409937888,0.5527950310559007,1.5763511743302516,12.13855448297088,12.13855448297088,2.4323000106960535,23.09079997939989
331,scene0729_00,grid_round_robin,196,93,0.4744897959183674,0.16326530612244897,0.5153061224489796,3.5737176410279443,19.48925563035292,19.48925563035292,0.2530000056140125,27.393100026529282
331,scene0729_00,anms_4d,196,90,0.45918367346938777,0.1683673469387755,0.5255102040816326,3.4137953002061443,18.730916387324992,18.730916387324992,2.7858999674208462,29.51670001493767
332,scene0729_00,grid_round_robin,255,102,0.4,0.16862745098039217,0.5019607843137255,0.2703445511942749,3.8112834747946405,3.8112834747946405,0.30690000858157873,27.172599977348
332,scene0729_00,anms_4d,255,100,0.39215686274509803,0.16470588235294117,0.48627450980392156,2.2183954657392215,6.582911708932463,6.582911708932463,3.542000020388514,44.164200022351
333,scene0729_00,grid_round_robin,261,121,0.46360153256704983,0.06513409961685823,0.17624521072796934,1.3467238759228815,3.0321724927896825,3.0321724927896825,0.3483000327832997,28.913200017996132
333,scene0729_00,anms_4d,261,119,0.4559386973180077,0.06513409961685823,0.16475095785440613,1.3473031012131758,3.018324131682235,3.018324131682235,4.037100006826222,27.72199996979907
334,scene0729_00,grid_round_robin,76,23,0.3026315789473684,0.21052631578947367,0.4605263157894737,107.75534147990713,24.275819600717796,107.75534147990713,0.22039999021217227,16.484000021591783
334,scene0729_00,anms_4d,76,25,0.32894736842105265,0.21052631578947367,0.4342105263157895,115.74079733620844,21.785820462597343,115.74079733620844,0.9459999855607748,16.248999978415668
335,scene0729_00,grid_round_robin,29,13,0.4482758620689655,0.034482758620689655,0.1724137931034483,45.83578334288556,71.61653660878812,71.61653660878812,0.15199999324977398,14.59380000596866
335,scene0729_00,anms_4d,29,13,0.4482758620689655,0.034482758620689655,0.1724137931034483,109.63865884972739,28.618204270930022,109.63865884972739,0.4159999662078917,14.504000020679086
336,scene0729_00,grid_round_robin,197,71,0.3604060913705584,0.233502538071066,0.6243654822335025,1.5310454945016498,3.2071919449266124,3.2071919449266124,0.27870002668350935,23.650300048757344
336,scene0729_00,anms_4d,197,72,0.36548223350253806,0.2182741116751269,0.6091370558375635,1.28600552611534,2.5699841034869917,2.5699841034869917,2.905300003476441,22.217500023543835
337,scene0729_00,grid_round_robin,112,42,0.375,0.03571428571428571,0.0625,1.3565983659801335,4.419517868463619,4.419517868463619,0.23689999943599105,18.517899967264384
337,scene0729_00,anms_4d,112,35,0.3125,0.03571428571428571,0.0625,9.254307740861686,62.40909014339269,62.40909014339269,1.6910999547690153,19.01059999363497
338,scene0729_00,grid_round_robin,376,147,0.39095744680851063,0.1675531914893617,0.4228723404255319,17.167111733173545,65.40650744503691,65.40650744503691,0.3803999861702323,31.49620001204312
338,scene0729_00,anms_4d,376,147,0.39095744680851063,0.1595744680851064,0.4095744680851064,16.265470123376573,65.43935276985167,65.43935276985167,5.600899981800467,30.247899994719774
339,scene0729_00,grid_round_robin,153,44,0.2875816993464052,0.08496732026143791,0.33986928104575165,3.1242172699980255,8.31714737538683,8.31714737538683,0.24639995535835624,18.88320001307875
339,scene0729_00,anms_4d,153,44,0.2875816993464052,0.08496732026143791,0.33986928104575165,4.355597565470078,10.388548064022695,10.388548064022695,2.103300008457154,18.542999983765185
340,scene0729_00,grid_round_robin,53,15,0.2830188679245283,0.07547169811320754,0.1320754716981132,27.4057544947906,71.14615239085961,71.14615239085961,0.16579998191446066,16.468599962536246
340,scene0729_00,anms_4d,53,14,0.2641509433962264,0.09433962264150944,0.1509433962264151,3.8092790015782896,4.441585046613772,4.441585046613772,0.6835000240243971,14.282099960837513
341,scene0729_00,grid_round_robin,111,30,0.2702702702702703,0.11711711711711711,0.32432432432432434,1.7213228646592567,7.909817192862791,7.909817192862791,0.22820004960522056,16.987700015306473
341,scene0729_00,anms_4d,111,38,0.34234234234234234,0.10810810810810811,0.32432432432432434,0.5615579787619911,0.8145484696370097,0.8145484696370097,1.418400031980127,17.106999992392957
342,scene0729_00,grid_round_robin,284,177,0.6232394366197183,0.17253521126760563,0.7464788732394366,0.2412614936552869,4.409536936320264,4.409536936320264,0.29500003438442945,12.577900022733957
342,scene0729_00,anms_4d,284,178,0.6267605633802817,0.16901408450704225,0.75,0.6161346901633671,4.8577330912467485,4.8577330912467485,4.257699998561293,13.884500018320978
343,scene0729_00,grid_round_robin,182,115,0.6318681318681318,0.08241758241758242,0.29120879120879123,1.986202345485835,6.6741182002019,6.6741182002019,0.2373000024817884,8.794400026090443
343,scene0729_00,anms_4d,182,108,0.5934065934065934,0.08241758241758242,0.2857142857142857,2.026181479742623,6.8557240210269,6.8557240210269,2.396100026089698,11.896899959538132
344,scene0729_00,grid_round_robin,87,37,0.42528735632183906,0.13793103448275862,0.5172413793103449,1.3317718020254317,1.2430433387920705,1.3317718020254317,0.18940004520118237,16.69180003227666
344,scene0729_00,anms_4d,87,35,0.40229885057471265,0.13793103448275862,0.4942528735632184,1.2911643827242594,1.211898269375146,1.2911643827242594,1.0772999958135188,16.664499999023974
345,scene0730_00,grid_round_robin,152,54,0.35526315789473684,0.06578947368421052,0.25,3.1878329082176418,4.971421610278268,4.971421610278268,0.22849999368190765,19.374500028789043
345,scene0730_00,anms_4d,152,56,0.3684210526315789,0.05921052631578947,0.24342105263157895,2.063069322050217,2.9365096795888683,2.9365096795888683,1.952500024344772,19.201099989004433
346,scene0730_00,grid_round_robin,205,85,0.4146341463414634,0.03902439024390244,0.2634146341463415,1.3379040454753213,1.8095742469859504,1.8095742469859504,0.25450001703575253,23.949499998707324
346,scene0730_00,anms_4d,205,73,0.35609756097560974,0.04878048780487805,0.2731707317073171,1.4471437783526073,1.5389716072330295,1.5389716072330295,2.9042999958619475,21.992499998304993
347,scene0730_00,grid_round_robin,317,110,0.3470031545741325,0.15772870662460567,0.41324921135646686,1.0212563688027263,4.720507837388508,4.720507837388508,0.33459998667240143,26.125399977900088
347,scene0730_00,anms_4d,317,107,0.33753943217665616,0.14826498422712933,0.4069400630914827,0.3996705986897355,2.6408699108193874,2.6408699108193874,4.6108000096865,25.337399973068386
348,scene0730_00,grid_round_robin,251,104,0.41434262948207173,0.08764940239043825,0.20717131474103587,0.8487909074821155,2.4381189308705684,2.4381189308705684,0.2791000297293067,27.518400049302727
348,scene0730_00,anms_4d,251,103,0.4103585657370518,0.07569721115537849,0.18326693227091634,0.8442668196104806,2.8465520337166828,2.8465520337166828,3.688500029966235,25.780599971767515
349,scene0730_00,grid_round_robin,226,98,0.4336283185840708,0.3053097345132743,0.6991150442477876,1.899678119923973,13.678785333802804,13.678785333802804,0.26590004563331604,27.533900050912052
349,scene0730_00,anms_4d,226,92,0.40707964601769914,0.3008849557522124,0.6902654867256637,1.2019753988045607,11.504537549992731,11.504537549992731,3.049299994017929,26.383799966424704
350,scene0730_00,grid_round_robin,152,61,0.40131578947368424,0.21710526315789475,0.5592105263157895,1.7946102612799806,9.001310425105226,9.001310425105226,0.24060002760961652,19.769699953030795
350,scene0730_00,anms_4d,152,61,0.40131578947368424,0.21710526315789475,0.5657894736842105,1.511499831399682,5.17308105345297,5.17308105345297,2.1631999989040196,20.596199959982187
351,scene0730_00,grid_round_robin,332,150,0.45180722891566266,0.3373493975903614,0.7530120481927711,0.6511524341269553,2.0292984113015247,2.0292984113015247,0.3209999995306134,32.01779996743426
351,scene0730_00,anms_4d,332,151,0.45481927710843373,0.32228915662650603,0.7379518072289156,0.6220720528428655,1.9301871473319565,1.9301871473319565,4.7833999851718545,32.1750000002794
352,scene0730_00,grid_round_robin,27,12,0.4444444444444444,0.0,0.07407407407407407,18.024475531344873,13.284309847764636,18.024475531344873,0.15400000847876072,14.52999998582527
352,scene0730_00,anms_4d,27,10,0.37037037037037035,0.0,0.1111111111111111,8.492184994136684,6.294175138364078,8.492184994136684,0.3693000180646777,14.160899969283491
353,scene0730_00,grid_round_robin,8,6,0.75,0.0,0.0,171.42059038614764,47.747551444096885,171.42059038614764,0.14059996465221047,1.8274000030942261
353,scene0730_00,anms_4d,8,6,0.75,0.0,0.0,171.42059038614752,47.747551444096906,171.42059038614752,0.15050004003569484,1.7989999614655972
354,scene0730_00,grid_round_robin,66,31,0.4696969696969697,0.0,0.030303030303030304,2.907375935431615,3.0171568022074053,3.0171568022074053,0.18200004706159234,18.63720000255853
354,scene0730_00,anms_4d,66,35,0.5303030303030303,0.0,0.030303030303030304,1.932688329223309,1.9921612310987913,1.9921612310987913,0.9262000094167888,18.064800009597093
355,scene0730_00,grid_round_robin,219,104,0.4748858447488584,0.2054794520547945,0.4337899543378995,1.2427015406891881,6.123381471322995,6.123381471322995,0.3153000143356621,29.95060000102967
355,scene0730_00,anms_4d,219,90,0.410958904109589,0.1872146118721461,0.4292237442922374,3.845184675360269,10.49197749265119,10.49197749265119,2.9412999865598977,24.73710000049323
356,scene0730_00,grid_round_robin,109,37,0.3394495412844037,0.06422018348623854,0.25688073394495414,9.813812131755487,27.823458840519503,27.823458840519503,0.22190000163391232,20.062900031916797
356,scene0730_00,anms_4d,109,32,0.29357798165137616,0.06422018348623854,0.24770642201834864,15.633573416872533,30.042972729723214,30.042972729723214,1.4327000244520605,18.202000006567687
357,scene0730_00,grid_round_robin,305,117,0.3836065573770492,0.08196721311475409,0.29508196721311475,0.7012896276755407,4.647148760821458,4.647148760821458,0.29969995375722647,28.121799987275153
357,scene0730_00,anms_4d,305,114,0.3737704918032787,0.08524590163934426,0.29508196721311475,0.798302409168197,4.594856742620044,4.594856742620044,4.323699977248907,26.06720000039786
358,scene0730_00,grid_round_robin,378,229,0.6058201058201058,0.19576719576719576,0.656084656084656,0.7612030636700258,5.9284932157668955,5.9284932157668955,0.37620001239702106,21.31729997927323
358,scene0730_00,anms_4d,378,226,0.5978835978835979,0.2037037037037037,0.6481481481481481,0.8875466417010003,6.64457599963423,6.64457599963423,5.73830003850162,23.515200009569526
359,scene0730_00,grid_round_robin,445,189,0.4247191011235955,0.11910112359550562,0.29213483146067415,2.862754608631019,21.554151779821623,21.554151779821623,0.4293000092729926,37.837799987755716
359,scene0730_00,anms_4d,445,174,0.39101123595505616,0.1146067415730337,0.2786516853932584,3.095783788947962,23.111914816144033,23.111914816144033,6.813700019847602,37.494199990760535
360,scene0731_00,grid_round_robin,37,18,0.4864864864864865,0.05405405405405406,0.10810810810810811,18.533389092623377,24.44724105909512,24.44724105909512,0.1700000138953328,15.945899998769164
360,scene0731_00,anms_4d,37,16,0.43243243243243246,0.08108108108108109,0.10810810810810811,20.486849239529995,23.59687206029407,23.59687206029407,0.499800022225827,15.926400024909526
361,scene0731_00,grid_round_robin,218,69,0.3165137614678899,0.14220183486238533,0.42660550458715596,4.890225802550924,27.792153285187133,27.792153285187133,0.28440001187846065,28.74290000181645
361,scene0731_00,anms_4d,218,65,0.2981651376146789,0.13302752293577982,0.40825688073394495,5.010190598292778,28.494433491966056,28.494433491966056,3.1381999724544585,28.86620000936091
362,scene0731_00,grid_round_robin,190,72,0.37894736842105264,0.2736842105263158,0.631578947368421,0.5824637522745088,3.0543731492913966,3.0543731492913966,0.24690001737326384,23.34099996369332
362,scene0731_00,anms_4d,190,75,0.39473684210526316,0.2578947368421053,0.6263157894736842,1.1682204582652431,5.13894088962675,5.13894088962675,2.605199988465756,23.543799994513392
363,scene0731_00,grid_round_robin,182,57,0.3131868131868132,0.12087912087912088,0.2857142857142857,1.7145151323743426,8.65582654584893,8.65582654584893,0.264100031927228,24.56930000334978
363,scene0731_00,anms_4d,182,59,0.3241758241758242,0.10989010989010989,0.2802197802197802,1.9160375729978734,9.681631512913611,9.681631512913611,2.5736999814398587,24.688500037882477
364,scene0731_00,grid_round_robin,183,62,0.33879781420765026,0.04371584699453552,0.13114754098360656,2.496260063498947,4.0409069967872755,4.0409069967872755,0.2408000291325152,26.735199964605272
364,scene0731_00,anms_4d,183,62,0.33879781420765026,0.04371584699453552,0.12021857923497267,2.6624378447262607,4.4290375793495125,4.4290375793495125,2.5866000214591622,22.915499983355403
365,scene0731_00,grid_round_robin,44,19,0.4318181818181818,0.022727272727272728,0.022727272727272728,34.09273013602617,57.42058769897063,57.42058769897063,0.1824999926611781,15.929699991829693
365,scene0731_00,anms_4d,44,19,0.4318181818181818,0.022727272727272728,0.022727272727272728,33.61234069339705,56.391793135105445,56.391793135105445,0.5774999735876918,15.803800022695214
366,scene0731_00,grid_round_robin,280,106,0.37857142857142856,0.10714285714285714,0.31785714285714284,1.6466167815193231,7.42978108234298,7.42978108234298,0.3009000211022794,27.645000023767352
366,scene0731_00,anms_4d,280,103,0.3678571428571429,0.10714285714285714,0.3107142857142857,2.6998615874087877,7.112033668349069,7.112033668349069,6.46430003689602,25.18870000494644
367,scene0731_00,grid_round_robin,45,17,0.37777777777777777,0.08888888888888889,0.17777777777777778,9.530100754186623,3.014579446467556,9.530100754186623,0.16500003403052688,15.505599963944405
367,scene0731_00,anms_4d,45,17,0.37777777777777777,0.06666666666666667,0.15555555555555556,11.724272296871813,3.7482238898253444,11.724272296871813,0.5853000329807401,15.263199980836362
368,scene0731_00,grid_round_robin,188,55,0.2925531914893617,0.09042553191489362,0.2553191489361702,2.616729577498364,18.081639230948852,18.081639230948852,0.24580000899732113,20.90860001044348
368,scene0731_00,anms_4d,188,50,0.26595744680851063,0.0797872340425532,0.25,3.867688880611764,21.94310949659309,21.94310949659309,2.6694999542087317,20.539899996947497
369,scene0731_00,grid_round_robin,121,32,0.2644628099173554,0.1322314049586777,0.38016528925619836,5.974508261854831,7.041980688167325,7.041980688167325,0.20190002396702766,16.802099999040365
369,scene0731_00,anms_4d,121,29,0.2396694214876033,0.12396694214876033,0.38016528925619836,9.548369372547853,11.049194953951087,11.049194953951087,1.5522000030614436,15.886500012129545
370,scene0731_00,grid_round_robin,408,159,0.3897058823529412,0.32598039215686275,0.7328431372549019,0.5680477753158847,1.7902798038506396,1.7902798038506396,0.37650001468136907,32.33009995892644
370,scene0731_00,anms_4d,408,155,0.3799019607843137,0.3284313725490196,0.7377450980392157,0.44353241492874024,1.2746826435405676,1.2746826435405676,6.173199974000454,33.280699979513884
371,scene0731_00,grid_round_robin,162,42,0.25925925925925924,0.018518518518518517,0.10493827160493827,2.9820033784549027,5.099171015122706,5.099171015122706,0.23060000967234373,17.956299998331815
371,scene0731_00,anms_4d,162,41,0.25308641975308643,0.018518518518518517,0.09259259259259259,1.6398761452299013,4.009686388166949,4.009686388166949,2.059200021903962,17.290899995714426
372,scene0731_00,grid_round_robin,113,38,0.336283185840708,0.10619469026548672,0.25663716814159293,9.507983253875175,1.03755487998056,9.507983253875175,0.22980000358074903,16.818900010548532
372,scene0731_00,anms_4d,113,38,0.336283185840708,0.07079646017699115,0.23008849557522124,5.886400457111753,1.831088094534784,5.886400457111753,1.4126999885775149,16.585600038524717
373,scene0731_00,grid_round_robin,298,98,0.3288590604026846,0.1476510067114094,0.4798657718120805,1.221827234432051,4.232532633683518,4.232532633683518,0.305800000205636,23.868899967055768
373,scene0731_00,anms_4d,298,97,0.32550335570469796,0.14429530201342283,0.4697986577181208,0.5775678175094852,4.691138680356753,4.691138680356753,4.215700027998537,23.92030000919476
374,scene0731_00,grid_round_robin,259,99,0.38223938223938225,0.11969111969111969,0.47876447876447875,1.2946942960153458,11.94840194608954,11.94840194608954,0.30640000477433205,29.354700003750622
374,scene0731_00,anms_4d,259,98,0.3783783783783784,0.11969111969111969,0.4671814671814672,0.9796103334900595,10.252720447599744,10.252720447599744,3.8486000266857445,26.948500017169863
375,scene0732_00,grid_round_robin,356,176,0.4943820224719101,0.25842696629213485,0.598314606741573,1.1925754080753708,4.332518533632214,4.332518533632214,0.4547999706119299,32.28470002068207
375,scene0732_00,anms_4d,356,167,0.4691011235955056,0.2443820224719101,0.5842696629213483,1.1720734557993384,1.616286682712687,1.616286682712687,5.20479999249801,31.129400013014674
376,scene0732_00,grid_round_robin,214,88,0.411214953271028,0.0794392523364486,0.2102803738317757,1.8615175582550254,4.731865729365904,4.731865729365904,0.2812999882735312,23.80199998151511
376,scene0732_00,anms_4d,214,90,0.4205607476635514,0.0794392523364486,0.21495327102803738,1.8450776460002458,4.689451749490463,4.689451749490463,3.1037000007927418,23.79439998185262
377,scene0732_00,grid_round_robin,236,88,0.3728813559322034,0.08898305084745763,0.2330508474576271,2.8546887766739726,6.574504750117748,6.574504750117748,0.2989000058732927,22.192500007804483
377,scene0732_00,anms_4d,236,94,0.3983050847457627,0.09745762711864407,0.25,2.5564726125637818,5.924802121835752,5.924802121835752,3.2121999538503587,22.612700005993247
378,scene0732_00,grid_round_robin,211,81,0.38388625592417064,0.14691943127962084,0.4028436018957346,2.5834988707839948,1.7386236465496765,2.5834988707839948,0.2481999690644443,23.127400025259703
378,scene0732_00,anms_4d,211,79,0.3744075829383886,0.13744075829383887,0.3886255924170616,2.7986239277074314,2.4576853633118825,2.7986239277074314,3.4531999845057726,24.74709996022284
379,scene0732_00,grid_round_robin,605,281,0.4644628099173554,0.19669421487603306,0.5570247933884298,0.45013717167356604,1.4170507793434057,1.4170507793434057,0.5296000163070858,50.71380001027137
379,scene0732_00,anms_4d,605,274,0.45289256198347105,0.2,0.5652892561983471,0.3327817411398939,1.8863043278889207,1.8863043278889207,10.368600022047758,51.6646999749355
380,scene0732_00,grid_round_robin,176,91,0.5170454545454546,0.14772727272727273,0.5795454545454546,3.0502394417768675,0.4728305212216653,3.0502394417768675,0.26030000299215317,23.265099967829883
380,scene0732_00,anms_4d,176,85,0.48295454545454547,0.14772727272727273,0.5738636363636364,0.46494774208135903,7.65728134182715,7.65728134182715,2.3719000164419413,24.241100007202476
381,scene0732_00,grid_round_robin,149,43,0.28859060402684567,0.21476510067114093,0.5906040268456376,0.6090758433183114,18.344935207123534,18.344935207123534,0.22440002067014575,19.930900016333908
381,scene0732_00,anms_4d,149,41,0.2751677852348993,0.21476510067114093,0.5771812080536913,6.6792321681050115,31.8529459584652,31.8529459584652,2.002200053539127,22.27470005163923
382,scene0732_00,grid_round_robin,158,63,0.3987341772151899,0.056962025316455694,0.25316455696202533,3.6440295423828317,5.743785408125449,5.743785408125449,0.24859997211024165,22.423100017476827
382,scene0732_00,anms_4d,158,61,0.3860759493670886,0.06962025316455696,0.25316455696202533,3.568780822476784,6.21240486872327,6.21240486872327,2.195200009737164,22.26840000366792
383,scene0732_00,grid_round_robin,272,84,0.3088235294117647,0.15073529411764705,0.45588235294117646,1.7803992094971461,2.8310059011954425,2.8310059011954425,0.2921000123023987,22.971900005359203
383,scene0732_00,anms_4d,272,90,0.33088235294117646,0.16544117647058823,0.45588235294117646,1.262057661186736,1.866383877552504,1.866383877552504,3.7734000361524522,23.35299999685958
384,scene0732_00,grid_round_robin,254,81,0.3188976377952756,0.03543307086614173,0.21653543307086615,25.61888547089763,78.5985082666154,78.5985082666154,0.298099999781698,26.900500000920147
384,scene0732_00,anms_4d,254,85,0.3346456692913386,0.031496062992125984,0.2125984251968504,2.2215572009368447,4.862485703198069,4.862485703198069,3.552699985448271,24.64650000911206
385,scene0732_00,grid_round_robin,207,97,0.46859903381642515,0.2028985507246377,0.6135265700483091,2.6675420884915173,7.239070884856165,7.239070884856165,0.26569998590275645,26.056600036099553
385,scene0732_00,anms_4d,207,86,0.41545893719806765,0.21739130434782608,0.6135265700483091,2.361496978587542,6.389478549172858,6.389478549172858,2.7992999530397356,24.483999994117767
386,scene0732_00,grid_round_robin,149,43,0.28859060402684567,0.0738255033557047,0.30201342281879195,11.04606586496644,7.210218324524619,11.04606586496644,0.3093000268563628,20.602799952030182
386,scene0732_00,anms_4d,149,46,0.3087248322147651,0.08053691275167785,0.30201342281879195,5.690173545819307,3.9229501733052716,5.690173545819307,1.9239999819546938,20.069400023203343
387,scene0732_00,grid_round_robin,145,53,0.36551724137931035,0.11724137931034483,0.33793103448275863,22.820230183625885,77.69897772834344,77.69897772834344,0.2297000028192997,18.781399994622916
387,scene0732_00,anms_4d,145,52,0.3586206896551724,0.1310344827586207,0.33793103448275863,22.829702608777257,77.6963730301055,77.6963730301055,1.9222000264562666,18.590499996207654
388,scene0732_00,grid_round_robin,265,95,0.3584905660377358,0.1018867924528302,0.2943396226415094,3.331206560725704,14.98159019187038,14.98159019187038,0.3021999727934599,22.232300019823015
388,scene0732_00,anms_4d,265,83,0.3132075471698113,0.10566037735849057,0.2830188679245283,5.4589982919148206,16.27404221113558,16.27404221113558,3.76920000417158,22.780800005421042
389,scene0732_00,grid_round_robin,534,245,0.45880149812734083,0.11235955056179775,0.29213483146067415,0.23852614886195764,6.4248662851733025,6.4248662851733025,0.4735999973490834,40.99499998847023
389,scene0732_00,anms_4d,534,245,0.45880149812734083,0.10674157303370786,0.27902621722846443,0.24587131230633646,6.375856315183778,6.375856315183778,9.615299990400672,45.67319998750463
390,scene0733_00,grid_round_robin,100,30,0.3,0.02,0.1,2.603927890673282,3.1491197875533006,3.1491197875533006,0.24149997625499964,16.99829997960478
390,scene0733_00,anms_4d,100,33,0.33,0.02,0.1,2.594601232661201,3.2067321937570648,3.2067321937570648,1.2600999907590449,17.08570000482723
391,scene0733_00,grid_round_robin,290,137,0.4724137931034483,0.09655172413793103,0.3758620689655172,1.1503938911338594,0.33908804797500797,1.1503938911338594,0.35009998828172684,28.23960001114756
391,scene0733_00,anms_4d,290,128,0.4413793103448276,0.09310344827586207,0.35517241379310344,0.7243793936595623,1.6810147639761148,1.6810147639761148,4.172899993136525,26.765899965539575
392,scene0733_00,grid_round_robin,177,88,0.4971751412429379,0.062146892655367235,0.12994350282485875,1.7538779875795327,0.6838739486616476,1.7538779875795327,0.2597999991849065,21.811199956573546
392,scene0733_00,anms_4d,177,83,0.4689265536723164,0.06779661016949153,0.14124293785310735,1.6486438369292684,1.180323376901855,1.6486438369292684,2.3264000192284584,21.371300041209906
393,scene0733_00,grid_round_robin,94,23,0.24468085106382978,0.06382978723404255,0.22340425531914893,25.036574062753946,24.58539210285021,25.036574062753946,0.2077000099234283,15.711400017607957
393,scene0733_00,anms_4d,94,24,0.2553191489361702,0.07446808510638298,0.2127659574468085,5.481680025924614,5.308413955778114,5.481680025924614,1.3068999978713691,15.517599997110665
394,scene0733_00,grid_round_robin,73,33,0.4520547945205479,0.1095890410958904,0.3698630136986301,0.36813438895372264,1.4559649502183276,1.4559649502183276,0.19810005323961377,16.348400036804378
394,scene0733_00,anms_4d,73,31,0.4246575342465753,0.1232876712328767,0.3698630136986301,4.872584687179591,10.615137211963264,10.615137211963264,1.0516000329516828,17.11109996540472
395,scene0733_00,grid_round_robin,312,102,0.3269230769230769,0.16987179487179488,0.4583333333333333,0.9728886323038625,12.667087046286357,12.667087046286357,0.3084000200033188,28.0542999971658
395,scene0733_00,anms_4d,312,104,0.3333333333333333,0.17307692307692307,0.46153846153846156,1.0264899736774635,13.225351780739116,13.225351780739116,4.487900005187839,27.528700011316687
396,scene0733_00,grid_round_robin,312,107,0.34294871794871795,0.25961538461538464,0.6602564102564102,0.9561728647329356,2.129912905016085,2.129912905016085,0.33599999733269215,27.376500016544014
396,scene0733_00,anms_4d,312,113,0.36217948717948717,0.2564102564102564,0.6410256410256411,0.5428801988013826,4.225341136051849,4.225341136051849,5.030200001783669,28.730399964842945
397,scene0733_00,grid_round_robin,327,112,0.3425076452599388,0.1437308868501529,0.42201834862385323,1.7963579278912951,7.500367907798305,7.500367907798305,0.3565000370144844,32.235899998340756
397,scene0733_00,anms_4d,327,112,0.3425076452599388,0.1345565749235474,0.40061162079510704,1.5550496086938146,5.06911590463237,5.06911590463237,5.114400002639741,28.769000025931746
398,scene0733_00,grid_round_robin,161,57,0.35403726708074534,0.13043478260869565,0.40372670807453415,2.1117870636368514,7.255525742609602,7.255525742609602,0.2351000439375639,19.946400017943233
398,scene0733_00,anms_4d,161,55,0.3416149068322981,0.13664596273291926,0.391304347826087,4.580061370122579,17.32303610147338,17.32303610147338,2.0978000247851014,20.48159996047616
399,scene0733_00,grid_round_robin,513,224,0.43664717348927873,0.24171539961013644,0.7134502923976608,0.762733306405196,1.3970652492905626,1.3970652492905626,0.560399959795177,36.214300023857504
399,scene0733_00,anms_4d,513,222,0.4327485380116959,0.25925925925925924,0.7270955165692008,0.27536715934472406,0.9713681994822643,0.9713681994822643,8.19780002348125,39.92329997709021
400,scene0733_00,grid_round_robin,713,263,0.3688639551192146,0.1767180925666199,0.5666199158485273,0.6899923278365141,3.186540746360807,3.186540746360807,0.5558999837376177,56.7909000092186
400,scene0733_00,anms_4d,713,272,0.3814866760168303,0.17391304347826086,0.5596072931276297,0.40915787925719316,4.283481331435537,4.283481331435537,23.199799994472414,56.8535000202246
401,scene0733_00,grid_round_robin,316,103,0.3259493670886076,0.27531645569620256,0.6518987341772152,3.0475385856304458,14.826219515804386,14.826219515804386,0.3309000167064369,31.062799971550703
401,scene0733_00,anms_4d,316,102,0.3227848101265823,0.2721518987341772,0.6360759493670886,0.7439689007126092,7.675176798440946,7.675176798440946,4.523999989032745,31.02789999684319
402,scene0733_00,grid_round_robin,187,85,0.45454545454545453,0.22459893048128343,0.5240641711229946,1.0282704228993162,12.671872618490337,12.671872618490337,0.2443999983370304,25.030799966771156
402,scene0733_00,anms_4d,187,80,0.42780748663101603,0.21390374331550802,0.5133689839572193,1.2507398582704417,12.901698209098203,12.901698209098203,2.366499975323677,24.959900008980185
403,scene0733_00,grid_round_robin,332,142,0.42771084337349397,0.25301204819277107,0.641566265060241,2.022471315137327,7.493008273953492,7.493008273953492,0.37889997474849224,33.044999989215285
403,scene0733_00,anms_4d,332,132,0.39759036144578314,0.24397590361445784,0.6355421686746988,3.0434598333748526,6.551709481957722,6.551709481957722,4.556100000627339,29.548800026532263
404,scene0733_00,grid_round_robin,263,94,0.3574144486692015,0.22813688212927757,0.6273764258555133,1.2714311771589204,7.338485957001401,7.338485957001401,0.27980003505945206,25.53859999170527
404,scene0733_00,anms_4d,263,91,0.34600760456273766,0.22433460076045628,0.6197718631178707,1.1456918096283115,6.804958750907022,6.804958750907022,8.272700011730194,28.040400007739663
405,scene0734_00,grid_round_robin,203,92,0.45320197044334976,0.024630541871921183,0.06896551724137931,1.8660980371614082,1.7295091761229406,1.8660980371614082,0.3129999968223274,24.881499994080514
405,scene0734_00,anms_4d,203,84,0.41379310344827586,0.029556650246305417,0.09852216748768473,1.9029438497153857,1.577473691639157,1.9029438497153857,2.5708999601192772,23.23900000192225
406,scene0734_00,grid_round_robin,8,5,0.625,0.0,0.125,39.78121839473012,8.416800683454696,39.78121839473012,0.1446999958716333,4.387499997392297
406,scene0734_00,anms_4d,8,5,0.625,0.0,0.125,65.26056262367682,46.94477154725628,65.26056262367682,0.15780003741383553,4.562999994959682
407,scene0734_00,grid_round_robin,81,23,0.2839506172839506,0.037037037037037035,0.19753086419753085,18.10599135518588,27.887149108111064,27.887149108111064,0.19839999731630087,17.142399970907718
407,scene0734_00,anms_4d,81,24,0.2962962962962963,0.037037037037037035,0.19753086419753085,15.997598022582368,25.410874610670596,25.410874610670596,0.964400009252131,23.80369999445975
408,scene0734_00,grid_round_robin,8,5,0.625,0.0,0.0,75.06469755480539,44.97773605082609,75.06469755480539,0.14140002895146608,4.693899943958968
408,scene0734_00,anms_4d,8,5,0.625,0.0,0.0,128.06871897007346,34.3033723658949,128.06871897007346,0.15889998758211732,4.619800020009279
409,scene0734_00,grid_round_robin,168,49,0.2916666666666667,0.10714285714285714,0.375,3.615988131695718,12.18027731476356,12.18027731476356,0.2508999896235764,19.75269999820739
409,scene0734_00,anms_4d,168,52,0.30952380952380953,0.10714285714285714,0.375,17.15034610429571,55.82675685279701,55.82675685279701,2.0966000156477094,19.138599978759885
410,scene0734_00,grid_round_robin,253,84,0.33201581027667987,0.1541501976284585,0.40711462450592883,2.1792976744782893,30.484211928390977,30.484211928390977,0.28680003015324473,25.128500012215227
410,scene0734_00,anms_4d,253,82,0.3241106719367589,0.15019762845849802,0.40711462450592883,3.086497824662289,6.586769776483862,6.586769776483862,3.315300040412694,27.299599954858422
411,scene0734_00,grid_round_robin,28,9,0.32142857142857145,0.0,0.03571428571428571,84.14981960757808,36.47650000904945,84.14981960757808,0.16920000780373812,13.477300002705306
411,scene0734_00,anms_4d,28,9,0.32142857142857145,0.0,0.03571428571428571,179.5704659843759,36.19000350683841,179.5704659843759,0.38400001358240843,13.747500022873282
412,scene0734_00,grid_round_robin,180,59,0.3277777777777778,0.18888888888888888,0.37777777777777777,4.802000358751783,9.197455880721575,9.197455880721575,0.2570999786257744,19.85490001970902
412,scene0734_00,anms_4d,180,70,0.3888888888888889,0.16666666666666666,0.37222222222222223,1.9364614247368086,3.4973898269631376,3.4973898269631376,2.40759999724105,20.207199966534972
413,scene0734_00,grid_round_robin,3,0,0.0,0.0,0.3333333333333333,inf,inf,inf,0.13219995889812708,0.014699995517730713
413,scene0734_00,anms_4d,3,0,0.0,0.0,0.3333333333333333,inf,inf,inf,0.10599999222904444,0.007700000423938036
414,scene0734_00,grid_round_robin,13,7,0.5384615384615384,0.0,0.0,69.37667203606154,78.73054279344129,78.73054279344129,0.14399999054148793,10.033899976406246
414,scene0734_00,anms_4d,13,7,0.5384615384615384,0.0,0.0,69.37667203606166,78.73054279344117,78.73054279344117,0.20050001330673695,10.639199987053871
415,scene0734_00,grid_round_robin,213,80,0.3755868544600939,0.004694835680751174,0.03286384976525822,2.968453228436596,2.4434756748876683,2.968453228436596,0.2744999947026372,23.7603000132367
415,scene0734_00,anms_4d,213,67,0.3145539906103286,0.009389671361502348,0.046948356807511735,2.799218786433675,1.6837861155671183,2.799218786433675,2.9498999938368797,24.142500013113022
416,scene0734_00,grid_round_robin,84,25,0.2976190476190476,0.15476190476190477,0.2619047619047619,34.25871629934244,44.8340876917617,44.8340876917617,0.2066000015474856,17.218100023455918
416,scene0734_00,anms_4d,84,24,0.2857142857142857,0.14285714285714285,0.23809523809523808,31.786267052208657,76.94793011103907,76.94793011103907,0.9956000139936805,16.734000004362315
417,scene0734_00,grid_round_robin,151,53,0.3509933774834437,0.2119205298013245,0.4503311258278146,9.344059356101566,55.72949128994237,55.72949128994237,0.24850002955645323,22.06270000897348
417,scene0734_00,anms_4d,151,56,0.3708609271523179,0.2119205298013245,0.45695364238410596,9.160687923707783,55.04634185289521,55.04634185289521,1.8634999869391322,21.192100015468895
418,scene0734_00,grid_round_robin,251,83,0.33067729083665337,0.1553784860557769,0.3904382470119522,1.5494037513359806,14.07494193357978,14.07494193357978,0.28519995976239443,27.736200019717216
418,scene0734_00,anms_4d,251,78,0.3107569721115538,0.14741035856573706,0.3784860557768924,2.321244848532454,7.552674671278069,7.552674671278069,3.3162999898195267,25.894599966704845
419,scene0734_00,grid_round_robin,269,105,0.3903345724907063,0.16728624535315986,0.5092936802973977,3.2627258008152396,11.021101994693096,11.021101994693096,0.30120002338662744,24.36789998319
419,scene0734_00,anms_4d,269,107,0.39776951672862454,0.17100371747211895,0.5018587360594795,2.3538358740471574,8.705810242279354,8.705810242279354,3.5807000240311027,24.718699976801872
420,scene0735_00,grid_round_robin,236,87,0.3686440677966102,0.06779661016949153,0.19491525423728814,1.4621046992124958,14.742126835617535,14.742126835617535,0.3244000254198909,24.871300032828003
420,scene0735_00,anms_4d,236,82,0.3474576271186441,0.046610169491525424,0.16101694915254236,1.2064157798759358,18.354493793955385,18.354493793955385,3.06829996407032,24.857500044163316
421,scene0735_00,grid_round_robin,280,131,0.46785714285714286,0.25,0.6785714285714286,2.0584747740606457,10.481388165601544,10.481388165601544,0.43479999294504523,29.111100011505187
421,scene0735_00,anms_4d,280,127,0.45357142857142857,0.25,0.6821428571428572,1.9428231616095344,10.121956707465198,10.121956707465198,3.729599993675947,27.803300006780773
422,scene0735_00,grid_round_robin,167,56,0.33532934131736525,0.2155688622754491,0.562874251497006,1.7029452075082854,3.2237277086157805,3.2237277086157805,0.25569996796548367,23.76509999157861
422,scene0735_00,anms_4d,167,56,0.33532934131736525,0.2155688622754491,0.5389221556886228,1.6705499738026195,2.607571190275399,2.607571190275399,2.1933999960310757,20.02090000314638
423,scene0735_00,grid_round_robin,421,134,0.3182897862232779,0.26365795724465557,0.6294536817102138,1.5888302166112336,12.925369152379531,12.925369152379531,0.39170001400634646,32.421899959445
423,scene0735_00,anms_4d,421,130,0.3087885985748218,0.2589073634204275,0.6033254156769596,1.4640676062217612,11.946629402098145,11.946629402098145,6.110600021202117,33.133699966128916
424,scene0735_00,grid_round_robin,334,111,0.3323353293413174,0.25149700598802394,0.6736526946107785,1.9630446394788994,1.0766438272918748,1.9630446394788994,0.34470000537112355,32.28390001459047
424,scene0735_00,anms_4d,334,107,0.3203592814371258,0.25149700598802394,0.6766467065868264,2.11625715013148,1.3696179210422401,2.11625715013148,4.752799984999001,40.35779996775091
425,scene0735_00,grid_round_robin,181,62,0.3425414364640884,0.2265193370165746,0.5414364640883977,3.308770199208906,29.529796035266113,29.529796035266113,0.24399999529123306,22.835500014480203
425,scene0735_00,anms_4d,181,60,0.3314917127071823,0.2265193370165746,0.5303867403314917,3.3836873566737253,72.18816851416312,72.18816851416312,2.257599961012602,29.78310000617057
426,scene0735_00,grid_round_robin,299,105,0.3511705685618729,0.13712374581939799,0.47491638795986624,1.1306750521402282,1.7039918586323701,1.7039918586323701,0.30099996365606785,27.78619999298826
426,scene0735_00,anms_4d,299,96,0.3210702341137124,0.14715719063545152,0.47157190635451507,1.1333751154912572,4.10035015822672,4.10035015822672,4.021500004455447,25.970700022298843
427,scene0735_00,grid_round_robin,238,125,0.5252100840336135,0.1134453781512605,0.3235294117647059,1.4213128601663,8.930145680578752,8.930145680578752,0.2728999825194478,25.828099984209985
427,scene0735_00,anms_4d,238,115,0.4831932773109244,0.1092436974789916,0.3235294117647059,1.4551180831827304,9.261671748733953,9.261671748733953,3.0988999642431736,25.770600012037903
428,scene0735_00,grid_round_robin,202,110,0.5445544554455446,0.11386138613861387,0.4752475247524752,2.406890692784922,6.595503393696755,6.595503393696755,0.2568999771028757,23.57670001219958
428,scene0735_00,anms_4d,202,104,0.5148514851485149,0.10891089108910891,0.47029702970297027,1.3570759652814681,6.631922245211569,6.631922245211569,2.6073000044561923,25.80069995019585
429,scene0735_00,grid_round_robin,208,94,0.4519230769230769,0.2403846153846154,0.7067307692307693,4.263322403343602,15.150192636513786,15.150192636513786,0.2630999661050737,26.748300006147474
429,scene0735_00,anms_4d,208,93,0.44711538461538464,0.23076923076923078,0.7067307692307693,5.696317444760503,20.153776804160074,20.153776804160074,2.8273999923840165,24.379200011026114
430,scene0735_00,grid_round_robin,20,10,0.5,0.0,0.2,25.841156646091957,49.588863378366156,49.588863378366156,0.15129998791962862,14.019700000062585
430,scene0735_00,anms_4d,20,9,0.45,0.0,0.2,24.755757338088358,63.35477673820283,63.35477673820283,0.28660002863034606,14.175399963278323
431,scene0735_00,grid_round_robin,159,56,0.3522012578616352,0.10062893081761007,0.32075471698113206,10.159790283945958,17.116629994465747,17.116629994465747,0.22490002447739244,20.141700049862266
431,scene0735_00,anms_4d,159,52,0.3270440251572327,0.09433962264150944,0.31446540880503143,16.110465360267717,22.84760975196655,22.84760975196655,1.9743000157177448,19.935800053644925
432,scene0735_00,grid_round_robin,84,29,0.34523809523809523,0.11904761904761904,0.34523809523809523,24.840281632913157,52.490857059507334,52.490857059507334,0.19950000569224358,17.2873999690637
432,scene0735_00,anms_4d,84,28,0.3333333333333333,0.10714285714285714,0.3333333333333333,11.671467479117538,9.447956077728339,11.671467479117538,1.0083999950438738,16.666099952999502
433,scene0735_00,grid_round_robin,23,10,0.43478260869565216,0.0,0.0,55.38603425108533,32.4092494928843,55.38603425108533,0.1501999795436859,14.613999985158443
433,scene0735_00,anms_4d,23,10,0.43478260869565216,0.0,0.0,137.3543735564618,88.13525374129868,137.3543735564618,0.3201000508852303,19.372600014321506
434,scene0735_00,grid_round_robin,5,0,0.0,0.0,0.0,54.24185854805594,180.0,180.0,0.13770000077784061,10.023600014392287
434,scene0735_00,anms_4d,5,0,0.0,0.0,0.0,54.24185854805594,180.0,180.0,0.13050000416114926,10.15940000070259
435,scene0736_00,grid_round_robin,16,10,0.625,0.0,0.0,102.96080474406877,49.00243553019402,102.96080474406877,0.14230003580451012,5.16940001398325
435,scene0736_00,anms_4d,16,10,0.625,0.0,0.0,22.559329882862006,60.03383221945906,60.03383221945906,0.23720000172033906,4.921999992802739
436,scene0736_00,grid_round_robin,466,189,0.4055793991416309,0.3497854077253219,0.776824034334764,0.353386798182146,1.285295781879824,1.285295781879824,0.4325000336393714,39.09050003858283
436,scene0736_00,anms_4d,466,181,0.388412017167382,0.33905579399141633,0.7660944206008584,0.3937418289178122,3.589558902389501,3.589558902389501,7.348000013735145,41.22819995973259
437,scene0736_00,grid_round_robin,17,9,0.5294117647058824,0.0,0.0,74.76090735571537,53.52506355135562,74.76090735571537,0.1496000331826508,11.137699999380857
437,scene0736_00,anms_4d,17,8,0.47058823529411764,0.0,0.0,70.20477974496777,55.74631214058375,70.20477974496777,0.24660001508891582,13.250200019683689
438,scene0736_00,grid_round_robin,574,245,0.4268292682926829,0.07317073170731707,0.3310104529616725,0.8136931873493403,0.9043124725807037,0.9043124725807037,0.4763000179082155,46.21229995973408
438,scene0736_00,anms_4d,574,240,0.4181184668989547,0.07491289198606271,0.3362369337979094,1.2109855981800517,0.5319705426947613,1.2109855981800517,9.054799971636385,43.64109999733046
439,scene0736_00,grid_round_robin,332,98,0.29518072289156627,0.11746987951807229,0.3463855421686747,3.240569347932965,6.022291278681414,6.022291278681414,0.34659996163100004,24.83609999762848
439,scene0736_00,anms_4d,332,101,0.3042168674698795,0.12048192771084337,0.35542168674698793,1.7024107041969077,5.767699894229956,5.767699894229956,5.002800025977194,25.884599948767573
440,scene0736_00,grid_round_robin,83,23,0.27710843373493976,0.03614457831325301,0.14457831325301204,28.469372611674373,28.476575403153777,28.476575403153777,0.1908999984152615,15.583299973513931
440,scene0736_00,anms_4d,83,24,0.2891566265060241,0.03614457831325301,0.14457831325301204,29.312635665211424,29.5783852848521,29.5783852848521,0.9645999525673687,16.13200001884252
441,scene0736_00,grid_round_robin,443,174,0.3927765237020316,0.11512415349887133,0.4604966139954853,0.8787513953182328,1.4259076559996902,1.4259076559996902,0.4216000088490546,30.472999962512404
441,scene0736_00,anms_4d,443,173,0.3905191873589165,0.11060948081264109,0.4469525959367946,1.1477887256925106,2.054905254847188,2.054905254847188,6.509300030302256,29.85720004653558
442,scene0736_00,grid_round_robin,361,166,0.4598337950138504,0.20498614958448755,0.5734072022160664,0.8567634879464789,1.9836146337107028,1.9836146337107028,0.34309999318793416,32.667200022842735
442,scene0736_00,anms_4d,361,162,0.4487534626038781,0.21052631578947367,0.5706371191135734,0.8545238260787352,1.9821480705339884,1.9821480705339884,5.418700049631298,30.89300001738593
443,scene0736_00,grid_round_robin,152,38,0.25,0.019736842105263157,0.05263157894736842,5.450255615493688,8.913950756150221,8.913950756150221,0.22990000434219837,21.725700004026294
443,scene0736_00,anms_4d,152,50,0.32894736842105265,0.019736842105263157,0.05921052631578947,1.8216104026429754,1.5276725266891165,1.8216104026429754,1.8641999922692776,19.738800008781254
444,scene0736_00,grid_round_robin,116,30,0.25862068965517243,0.02586206896551724,0.11206896551724138,14.421006945925464,9.009274823545562,14.421006945925464,0.23930001771077514,17.36280001932755
444,scene0736_00,anms_4d,116,33,0.28448275862068967,0.02586206896551724,0.11206896551724138,15.94066459635425,8.95354676530881,15.94066459635425,1.3862999621778727,17.269900010433048
445,scene0736_00,grid_round_robin,97,23,0.23711340206185566,0.08247422680412371,0.18556701030927836,8.470645090081272,14.673847362039425,14.673847362039425,0.2172000240534544,16.71820000046864
445,scene0736_00,anms_4d,97,26,0.26804123711340205,0.09278350515463918,0.20618556701030927,17.21100484166632,28.2844194623736,28.2844194623736,1.1354999733157456,16.844700032379478
446,scene0736_00,grid_round_robin,425,115,0.27058823529411763,0.16941176470588235,0.4235294117647059,2.788617190208197,4.321715071206449,4.321715071206449,0.45089999912306666,29.611899983137846
446,scene0736_00,anms_4d,425,117,0.2752941176470588,0.17882352941176471,0.4376470588235294,2.503558328312642,3.801371694040291,3.801371694040291,6.821999966632575,26.92060003755614
447,scene0736_00,grid_round_robin,449,112,0.24944320712694878,0.111358574610245,0.32516703786191536,0.6867511382613136,1.2005566999114132,1.2005566999114132,0.39329996798187494,31.249199993908405
447,scene0736_00,anms_4d,449,125,0.27839643652561247,0.11358574610244988,0.33407572383073497,0.2494089693309908,2.265012189283016,2.265012189283016,6.643700005952269,29.02770001674071
448,scene0736_00,grid_round_robin,20,10,0.5,0.0,0.0,104.38782923203976,59.91759977346399,104.38782923203976,0.15400000847876072,14.11520002875477
448,scene0736_00,anms_4d,20,10,0.5,0.0,0.0,104.38782923203979,59.91759977346399,104.38782923203979,0.2940999693237245,14.147999987471849
449,scene0736_00,grid_round_robin,9,6,0.6666666666666666,0.0,0.0,107.52153186338468,52.00211705314747,107.52153186338468,0.14429999282583594,3.8379000034183264
449,scene0736_00,anms_4d,9,6,0.6666666666666666,0.0,0.0,107.52153186338468,52.00211705314747,107.52153186338468,0.17119996482506394,12.325100018642843
450,scene0737_00,grid_round_robin,131,35,0.26717557251908397,0.12213740458015267,0.26717557251908397,3.560152208865215,5.452220880736975,5.452220880736975,0.2633000258356333,30.004400003235787
450,scene0737_00,anms_4d,131,37,0.2824427480916031,0.12213740458015267,0.25190839694656486,2.916243155708183,4.686547009645615,4.686547009645615,1.6023999778553843,27.457799995318055
451,scene0737_00,grid_round_robin,88,37,0.42045454545454547,0.18181818181818182,0.4659090909090909,5.669289157636511,3.4542633237916665,5.669289157636511,0.23519998649135232,18.122399982530624
451,scene0737_00,anms_4d,88,36,0.4090909090909091,0.17045454545454544,0.45454545454545453,9.95021246769591,8.255809751868497,9.95021246769591,1.0582000249996781,18.01170001272112
452,scene0737_00,grid_round_robin,11,7,0.6363636363636364,0.18181818181818182,0.2727272727272727,59.1982577151717,33.885118602400304,59.1982577151717,0.145500001963228,4.44920000154525
452,scene0737_00,anms_4d,11,8,0.7272727272727273,0.18181818181818182,0.2727272727272727,31.56167309502425,68.13195122037433,68.13195122037433,0.18959998851642013,2.2609999869018793
453,scene0737_00,grid_round_robin,25,11,0.44,0.12,0.36,53.84801052228028,22.31655943758713,53.84801052228028,0.15809998149052262,14.61610000114888
453,scene0737_00,anms_4d,25,10,0.4,0.12,0.4,54.266183538712596,21.563211727105482,54.266183538712596,0.3470999654382467,14.758699981030077
454,scene0737_00,grid_round_robin,87,36,0.41379310344827586,0.21839080459770116,0.7126436781609196,7.032470055089154,17.7662912789521,17.7662912789521,0.2381000085733831,17.0279000303708
454,scene0737_00,anms_4d,87,36,0.41379310344827586,0.22988505747126436,0.7126436781609196,3.669749166929422,7.085115942469073,7.085115942469073,1.0195000213570893,17.61909999186173
455,scene0737_00,grid_round_robin,94,25,0.26595744680851063,0.031914893617021274,0.07446808510638298,38.2237249067009,53.868077773422726,53.868077773422726,0.21780002862215042,17.940500052645802
455,scene0737_00,anms_4d,94,24,0.2553191489361702,0.031914893617021274,0.0851063829787234,40.99757995205001,54.7818319115558,54.7818319115558,1.2605999945662916,17.04740000423044
456,scene0737_00,grid_round_robin,86,29,0.3372093023255814,0.08139534883720931,0.26744186046511625,3.380293114297012,7.278294209175742,7.278294209175742,0.19039999460801482,17.678799980785698
456,scene0737_00,anms_4d,86,28,0.32558139534883723,0.08139534883720931,0.26744186046511625,1.999169206377961,3.2640006493723437,3.2640006493723437,1.0034000151790679,17.47830002568662
457,scene0737_00,grid_round_robin,71,22,0.30985915492957744,0.07042253521126761,0.323943661971831,11.288224265071456,28.94435251736648,28.94435251736648,0.20410004071891308,15.887800022028387
457,scene0737_00,anms_4d,71,17,0.23943661971830985,0.07042253521126761,0.3380281690140845,11.372668693543487,21.43229789431616,21.43229789431616,0.8512999629601836,15.676500042900443
458,scene0737_00,grid_round_robin,49,15,0.30612244897959184,0.04081632653061224,0.14285714285714285,17.42770564046987,42.86648800825385,42.86648800825385,0.16469997353851795,14.539499999955297
458,scene0737_00,anms_4d,49,15,0.30612244897959184,0.04081632653061224,0.16326530612244897,17.179056829360437,42.480744098749824,42.480744098749824,0.5915999645367265,15.705800033174455
459,scene0737_00,grid_round_robin,88,25,0.2840909090909091,0.19318181818181818,0.3522727272727273,33.85536694997545,86.80872346500152,86.80872346500152,0.2413999754935503,17.12129998486489
459,scene0737_00,anms_4d,88,31,0.3522727272727273,0.20454545454545456,0.375,4.623004976217119,3.7929471775099786,4.623004976217119,1.0241999989375472,17.536900006234646
460,scene0737_00,grid_round_robin,17,9,0.5294117647058824,0.11764705882352941,0.17647058823529413,81.60627123957411,13.417772151304547,81.60627123957411,0.14669995289295912,11.072500026784837
460,scene0737_00,anms_4d,17,9,0.5294117647058824,0.11764705882352941,0.17647058823529413,83.74910084793363,14.056871180231184,83.74910084793363,0.24810002651065588,10.737999982666224
461,scene0737_00,grid_round_robin,163,37,0.22699386503067484,0.1656441717791411,0.4539877300613497,1.184491463912695,0.2961600715542252,1.184491463912695,0.2586999908089638,17.277799954172224
461,scene0737_00,anms_4d,163,44,0.26993865030674846,0.15337423312883436,0.4662576687116564,6.521301718311635,5.954334426155869,6.521301718311635,2.001499990001321,17.72589999018237
462,scene0737_00,grid_round_robin,261,133,0.5095785440613027,0.02681992337164751,0.09578544061302682,2.480744663849928,3.3632610537606746,3.3632610537606746,0.3276999923400581,27.048500021919608
462,scene0737_00,anms_4d,261,131,0.5019157088122606,0.02681992337164751,0.09578544061302682,2.463169983663914,3.382556109438418,3.382556109438418,3.4158999915234745,27.294899977277964
463,scene0737_00,grid_round_robin,77,25,0.3246753246753247,0.0,0.0,148.01613260887444,88.877736070195,148.01613260887444,0.19109999993816018,15.667600033339113
463,scene0737_00,anms_4d,77,22,0.2857142857142857,0.0,0.0,148.1401075476557,88.98723007337131,148.1401075476557,1.1578999692574143,15.302399988286197
464,scene0737_00,grid_round_robin,357,189,0.5294117647058824,0.09243697478991597,0.49859943977591037,0.4870242371719427,4.803615188279055,4.803615188279055,0.354600022546947,25.93260002322495
464,scene0737_00,anms_4d,357,178,0.49859943977591037,0.10084033613445378,0.5098039215686274,0.4567836773544427,4.523950342925969,4.523950342925969,5.117200023960322,36.09460004372522
465,scene0738_00,grid_round_robin,716,398,0.5558659217877095,0.44273743016759776,0.9050279329608939,0.22286061710458663,3.7764529594304705,3.7764529594304705,0.5800999933853745,43.460600019898266
465,scene0738_00,anms_4d,716,385,0.5377094972067039,0.43435754189944137,0.8952513966480447,0.20711313699852357,4.583288289134371,4.583288289134371,13.252700038719922,62.12819996289909
466,scene0738_00,grid_round_robin,34,13,0.38235294117647056,0.058823529411764705,0.20588235294117646,77.24983769471902,69.709259223315,77.24983769471902,0.19200000679120421,14.346599986311048
466,scene0738_00,anms_4d,34,12,0.35294117647058826,0.058823529411764705,0.20588235294117646,65.00765628410899,56.737580121922086,65.00765628410899,0.4490000428631902,14.600900001823902
467,scene0738_00,grid_round_robin,120,41,0.3416666666666667,0.1,0.325,0.9637659089729309,1.5796733907724518,1.5796733907724518,0.21059997379779816,18.44150002580136
467,scene0738_00,anms_4d,120,35,0.2916666666666667,0.1,0.3416666666666667,2.6681792272155014,5.158556720011303,5.158556720011303,1.4295000000856817,17.265800037421286
468,scene0738_00,grid_round_robin,121,36,0.2975206611570248,0.2066115702479339,0.47107438016528924,1.9155673936007533,10.977076882739809,10.977076882739809,0.2728000399656594,17.332699964754283
468,scene0738_00,anms_4d,121,37,0.30578512396694213,0.17355371900826447,0.45454545454545453,3.9361319822418155,10.798614195554375,10.798614195554375,1.4483000268228352,17.39379996433854
469,scene0738_00,grid_round_robin,533,261,0.4896810506566604,0.0975609756097561,0.49530956848030017,0.4679255415438166,0.5001205261163522,0.5001205261163522,0.4401000333018601,44.783799967262894
469,scene0738_00,anms_4d,533,262,0.4915572232645403,0.09943714821763602,0.4915572232645403,0.5416648888365179,0.7429599541639447,0.7429599541639447,8.472100016660988,39.470699965022504
470,scene0738_00,grid_round_robin,467,170,0.3640256959314775,0.3083511777301927,0.7301927194860813,0.38483586648049445,0.7399669393747749,0.7399669393747749,0.43620000360533595,43.09369996190071
470,scene0738_00,anms_4d,467,163,0.3490364025695932,0.2955032119914347,0.7194860813704497,0.45050385392242454,2.0072682378394093,2.0072682378394093,7.000799989327788,36.24269994907081
471,scene0738_00,grid_round_robin,1,0,0.0,0.0,0.0,inf,inf,inf,0.1314000110141933,0.015199999324977398
471,scene0738_00,anms_4d,1,0,0.0,0.0,0.0,inf,inf,inf,0.05039997631683946,0.006399990525096655
472,scene0738_00,grid_round_robin,223,93,0.4170403587443946,0.13452914798206278,0.4125560538116592,1.5470665727051915,9.731790435806218,9.731790435806218,0.25450001703575253,23.959599959198385
472,scene0738_00,anms_4d,223,90,0.40358744394618834,0.13452914798206278,0.4125560538116592,1.5439142833351098,9.754506387635304,9.754506387635304,2.9327000374905765,22.57069997722283
473,scene0738_00,grid_round_robin,263,90,0.34220532319391633,0.16730038022813687,0.4220532319391635,1.3723400854970937,1.0134135060598672,1.3723400854970937,0.2902999985963106,24.64779996080324
473,scene0738_00,anms_4d,263,88,0.33460076045627374,0.16730038022813687,0.41825095057034223,1.6520278230420926,1.7563117494263618,1.7563117494263618,3.6725999671034515,24.27609998267144
474,scene0738_00,grid_round_robin,251,96,0.38247011952191234,0.30278884462151395,0.7330677290836654,1.8975088490164957,2.4562217311008823,2.4562217311008823,0.2941000275313854,24.343200027942657
474,scene0738_00,anms_4d,251,94,0.3745019920318725,0.2908366533864542,0.7131474103585658,1.990424754201114,3.353801437946067,3.353801437946067,3.2612000359222293,24.668300000485033
475,scene0738_00,grid_round_robin,46,14,0.30434782608695654,0.15217391304347827,0.21739130434782608,60.55557539557717,73.11296212613345,73.11296212613345,0.18229999113827944,14.007600024342537
475,scene0738_00,anms_4d,46,13,0.2826086956521739,0.13043478260869565,0.21739130434782608,69.26931475437884,80.54397085588647,80.54397085588647,0.567199953366071,13.875900011043996
476,scene0738_00,grid_round_robin,7,5,0.7142857142857143,0.14285714285714285,0.14285714285714285,153.62563223827536,70.55178895722727,153.62563223827536,0.1370999962091446,2.61370005318895
476,scene0738_00,anms_4d,7,5,0.7142857142857143,0.14285714285714285,0.14285714285714285,153.62563223827536,70.55178895722727,153.62563223827536,0.14590000500902534,2.4692000006325543
477,scene0738_00,grid_round_robin,294,139,0.47278911564625853,0.17687074829931973,0.3843537414965986,1.6813613309988786,1.966113348451176,1.966113348451176,0.2958999830298126,32.18229999765754
477,scene0738_00,anms_4d,294,136,0.46258503401360546,0.1564625850340136,0.35034013605442177,1.1910236196704724,2.1068613787436323,2.1068613787436323,4.315599973779172,28.18309998838231
478,scene0738_00,grid_round_robin,78,31,0.3974358974358974,0.3333333333333333,0.7307692307692307,1.259882427097794,3.4494568442076035,3.4494568442076035,0.20080001559108496,17.0712000108324
478,scene0738_00,anms_4d,78,28,0.358974358974359,0.2948717948717949,0.7051282051282052,1.1853543694881943,3.13515621625585,3.13515621625585,0.8981999708339572,16.771199996583164
479,scene0738_00,grid_round_robin,175,69,0.3942857142857143,0.30857142857142855,0.7428571428571429,0.312066414834999,2.215473822848548,2.215473822848548,0.228599994443357,23.0835999827832
479,scene0738_00,anms_4d,175,70,0.4,0.29714285714285715,0.7371428571428571,0.6322127011889549,1.168407690392968,1.168407690392968,2.207999990787357,22.211400035303086
480,scene0739_00,grid_round_robin,58,24,0.41379310344827586,0.13793103448275862,0.2413793103448276,8.148102975781551,24.370052993407167,24.370052993407167,0.18269999418407679,16.709099989384413
480,scene0739_00,anms_4d,58,21,0.3620689655172414,0.13793103448275862,0.2413793103448276,37.81715636539271,34.76009096695114,37.81715636539271,0.686699990183115,16.334299987647682
481,scene0739_00,grid_round_robin,183,50,0.273224043715847,0.17486338797814208,0.40437158469945356,6.15078158077891,12.089382760769515,12.089382760769515,0.24130003293976188,41.752199991606176
481,scene0739_00,anms_4d,183,51,0.2786885245901639,0.16393442622950818,0.3879781420765027,4.272597775101523,9.4126008053279,9.4126008053279,2.5040999753400683,21.647099987603724
482,scene0739_00,grid_round_robin,182,60,0.32967032967032966,0.12087912087912088,0.34065934065934067,0.8158069981156072,3.2925973336202774,3.2925973336202774,0.2590999938547611,21.977199998218566
482,scene0739_00,anms_4d,182,57,0.3131868131868132,0.12087912087912088,0.32967032967032966,0.901106990321616,3.4549793688896284,3.4549793688896284,2.3231999948620796,24.477200000546873
483,scene0739_00,grid_round_robin,276,110,0.39855072463768115,0.10869565217391304,0.4782608695652174,1.7029542184043192,6.339433150465369,6.339433150465369,0.33680000342428684,29.813900007866323
483,scene0739_00,anms_4d,276,117,0.42391304347826086,0.10144927536231885,0.4746376811594203,0.8430415567722532,6.646038701296924,6.646038701296924,4.344700020737946,27.52229996258393
484,scene0739_00,grid_round_robin,281,107,0.3807829181494662,0.1708185053380783,0.4875444839857651,3.3223891071032288,76.84286427161581,76.84286427161581,0.305499997921288,29.226299957372248
484,scene0739_00,anms_4d,281,110,0.3914590747330961,0.16725978647686832,0.4875444839857651,3.788480193109537,42.7324848282627,42.7324848282627,4.232999985106289,30.516200000420213
485,scene0739_00,grid_round_robin,30,10,0.3333333333333333,0.03333333333333333,0.06666666666666667,65.78622343887065,66.622164529457,66.622164529457,0.16540003707632422,13.9861999778077
485,scene0739_00,anms_4d,30,10,0.3333333333333333,0.03333333333333333,0.06666666666666667,32.298790932832105,45.39215382373223,45.39215382373223,0.40149997221305966,13.61600001109764
486,scene0739_00,grid_round_robin,314,120,0.3821656050955414,0.2961783439490446,0.7356687898089171,1.035267741364256,1.840345487073273,1.840345487073273,0.3709000302478671,26.607600040733814
486,scene0739_00,anms_4d,314,113,0.35987261146496813,0.2961783439490446,0.732484076433121,1.0638275441279794,1.7778877975362937,1.7778877975362937,4.459999967366457,26.854900002945215
487,scene0739_00,grid_round_robin,271,132,0.4870848708487085,0.28044280442804426,0.6494464944649446,0.5742480476741976,1.8350369276678198,1.8350369276678198,0.3176999744027853,25.543600029777735
487,scene0739_00,anms_4d,271,132,0.4870848708487085,0.2730627306273063,0.6568265682656826,1.1481461946955402,2.4420337606971634,2.4420337606971634,3.6062999861314893,23.515500011853874
488,scene0739_00,grid_round_robin,442,216,0.48868778280542985,0.3733031674208145,0.832579185520362,0.49475961657873174,2.668979332167343,2.668979332167343,0.4482000367715955,45.61009997269139
488,scene0739_00,anms_4d,442,215,0.48642533936651583,0.3665158371040724,0.8280542986425339,0.11612818859986646,1.4611406438333694,1.4611406438333694,7.622400007676333,51.34659999748692
489,scene0739_00,grid_round_robin,170,65,0.38235294117647056,0.25882352941176473,0.6294117647058823,1.5681927153788577,3.348155833119254,3.348155833119254,0.42529997881501913,21.466700010932982
489,scene0739_00,anms_4d,170,65,0.38235294117647056,0.2647058823529412,0.6294117647058823,2.323318230683399,4.480865186396431,4.480865186396431,2.1074999822303653,21.85349998762831
490,scene0739_00,grid_round_robin,199,58,0.2914572864321608,0.1457286432160804,0.38190954773869346,23.50087595983038,77.88005189254483,77.88005189254483,0.2753000007942319,22.098799992818385
490,scene0739_00,anms_4d,199,50,0.25125628140703515,0.1457286432160804,0.4020100502512563,1.965617926007931,10.380779689867383,10.380779689867383,2.9738000012002885,21.039300016127527
491,scene0739_00,grid_round_robin,230,95,0.41304347826086957,0.1956521739130435,0.5478260869565217,2.3456457351727056,4.771747546479198,4.771747546479198,0.2840000088326633,23.765399993862957
491,scene0739_00,anms_4d,230,91,0.39565217391304347,0.21304347826086956,0.5391304347826087,0.8917293305308938,2.62615148888244,2.62615148888244,3.5333000123500824,23.995399998966604
492,scene0739_00,grid_round_robin,273,160,0.5860805860805861,0.07326007326007326,0.4652014652014652,0.6674684098565746,2.1811603676210454,2.1811603676210454,0.3247000277042389,18.190300033893436
492,scene0739_00,anms_4d,273,151,0.5531135531135531,0.08424908424908426,0.4725274725274725,0.6978497302090336,2.3177759178854105,2.3177759178854105,3.5920999944210052,22.844000020995736
493,scene0739_00,grid_round_robin,236,100,0.423728813559322,0.11864406779661017,0.3898305084745763,1.118121826878387,6.764593623520947,6.764593623520947,0.29150000773370266,24.954400025308132
493,scene0739_00,anms_4d,236,90,0.3813559322033898,0.11016949152542373,0.3686440677966102,1.2790839305364672,8.139977761296796,8.139977761296796,3.0823000124655664,22.922199976164848
494,scene0739_00,grid_round_robin,386,168,0.43523316062176165,0.36787564766839376,0.7642487046632125,2.4025293249091577,7.5502396269019165,7.5502396269019165,0.3657999914139509,38.46999997040257
494,scene0739_00,anms_4d,386,170,0.44041450777202074,0.34974093264248707,0.7564766839378239,0.8211406570612726,9.693032380195172,9.693032380195172,5.581400007940829,31.642199959605932
495,scene0740_00,grid_round_robin,7,5,0.7142857142857143,0.0,0.0,69.85325865435517,24.219494265877973,69.85325865435517,0.14560000272467732,2.516100008506328
495,scene0740_00,anms_4d,7,5,0.7142857142857143,0.0,0.0,75.23164715308177,36.41859927763358,75.23164715308177,0.2652999828569591,2.273900026921183
496,scene0740_00,grid_round_robin,223,100,0.4484304932735426,0.2825112107623318,0.7757847533632287,1.0219154578666845,2.9527358973874835,2.9527358973874835,0.28959999326616526,27.56209997460246
496,scene0740_00,anms_4d,223,94,0.42152466367713004,0.2600896860986547,0.7488789237668162,1.0379984137248126,2.9623102662642546,2.9623102662642546,3.2285000197589397,26.94149996386841
497,scene0740_00,grid_round_robin,408,199,0.4877450980392157,0.36764705882352944,0.8529411764705882,0.6634312665448557,0.33618656657238155,0.6634312665448557,0.39469997864216566,39.036499976646155
497,scene0740_00,anms_4d,408,192,0.47058823529411764,0.3602941176470588,0.8357843137254902,1.8559729963766898,7.848934050856666,7.848934050856666,5.903500015847385,36.189000005833805
498,scene0740_00,grid_round_robin,166,71,0.42771084337349397,0.42771084337349397,0.7831325301204819,0.3823310568280372,0.4049783637570441,0.4049783637570441,0.2512000501155853,20.29960002982989
498,scene0740_00,anms_4d,166,66,0.39759036144578314,0.4036144578313253,0.7530120481927711,0.8909112773026311,1.6465169692233457,1.6465169692233457,2.0573000074364245,19.926699984353036
499,scene0740_00,grid_round_robin,314,118,0.37579617834394907,0.03184713375796178,0.14331210191082802,1.0303778844798228,4.440585104333777,4.440585104333777,0.3735999925993383,31.20399999897927
499,scene0740_00,anms_4d,314,119,0.37898089171974525,0.03184713375796178,0.1464968152866242,1.352348618900472,3.2373125223062917,3.2373125223062917,4.305299953557551,27.486999984830618
500,scene0740_00,grid_round_robin,7,5,0.7142857142857143,0.0,0.0,144.33631400689077,70.70882634694092,144.33631400689077,0.2518999972380698,2.6851000147871673
500,scene0740_00,anms_4d,7,5,0.7142857142857143,0.0,0.0,94.586166722765,85.34494624842745,94.586166722765,0.15430001076310873,2.3122000275179744
501,scene0740_00,grid_round_robin,15,7,0.4666666666666667,0.0,0.06666666666666667,176.04015978331591,84.07371599600182,176.04015978331591,0.14079996617510915,13.521999993827194
501,scene0740_00,anms_4d,15,7,0.4666666666666667,0.0,0.06666666666666667,176.04015978331785,84.07371599600104,176.04015978331785,0.2308000111952424,13.204899965785444
502,scene0740_00,grid_round_robin,135,45,0.3333333333333333,0.18518518518518517,0.4962962962962963,3.6436798927536054,8.639646384500178,8.639646384500178,0.22410001838579774,17.76130002690479
502,scene0740_00,anms_4d,135,49,0.362962962962963,0.1925925925925926,0.5037037037037037,2.8735773170409598,14.21573220646939,14.21573220646939,1.651700004003942,18.935600004624575
503,scene0740_00,grid_round_robin,178,75,0.42134831460674155,0.16853932584269662,0.46629213483146065,3.4125016456627186,7.990353069088447,7.990353069088447,0.24159997701644897,22.189200040884316
503,scene0740_00,anms_4d,178,77,0.43258426966292135,0.16853932584269662,0.46629213483146065,2.9679568554418725,7.121627502651714,7.121627502651714,2.375599986407906,21.157599985599518
504,scene0740_00,grid_round_robin,133,40,0.3007518796992481,0.14285714285714285,0.39097744360902253,2.8127443862134687,2.5320951501771365,2.8127443862134687,0.24389999452978373,19.135799957439303
504,scene0740_00,anms_4d,133,40,0.3007518796992481,0.13533834586466165,0.3609022556390977,4.114907115107566,4.700896856596181,4.700896856596181,1.5994000132195652,19.008399976883084
505,scene0740_00,grid_round_robin,98,41,0.41836734693877553,0.10204081632653061,0.20408163265306123,1.9760928222407033,3.307031279177622,3.307031279177622,0.20790001144632697,17.691500019282103
505,scene0740_00,anms_4d,98,42,0.42857142857142855,0.1326530612244898,0.23469387755102042,1.3348614732842192,2.702073027803861,2.702073027803861,1.158100028987974,18.169799994211644
506,scene0740_00,grid_round_robin,170,50,0.29411764705882354,0.09411764705882353,0.2411764705882353,6.38345288912274,15.629333301088694,15.629333301088694,0.3780000261031091,19.915300013963133
506,scene0740_00,anms_4d,170,43,0.2529411764705882,0.10588235294117647,0.27058823529411763,1.9353904139291556,7.346647866171426,7.346647866171426,2.202600007876754,19.289599964395165
507,scene0740_00,grid_round_robin,164,61,0.3719512195121951,0.09146341463414634,0.27439024390243905,1.8625119318166152,5.200855842987954,5.200855842987954,0.25969999842345715,22.38570002373308
507,scene0740_00,anms_4d,164,59,0.3597560975609756,0.08536585365853659,0.25609756097560976,1.686281431983044,4.905760869963315,4.905760869963315,2.5616000057198107,22.389499994460493
508,scene0740_00,grid_round_robin,216,97,0.44907407407407407,0.21296296296296297,0.5138888888888888,0.34501221298656565,0.33267350773165705,0.34501221298656565,0.2655999851413071,23.598500003572553
508,scene0740_00,anms_4d,216,93,0.4305555555555556,0.18981481481481483,0.49074074074074076,0.4723660387692458,1.5969586073429416,1.5969586073429416,2.7320999652147293,23.063100001309067
509,scene0740_00,grid_round_robin,324,146,0.4506172839506173,0.14506172839506173,0.49074074074074076,1.571538323642611,1.8160929273657127,1.8160929273657127,0.33629999961704016,28.772199992090464
509,scene0740_00,anms_4d,324,140,0.43209876543209874,0.1574074074074074,0.49382716049382713,1.604860226123714,1.9548500475909347,1.9548500475909347,4.656400007661432,30.838600010611117
510,scene0741_00,grid_round_robin,155,74,0.4774193548387097,0.03225806451612903,0.16129032258064516,1.2168075839917245,1.5441532115349048,1.5441532115349048,0.24700001813471317,21.649600006639957
510,scene0741_00,anms_4d,155,68,0.43870967741935485,0.03225806451612903,0.16774193548387098,6.375064330146377,3.555249041627831,6.375064330146377,1.9198000081814826,19.084300030954182
511,scene0741_00,grid_round_robin,106,59,0.5566037735849056,0.09433962264150944,0.27358490566037735,1.181766409347952,0.8265477057906137,1.181766409347952,0.20549999317154288,12.41580001078546
511,scene0741_00,anms_4d,106,54,0.5094339622641509,0.08490566037735849,0.2641509433962264,1.4489142765342524,1.3303524323603513,1.4489142765342524,1.518899982329458,19.190500024706125
512,scene0741_00,grid_round_robin,64,32,0.5,0.46875,0.84375,2.0589860262356687,2.0797409420814468,2.0797409420814468,0.2361999941058457,17.146199999842793
512,scene0741_00,anms_4d,64,33,0.515625,0.46875,0.828125,2.016258470297715,2.0172724979783028,2.0172724979783028,1.077399996574968,16.261399956420064
513,scene0741_00,grid_round_robin,186,114,0.6129032258064516,0.3172043010752688,0.7634408602150538,0.32719303623753604,16.140907912273434,16.140907912273434,0.2649999805726111,11.084800004027784
513,scene0741_00,anms_4d,186,114,0.6129032258064516,0.3010752688172043,0.7365591397849462,0.6048134814928776,21.01350125814211,21.01350125814211,2.3187000188045204,12.214099988341331
514,scene0741_00,grid_round_robin,122,54,0.4426229508196721,0.06557377049180328,0.22131147540983606,7.02300917173962,24.815843489072392,24.815843489072392,0.21979998564347625,27.723199978936464
514,scene0741_00,anms_4d,122,52,0.4262295081967213,0.06557377049180328,0.22131147540983606,5.549182309497688,21.29254577806885,21.29254577806885,1.4512999914586544,22.670600039418787
515,scene0741_00,grid_round_robin,234,97,0.41452991452991456,0.0641025641025641,0.24358974358974358,1.7097198053186664,3.5894564499440826,3.5894564499440826,0.3205999964848161,24.13410000735894
515,scene0741_00,anms_4d,234,102,0.4358974358974359,0.06837606837606838,0.2564102564102564,1.5836976982638227,3.2120751778840533,3.2120751778840533,3.020700009074062,23.737800016533583
516,scene0741_00,grid_round_robin,28,10,0.35714285714285715,0.0,0.0,160.29022186613363,32.52791526029146,160.29022186613363,0.15480001457035542,14.26349999383092
516,scene0741_00,anms_4d,28,9,0.32142857142857145,0.0,0.0,124.00840172585795,22.46043644343174,124.00840172585795,0.38270000368356705,13.834899989888072
517,scene0741_00,grid_round_robin,36,13,0.3611111111111111,0.0,0.0,170.1873716414526,56.09557252431848,170.1873716414526,0.21600001491606236,13.988699996843934
517,scene0741_00,anms_4d,36,14,0.3888888888888889,0.0,0.0,168.20206994139554,51.84770476028596,168.20206994139554,0.4539999645203352,13.727199984714389
518,scene0741_00,grid_round_robin,222,71,0.31981981981981983,0.0945945945945946,0.3153153153153153,5.492902625241909,18.07235763264249,18.07235763264249,0.25939999613910913,23.779299983289093
518,scene0741_00,anms_4d,222,77,0.34684684684684686,0.09009009009009009,0.31981981981981983,2.689187159514181,12.164327742252594,12.164327742252594,2.9060000088065863,24.093499989248812
519,scene0741_00,grid_round_robin,5,0,0.0,0.0,0.0,135.77530031284948,180.0,180.0,0.14349998673424125,9.926500031724572
519,scene0741_00,anms_4d,5,0,0.0,0.0,0.0,135.77530031284948,180.0,180.0,0.13150001177564263,11.883500032126904
520,scene0741_00,grid_round_robin,8,6,0.75,0.0,0.125,78.33458605431368,43.52894946934248,78.33458605431368,0.14190003275871277,1.7993999645113945
520,scene0741_00,anms_4d,8,6,0.75,0.0,0.125,78.33458605431365,43.52894946934225,78.33458605431365,0.15119998715817928,1.8541000317782164
521,scene0741_00,grid_round_robin,95,42,0.4421052631578947,0.29473684210526313,0.7263157894736842,1.9083299375745815,2.6332120533534056,2.6332120533534056,0.22250000620260835,16.73610002035275
521,scene0741_00,anms_4d,95,38,0.4,0.28421052631578947,0.7157894736842105,1.2131280422709223,0.2635114928976217,1.2131280422709223,1.213699986692518,16.519299999345094
522,scene0741_00,grid_round_robin,27,9,0.3333333333333333,0.037037037037037035,0.07407407407407407,150.32512158890148,73.1917531788975,150.32512158890148,0.15380000695586205,13.59230000525713
522,scene0741_00,anms_4d,27,9,0.3333333333333333,0.037037037037037035,0.07407407407407407,91.67192224336036,23.404744711661948,91.67192224336036,0.36040000850334764,13.456500018946826
523,scene0741_00,grid_round_robin,437,238,0.5446224256292906,0.32265446224256294,0.7437070938215103,0.6676860332659533,1.3378881998864998,1.3378881998864998,0.4105999832972884,31.953300000168383
523,scene0741_00,anms_4d,437,228,0.5217391304347826,0.3157894736842105,0.7345537757437071,0.6671455512145855,1.333270728881092,1.333270728881092,6.594099977519363,33.3542000153102
524,scene0741_00,grid_round_robin,297,106,0.3569023569023569,0.19528619528619529,0.6531986531986532,0.6782082146941075,3.8145277708977736,3.8145277708977736,0.32670004293322563,23.807300021871924
524,scene0741_00,anms_4d,297,103,0.3468013468013468,0.19865319865319866,0.6531986531986532,0.9230677575597488,5.519213040604411,5.519213040604411,4.1458000196143985,23.8151999656111
525,scene0742_00,grid_round_robin,416,198,0.47596153846153844,0.20432692307692307,0.6490384615384616,0.8539505010157682,14.846624950698873,14.846624950698873,0.3826000029221177,41.66549997171387
525,scene0742_00,anms_4d,416,195,0.46875,0.20432692307692307,0.6346153846153846,0.9348811380157658,16.5705781662567,16.5705781662567,6.308400013949722,40.00590002397075
526,scene0742_00,grid_round_robin,142,46,0.323943661971831,0.176056338028169,0.38028169014084506,3.5081510542096495,7.138502682720618,7.138502682720618,0.3029999788850546,19.894500030204654
526,scene0742_00,anms_4d,142,45,0.31690140845070425,0.19014084507042253,0.4084507042253521,3.6203196139545373,9.993069430912014,9.993069430912014,1.7643000464886427,18.837399955373257
527,scene0742_00,grid_round_robin,163,42,0.25766871165644173,0.147239263803681,0.4171779141104294,5.294599792997351,14.28729286512709,14.28729286512709,0.23049995070323348,19.540100009180605
527,scene0742_00,anms_4d,163,38,0.2331288343558282,0.13496932515337423,0.39263803680981596,5.257651444827109,15.177204497535591,15.177204497535591,2.037899976130575,19.036800018511713
528,scene0742_00,grid_round_robin,262,95,0.36259541984732824,0.33969465648854963,0.683206106870229,0.7245132875863445,2.417158043599463,2.417158043599463,0.3971999976783991,26.577699987683445
528,scene0742_00,anms_4d,262,101,0.38549618320610685,0.33587786259541985,0.6793893129770993,0.6483355257984675,1.7959147474157737,1.7959147474157737,3.4271000185981393,24.37359996838495
529,scene0742_00,grid_round_robin,308,134,0.43506493506493504,0.32142857142857145,0.6753246753246753,0.9322153505528014,1.948802592286487,1.948802592286487,0.34980004420503974,28.98910001385957
529,scene0742_00,anms_4d,308,140,0.45454545454545453,0.3181818181818182,0.6623376623376623,1.0620844374184981,2.2479542675004716,2.2479542675004716,4.202399984933436,29.561500006821007
530,scene0742_00,grid_round_robin,298,119,0.39932885906040266,0.3691275167785235,0.7583892617449665,0.3284708805012891,1.5561514362137097,1.5561514362137097,0.3440000000409782,28.669499966781586
530,scene0742_00,anms_4d,298,117,0.3926174496644295,0.34563758389261745,0.7516778523489933,0.41598024782006726,1.208425139970543,1.208425139970543,4.3110999977216125,29.289300029631704
531,scene0742_00,grid_round_robin,280,83,0.29642857142857143,0.16785714285714284,0.5714285714285714,3.1002799059573873,14.433703512741928,14.433703512741928,0.3239000216126442,26.20649995515123
531,scene0742_00,anms_4d,280,80,0.2857142857142857,0.15357142857142858,0.5428571428571428,1.5830158833465149,10.79096553636937,10.79096553636937,3.7026999634690583,26.69389999937266
532,scene0742_00,grid_round_robin,327,128,0.39143730886850153,0.24464831804281345,0.6666666666666666,0.9027364647949722,3.4309472186997403,3.4309472186997403,0.36970002111047506,29.664999980013818
532,scene0742_00,anms_4d,327,126,0.3853211009174312,0.2324159021406728,0.6666666666666666,1.327343524688382,5.490677756643661,5.490677756643661,4.646499990485609,28.321699996013194
533,scene0742_00,grid_round_robin,172,54,0.313953488372093,0.040697674418604654,0.16279069767441862,3.963634565357942,7.7320824147993354,7.7320824147993354,0.23859995417296886,20.961400005035102
533,scene0742_00,anms_4d,172,52,0.3023255813953488,0.040697674418604654,0.16279069767441862,4.76557398232393,9.36539947362094,9.36539947362094,2.1049000206403434,20.079300040379167
534,scene0742_00,grid_round_robin,434,212,0.48847926267281105,0.055299539170506916,0.21889400921658986,1.6672947441233472,7.114315533401328,7.114315533401328,0.41559996316209435,38.84220001054928
534,scene0742_00,anms_4d,434,205,0.47235023041474655,0.059907834101382486,0.22119815668202766,1.6593015834708267,7.0015692112596035,7.0015692112596035,6.365199980791658,33.95640000235289
535,scene0742_00,grid_round_robin,108,20,0.18518518518518517,0.09259259259259259,0.2037037037037037,6.879276171368441,60.42950033055959,60.42950033055959,0.2243000199086964,15.92440000968054
535,scene0742_00,anms_4d,108,19,0.17592592592592593,0.09259259259259259,0.2222222222222222,38.36138095444198,26.765760723507086,38.36138095444198,1.4120999840088189,15.952799993101507
536,scene0742_00,grid_round_robin,176,82,0.4659090909090909,0.38636363636363635,0.8181818181818182,1.1161377149807812,9.275405739274618,9.275405739274618,0.23989996407181025,23.07590004056692
536,scene0742_00,anms_4d,176,84,0.4772727272727273,0.36363636363636365,0.8068181818181818,2.6707036113726916,13.212546028713815,13.212546028713815,2.224199997726828,26.467599964234978
537,scene0742_00,grid_round_robin,177,72,0.4067796610169492,0.12429378531073447,0.4067796610169492,2.711838139873061,5.4201599418404305,5.4201599418404305,0.2449000021442771,21.562299982178956
537,scene0742_00,anms_4d,177,71,0.4011299435028249,0.11299435028248588,0.4011299435028249,2.9107315579291058,5.415073781760619,5.415073781760619,2.1893999655731022,22.838500037323684
538,scene0742_00,grid_round_robin,177,57,0.3220338983050847,0.1694915254237288,0.5480225988700564,3.7331770911558873,7.385075043993693,7.385075043993693,0.317899975925684,21.09090000158176
538,scene0742_00,anms_4d,177,54,0.3050847457627119,0.1638418079096045,0.5254237288135594,1.5436535890003011,0.5756873648625669,1.5436535890003011,2.4655000306665897,20.729599986225367
539,scene0742_00,grid_round_robin,133,55,0.41353383458646614,0.22556390977443608,0.48120300751879697,8.412000862285344,40.8291466867462,40.8291466867462,0.21670002024620771,20.11849998962134
539,scene0742_00,anms_4d,133,49,0.3684210526315789,0.21804511278195488,0.46616541353383456,4.097524386219074,27.58567348478158,27.58567348478158,1.5388000174425542,20.404300012160093
540,scene0743_00,grid_round_robin,2,0,0.0,0.0,0.0,inf,inf,inf,0.1648000325076282,0.03959995228797197
540,scene0743_00,anms_4d,2,0,0.0,0.0,0.0,inf,inf,inf,0.08600001456215978,0.007700000423938036
541,scene0743_00,grid_round_robin,271,123,0.45387453874538747,0.15129151291512916,0.5793357933579336,1.0447414118370772,5.59627832875416,5.59627832875416,0.28440001187846065,26.248499983921647
541,scene0743_00,anms_4d,271,121,0.44649446494464945,0.15129151291512916,0.5571955719557196,1.0244824841273596,5.507711968139555,5.507711968139555,3.801700018811971,26.761299988720566
542,scene0743_00,grid_round_robin,1,0,0.0,0.0,0.0,inf,inf,inf,0.13500003842636943,0.01409999094903469
542,scene0743_00,anms_4d,1,0,0.0,0.0,0.0,inf,inf,inf,0.14239997835829854,0.006599992047995329
543,scene0743_00,grid_round_robin,171,61,0.3567251461988304,0.05847953216374269,0.1871345029239766,1.020572846460163,1.022929498314192,1.022929498314192,0.23579999106004834,20.59440000448376
543,scene0743_00,anms_4d,171,58,0.3391812865497076,0.06432748538011696,0.1695906432748538,1.3246546445089622,1.5753666235937198,1.5753666235937198,2.1250999998301268,20.58529999339953
544,scene0743_00,grid_round_robin,264,78,0.29545454545454547,0.04924242424242424,0.14772727272727273,2.7990162805665633,1.350254519657185,2.7990162805665633,0.32809999538585544,22.831999987829477
544,scene0743_00,anms_4d,264,72,0.2727272727272727,0.06060606060606061,0.16287878787878787,2.9406146812302323,1.54050869734649,2.9406146812302323,3.521600039675832,21.5807999484241
545,scene0743_00,grid_round_robin,109,33,0.30275229357798167,0.10091743119266056,0.3119266055045872,2.2318405865818733,2.593413746162726,2.593413746162726,0.20210002548992634,16.66219998151064
545,scene0743_00,anms_4d,109,34,0.3119266055045872,0.10091743119266056,0.29357798165137616,1.9126290840069673,2.455824429296514,2.455824429296514,1.3000000035390258,16.776899981778115
546,scene0743_00,grid_round_robin,462,214,0.46320346320346323,0.20562770562770563,0.7034632034632035,0.2193818481772621,1.355362103345041,1.355362103345041,0.387699983548373,46.36129998834804
546,scene0743_00,anms_4d,462,208,0.45021645021645024,0.20995670995670995,0.6991341991341992,0.47793552869421624,3.191134401671289,3.191134401671289,7.349699968472123,50.03829998895526
547,scene0743_00,grid_round_robin,576,254,0.4409722222222222,0.3211805555555556,0.7881944444444444,0.6514863333359567,2.734021845511259,2.734021845511259,0.5189999938011169,47.95350000495091
547,scene0743_00,anms_4d,576,249,0.4322916666666667,0.3263888888888889,0.7899305555555556,0.7419351916865722,3.034243900432269,3.034243900432269,9.487100003752857,48.89270005514845
548,scene0743_00,grid_round_robin,236,72,0.3050847457627119,0.1059322033898305,0.3940677966101695,0.5850084591476271,1.614094306790298,1.614094306790298,0.2595000551082194,27.510999992955476
548,scene0743_00,anms_4d,236,75,0.3177966101694915,0.09745762711864407,0.3813559322033898,0.5074054518913502,1.6562645057095389,1.6562645057095389,3.1538999755866826,24.94600001955405
549,scene0743_00,grid_round_robin,306,93,0.30392156862745096,0.07516339869281045,0.26143790849673204,1.2835085349745008,1.3649413992271586,1.3649413992271586,0.38129999302327633,29.650500044226646
549,scene0743_00,anms_4d,306,83,0.27124183006535946,0.07516339869281045,0.2549019607843137,1.2491485984170903,1.0797294100025843,1.2491485984170903,4.642099956981838,29.34010000899434
550,scene0743_00,grid_round_robin,428,165,0.3855140186915888,0.1822429906542056,0.5350467289719626,1.2958780085068062,3.5827786755582096,3.5827786755582096,0.40199997602030635,38.05620002094656
550,scene0743_00,anms_4d,428,163,0.3808411214953271,0.1822429906542056,0.530373831775701,0.5494758543082348,1.2582339673258882,1.2582339673258882,11.77139999344945,44.21010002261028
551,scene0743_00,grid_round_robin,428,223,0.5210280373831776,0.17757009345794392,0.6214953271028038,0.858116194796825,3.8258467859481384,3.8258467859481384,0.45279995538294315,40.21220002323389
551,scene0743_00,anms_4d,428,215,0.5023364485981309,0.1822429906542056,0.616822429906542,0.9458297780915819,4.909952272147673,4.909952272147673,6.445700011681765,45.9876999957487
552,scene0743_00,grid_round_robin,339,128,0.3775811209439528,0.2861356932153392,0.7079646017699115,3.290657954799782,16.38605334545816,16.38605334545816,0.34870003582909703,46.961799962446094
552,scene0743_00,anms_4d,339,128,0.3775811209439528,0.2861356932153392,0.7020648967551623,3.1445609587263124,15.796717242865514,15.796717242865514,18.26690003508702,48.49160002777353
553,scene0743_00,grid_round_robin,204,71,0.3480392156862745,0.024509803921568627,0.09313725490196079,2.3223877019654537,37.451392680827865,37.451392680827865,0.2767000114545226,21.62390004377812
553,scene0743_00,anms_4d,204,65,0.31862745098039214,0.024509803921568627,0.08823529411764706,2.638504051801917,39.6302130037363,39.6302130037363,2.6302000042051077,22.546600026544183
554,scene0743_00,grid_round_robin,336,183,0.5446428571428571,0.37202380952380953,0.8690476190476191,1.7476314597471245,9.25606526048473,9.25606526048473,0.3525000065565109,31.76709997933358
554,scene0743_00,anms_4d,336,188,0.5595238095238095,0.3541666666666667,0.8660714285714286,1.3986292848453017,8.035524500693944,8.035524500693944,5.211899988353252,23.46419997047633
555,scene0744_00,grid_round_robin,52,13,0.25,0.019230769230769232,0.019230769230769232,87.46368324767182,9.620377082251784,87.46368324767182,0.16840000171214342,13.397599977906793
555,scene0744_00,anms_4d,52,12,0.23076923076923078,0.019230769230769232,0.019230769230769232,50.811550539705166,8.114960699755203,50.811550539705166,0.6437000120058656,14.092000026721507
556,scene0744_00,grid_round_robin,20,9,0.45,0.1,0.1,64.70570308265813,15.378508450241988,64.70570308265813,0.15239999629557133,15.065399988088757
556,scene0744_00,anms_4d,20,9,0.45,0.1,0.1,68.89372223823202,14.8397680364251,68.89372223823202,0.30499999411404133,14.130199968349189
557,scene0744_00,grid_round_robin,52,16,0.3076923076923077,0.0,0.0,25.247420219983564,13.687007880442104,25.247420219983564,0.17660000594332814,16.524599981494248
557,scene0744_00,anms_4d,52,16,0.3076923076923077,0.0,0.0,73.5406560084255,77.41039595928748,77.41039595928748,0.6374000222422183,15.523000038228929
558,scene0744_00,grid_round_robin,5,5,1.0,0.0,0.0,130.70506325791152,79.67284050522902,130.70506325791152,0.14640000881627202,0.46800001291558146
558,scene0744_00,anms_4d,5,5,1.0,0.0,0.0,130.70506325791152,79.67284050522902,130.70506325791152,0.18749997252598405,0.4496999899856746
559,scene0744_00,grid_round_robin,7,6,0.8571428571428571,0.0,0.0,66.12649045958017,57.57042338857025,66.12649045958017,0.12849998893216252,1.0355000267736614
559,scene0744_00,anms_4d,7,6,0.8571428571428571,0.0,0.0,66.12649045957954,57.57042338857025,66.12649045957954,0.13040000339969993,1.001399999950081
560,scene0744_00,grid_round_robin,213,75,0.352112676056338,0.046948356807511735,0.09389671361502347,2.010595447722407,2.0965942276025733,2.0965942276025733,0.6155000301077962,20.632500003557652
560,scene0744_00,anms_4d,213,82,0.38497652582159625,0.04225352112676056,0.08450704225352113,2.107225816051317,1.7210566626728838,2.107225816051317,3.4055000287480652,22.35899999504909
561,scene0744_00,grid_round_robin,183,65,0.3551912568306011,0.0273224043715847,0.09289617486338798,2.008862503199207,1.750071624351976,2.008862503199207,0.31729997135698795,19.797899993136525
561,scene0744_00,anms_4d,183,64,0.34972677595628415,0.0273224043715847,0.09289617486338798,1.807990295535476,3.0831590082887166,3.0831590082887166,2.505499986000359,24.065100005827844
562,scene0744_00,grid_round_robin,28,11,0.39285714285714285,0.0,0.0,129.92224371617672,71.8865457108177,129.92224371617672,0.16340002184733748,14.524600002914667
562,scene0744_00,anms_4d,28,12,0.42857142857142855,0.0,0.0,138.7312151008975,49.16042594183614,138.7312151008975,2.109199995175004,16.899700043722987
563,scene0744_00,grid_round_robin,388,175,0.45103092783505155,0.07216494845360824,0.2422680412371134,1.4889450895936482,24.98179278847399,24.98179278847399,0.36529998760670424,36.61359997931868
563,scene0744_00,anms_4d,388,176,0.4536082474226804,0.07216494845360824,0.25,1.3780966463245423,23.22871950343871,23.22871950343871,5.494999990332872,34.04840000439435
564,scene0744_00,grid_round_robin,4,0,0.0,0.0,0.0,inf,inf,inf,0.16679998952895403,0.015900004655122757
564,scene0744_00,anms_4d,4,0,0.0,0.0,0.0,inf,inf,inf,0.11020002420991659,0.007299997378140688
565,scene0744_00,grid_round_robin,9,6,0.6666666666666666,0.1111111111111111,0.2222222222222222,77.14941377290968,62.401838743452444,77.14941377290968,0.13479997869580984,3.3464000443927944
565,scene0744_00,anms_4d,9,6,0.6666666666666666,0.1111111111111111,0.2222222222222222,77.14941377288552,62.40183874346306,77.14941377288552,0.16390002565458417,3.1410999945364892
566,scene0744_00,grid_round_robin,43,15,0.3488372093023256,0.16279069767441862,0.37209302325581395,124.72873507675263,18.45620448976854,124.72873507675263,0.1640000264160335,14.286199992056936
566,scene0744_00,anms_4d,43,13,0.3023255813953488,0.16279069767441862,0.37209302325581395,29.927237843027427,88.56674727927799,88.56674727927799,0.784900039434433,14.156099990941584
567,scene0744_00,grid_round_robin,17,9,0.5294117647058824,0.0,0.0,83.5769364918226,30.13711809932039,83.5769364918226,0.1430999836884439,11.87809999100864
567,scene0744_00,anms_4d,17,9,0.5294117647058824,0.0,0.0,83.57693644610244,30.137118065660673,83.57693644610244,0.26510003954172134,11.433000036049634
568,scene0744_00,grid_round_robin,567,350,0.6172839506172839,0.4991181657848324,0.9312169312169312,0.8678049062098787,10.64848191029616,10.64848191029616,0.867100025061518,29.144100029952824
568,scene0744_00,anms_4d,567,345,0.6084656084656085,0.49029982363315694,0.9241622574955908,0.8103360462205601,10.225248459849603,10.225248459849603,9.087499987799674,30.800000007729977
569,scene0744_00,grid_round_robin,365,245,0.6712328767123288,0.5945205479452055,0.9315068493150684,2.1334869538084824,19.15714929836866,19.15714929836866,0.3752999473363161,27.626900002360344
569,scene0744_00,anms_4d,365,242,0.663013698630137,0.5753424657534246,0.9287671232876712,2.673912728930778,24.73728873893342,24.73728873893342,5.443899950478226,17.10520003689453
570,scene0745_00,grid_round_robin,311,175,0.5627009646302251,0.14469453376205788,0.3504823151125402,1.0381446558114829,1.9353734629118207,1.9353734629118207,0.3026999766007066,20.907500002067536
570,scene0745_00,anms_4d,311,174,0.5594855305466238,0.14469453376205788,0.34726688102893893,1.1187249303615836,2.1173822973277536,2.1173822973277536,4.253300023265183,19.446699996478856
571,scene0745_00,grid_round_robin,442,333,0.753393665158371,0.5339366515837104,0.9343891402714932,2.100786907292081,8.686833747544847,8.686833747544847,1.5338999801315367,21.949299960397184
571,scene0745_00,anms_4d,442,321,0.7262443438914027,0.5180995475113123,0.9253393665158371,1.8376140701320909,7.984004319437838,7.984004319437838,6.630100018810481,18.529299995861948
572,scene0745_00,grid_round_robin,298,187,0.62751677852349,0.12751677852348994,0.3221476510067114,0.8651799990462549,1.4487596071362965,1.4487596071362965,0.3106999793089926,13.290300033986568
572,scene0745_00,anms_4d,298,175,0.587248322147651,0.1174496644295302,0.3087248322147651,1.0232590523837504,1.4953070314928476,1.4953070314928476,5.045300000347197,18.541599973104894
573,scene0745_00,grid_round_robin,462,313,0.6774891774891775,0.5303030303030303,0.9285714285714286,0.84489420205521,4.576845697738839,4.576845697738839,0.4237999673932791,12.711599993053824
573,scene0745_00,anms_4d,462,307,0.6645021645021645,0.5281385281385281,0.9264069264069265,0.8116878547397092,5.050853615371471,5.050853615371471,6.8524000234901905,18.42679997207597
574,scene0745_00,grid_round_robin,478,237,0.49581589958158995,0.07112970711297072,0.3493723849372385,1.7260588907667898,2.988073830038344,2.988073830038344,0.4403999773785472,41.44180001458153
574,scene0745_00,anms_4d,478,231,0.48326359832635984,0.07322175732217573,0.3598326359832636,1.7378861132932917,2.9946202387397682,2.9946202387397682,7.3584000347182155,41.639600007329136
575,scene0745_00,grid_round_robin,110,38,0.34545454545454546,0.0,0.0,3.8885791771737006,2.9029684683157515,3.8885791771737006,0.1990000018849969,17.812700010836124
575,scene0745_00,anms_4d,110,39,0.35454545454545455,0.0,0.0,6.567331081092128,4.450831137430973,6.567331081092128,1.3195000356063247,18.404300033580512
576,scene0745_00,grid_round_robin,260,134,0.5153846153846153,0.09615384615384616,0.3269230769230769,2.0052993727890405,27.817303615779288,27.817303615779288,0.3244000254198909,25.627899973187596
576,scene0745_00,anms_4d,260,133,0.5115384615384615,0.08461538461538462,0.3192307692307692,1.9511649677267586,27.85115014562169,27.85115014562169,3.3022999996319413,26.42910002032295
577,scene0745_00,grid_round_robin,395,193,0.48860759493670886,0.13670886075949368,0.4708860759493671,1.1977192321672903,4.869762003231727,4.869762003231727,0.4163000266999006,38.11829996993765
577,scene0745_00,anms_4d,395,191,0.4835443037974684,0.13670886075949368,0.47848101265822784,1.1965459457937997,4.854705831981714,4.854705831981714,5.703200004063547,41.20460001286119
578,scene0745_00,grid_round_robin,88,37,0.42045454545454547,0.09090909090909091,0.3977272727272727,17.37142563509684,53.53293802134025,53.53293802134025,0.21030002972111106,24.277899996377528
578,scene0745_00,anms_4d,88,36,0.4090909090909091,0.09090909090909091,0.3977272727272727,17.342071886591224,51.111877068969974,51.111877068969974,3.604200028348714,22.841400001198053
579,scene0745_00,grid_round_robin,159,59,0.3710691823899371,0.06289308176100629,0.3018867924528302,11.334797571156644,8.526890886025926,11.334797571156644,0.229199999012053,19.7319999570027
579,scene0745_00,anms_4d,159,61,0.3836477987421384,0.08176100628930817,0.31446540880503143,10.50468577739771,8.20458062588148,10.50468577739771,2.0915999775752425,19.72610002849251
580,scene0745_00,grid_round_robin,549,267,0.48633879781420764,0.2204007285974499,0.663023679417122,1.091782497059969,2.6667717515722287,2.6667717515722287,0.5035999929532409,49.33409998193383
580,scene0745_00,anms_4d,549,257,0.4681238615664845,0.20947176684881602,0.6575591985428051,0.9755960921169385,2.1551057143880734,2.1551057143880734,8.616199949756265,36.537000036332756
581,scene0745_00,grid_round_robin,619,379,0.6122778675282714,0.3166397415185784,0.8610662358642972,0.9584993794507541,0.4646464232546929,0.9584993794507541,0.5132000078447163,21.93370001623407
581,scene0745_00,anms_4d,619,358,0.5783521809369951,0.3069466882067851,0.8529886914378029,1.338109381310085,0.19643513931300124,1.338109381310085,10.665400011930615,33.166299981530756
582,scene0745_00,grid_round_robin,783,481,0.6143039591315453,0.5134099616858238,0.9272030651340997,0.47390419285808627,1.381837939387788,1.381837939387788,0.5662000039592385,36.73059999709949
582,scene0745_00,anms_4d,783,467,0.5964240102171137,0.5057471264367817,0.9220945083014048,0.4666199936671554,1.4024337424372448,1.4024337424372448,14.767799992114305,32.712999964132905
583,scene0745_00,grid_round_robin,405,235,0.5802469135802469,0.09382716049382717,0.5950617283950618,0.8306186305611247,2.5405074761894713,2.5405074761894713,0.36639999598264694,23.382300045341253
583,scene0745_00,anms_4d,405,232,0.5728395061728395,0.08148148148148149,0.582716049382716,0.7425225453403889,2.5785260652434183,2.5785260652434183,5.824599997140467,22.319399984553456
584,scene0745_00,grid_round_robin,175,93,0.5314285714285715,0.18285714285714286,0.4342857142857143,1.4614967320927954,3.3782745500871667,3.3782745500871667,0.2416000352241099,18.684000009670854
584,scene0745_00,anms_4d,175,90,0.5142857142857142,0.18857142857142858,0.42857142857142855,1.493591597323606,3.396572069139525,3.396572069139525,2.265900024212897,19.4846999947913
585,scene0746_00,grid_round_robin,255,90,0.35294117647058826,0.10196078431372549,0.36470588235294116,1.0620832084755694,0.5844578471297706,1.0620832084755694,0.3082000184804201,25.938899954780936
585,scene0746_00,anms_4d,255,87,0.3411764705882353,0.10196078431372549,0.37254901960784315,0.6888608185872288,0.41917663581165704,0.6888608185872288,3.478200000245124,25.47439996851608
586,scene0746_00,grid_round_robin,199,85,0.4271356783919598,0.08542713567839195,0.2864321608040201,1.365773538183108,2.4570560493236018,2.4570560493236018,0.24699995992705226,24.62730003753677
586,scene0746_00,anms_4d,199,82,0.4120603015075377,0.08040201005025126,0.32160804020100503,2.40524515932443,5.859289157075983,5.859289157075983,2.718400035519153,22.78679999290034
587,scene0746_00,grid_round_robin,228,81,0.35526315789473684,0.2982456140350877,0.7017543859649122,1.4788066942046476,2.3452839834038786,2.3452839834038786,0.26780000189319253,21.775999979581684
587,scene0746_00,anms_4d,228,86,0.37719298245614036,0.2982456140350877,0.6973684210526315,1.812581633967834,3.3875267568636964,3.3875267568636964,2.81360000371933,22.394100029487163
588,scene0746_00,grid_round_robin,110,36,0.32727272727272727,0.02727272727272727,0.20909090909090908,15.77147646145227,19.227414458241707,19.227414458241707,0.21609995746985078,17.70840003155172
588,scene0746_00,anms_4d,110,37,0.33636363636363636,0.02727272727272727,0.20909090909090908,9.96872996883423,13.176426687558134,13.176426687558134,1.3303000014275312,17.79579999856651
589,scene0746_00,grid_round_robin,59,15,0.2542372881355932,0.03389830508474576,0.1016949152542373,33.67675463589975,18.102096920909002,33.67675463589975,0.20160002168267965,15.623800049070269
589,scene0746_00,anms_4d,59,14,0.23728813559322035,0.05084745762711865,0.11864406779661017,24.68861510600691,22.01041259932798,24.68861510600691,0.9950000094249845,17.001100000925362
590,scene0746_00,grid_round_robin,59,15,0.2542372881355932,0.0,0.0,54.806882001613715,42.30030805500403,54.806882001613715,0.175100052729249,13.612900045700371
590,scene0746_00,anms_4d,59,14,0.23728813559322035,0.0,0.0,119.55147596673315,67.61644176481717,119.55147596673315,0.6915999692864716,13.566799985710531
591,scene0746_00,grid_round_robin,351,113,0.32193732193732194,0.15384615384615385,0.38461538461538464,1.83849038836364,1.5139357069375352,1.83849038836364,0.34740002593025565,30.803199973888695
591,scene0746_00,anms_4d,351,125,0.3561253561253561,0.1452991452991453,0.3817663817663818,1.5921088415313536,0.798753546452504,1.5921088415313536,4.835900035686791,33.01650000503287
592,scene0746_00,grid_round_robin,77,28,0.36363636363636365,0.15584415584415584,0.5584415584415584,9.12948729115383,13.1616930293167,13.1616930293167,0.20910002058371902,15.45459998305887
592,scene0746_00,anms_4d,77,27,0.35064935064935066,0.15584415584415584,0.5194805194805194,15.35654194637968,16.89689876665214,16.89689876665214,0.9283000254072249,15.209499979391694
593,scene0746_00,grid_round_robin,63,23,0.36507936507936506,0.0,0.015873015873015872,16.98768747539183,16.517601335877266,16.98768747539183,0.19510003039613366,16.068299999460578
593,scene0746_00,anms_4d,63,21,0.3333333333333333,0.0,0.015873015873015872,13.099364692670846,21.072891974428206,21.072891974428206,0.7597999647259712,16.180999984499067
594,scene0746_00,grid_round_robin,95,31,0.3263157894736842,0.031578947368421054,0.07368421052631578,9.738131900732853,11.322760304295118,11.322760304295118,0.22139999782666564,15.491799975279719
594,scene0746_00,anms_4d,95,28,0.29473684210526313,0.031578947368421054,0.07368421052631578,24.452154426983054,29.17763792206695,29.17763792206695,1.2369999894872308,15.943999984301627
595,scene0746_00,grid_round_robin,3,0,0.0,0.0,0.0,inf,inf,inf,0.13109995052218437,0.013800046872347593
595,scene0746_00,anms_4d,3,0,0.0,0.0,0.0,inf,inf,inf,0.12379995314404368,0.007299997378140688
596,scene0746_00,grid_round_robin,160,49,0.30625,0.175,0.48125,4.377527946013441,3.4555470561933945,4.377527946013441,0.25049998657777905,19.714800000656396
596,scene0746_00,anms_4d,160,47,0.29375,0.175,0.475,3.668083465445165,6.143644068436437,6.143644068436437,1.9534000311978161,19.05469998018816
597,scene0746_00,grid_round_robin,83,20,0.24096385542168675,0.0963855421686747,0.1686746987951807,8.118135237477432,6.401694267372443,8.118135237477432,0.22620003437623382,17.099700053222477
597,scene0746_00,anms_4d,83,22,0.26506024096385544,0.0963855421686747,0.1686746987951807,22.305909849166223,17.806005821088583,22.305909849166223,0.9800999541766942,15.280699997674674
598,scene0746_00,grid_round_robin,366,146,0.3989071038251366,0.14754098360655737,0.46174863387978143,1.0502345878775143,2.9791739606512757,2.9791739606512757,0.3606000100262463,31.38640004908666
598,scene0746_00,anms_4d,366,140,0.3825136612021858,0.16666666666666666,0.4781420765027322,1.895743139021058,3.3408873139751543,3.3408873139751543,5.424799979664385,28.985700046177953
599,scene0746_00,grid_round_robin,17,11,0.6470588235294118,0.0,0.0,7.907737927297227,81.56017512300726,81.56017512300726,0.15119998715817928,4.8670999822206795
599,scene0746_00,anms_4d,17,12,0.7058823529411765,0.0,0.0,7.910209916823923,81.58191783857656,81.58191783857656,0.2392000169493258,2.8292000060901046
600,scene0747_00,grid_round_robin,7,6,0.8571428571428571,0.0,0.14285714285714285,170.9337816137491,88.03594466984762,170.9337816137491,0.1330000231973827,1.234699971973896
600,scene0747_00,anms_4d,7,6,0.8571428571428571,0.0,0.14285714285714285,170.9337816137491,88.03594466984758,170.9337816137491,0.14299998292699456,1.0572000173851848
601,scene0747_00,grid_round_robin,124,42,0.3387096774193548,0.008064516129032258,0.03225806451612903,7.334044796392933,4.481280447109702,7.334044796392933,0.20060001406818628,17.2947000246495
601,scene0747_00,anms_4d,124,39,0.31451612903225806,0.008064516129032258,0.03225806451612903,7.223095390553273,2.8110150466418364,7.223095390553273,1.7328000394627452,23.469600011594594
602,scene0747_00,grid_round_robin,4,0,0.0,0.0,0.0,inf,inf,inf,0.13609998859465122,0.014499993994832039
602,scene0747_00,anms_4d,4,0,0.0,0.0,0.0,inf,inf,inf,0.10730000212788582,0.007800001185387373
603,scene0747_00,grid_round_robin,211,74,0.35071090047393366,0.16113744075829384,0.4312796208530806,1.5151586947388138,5.99159618038537,5.99159618038537,0.2457000082358718,22.565699997358024
603,scene0747_00,anms_4d,211,74,0.35071090047393366,0.16113744075829384,0.43601895734597157,1.704898168326003,6.633140512500007,6.633140512500007,2.71279999287799,20.541299949400127
604,scene0747_00,grid_round_robin,120,32,0.26666666666666666,0.08333333333333333,0.24166666666666667,54.62528501984954,63.35510265222442,63.35510265222442,0.2280999906361103,17.621100007090718
604,scene0747_00,anms_4d,120,26,0.21666666666666667,0.06666666666666667,0.225,52.06770687555644,66.08998783107394,66.08998783107394,1.5273999888449907,17.794599989429116
605,scene0747_00,grid_round_robin,166,61,0.3674698795180723,0.006024096385542169,0.1144578313253012,9.31945895128517,9.952615355715231,9.952615355715231,0.2652999828569591,19.888699986040592
605,scene0747_00,anms_4d,166,58,0.3493975903614458,0.012048192771084338,0.1144578313253012,4.99456505951658,5.6248850785998,5.6248850785998,2.0686000352725387,19.534499966539443
606,scene0747_00,grid_round_robin,345,142,0.4115942028985507,0.19130434782608696,0.5478260869565217,1.741590654408291,2.090042270652933,2.090042270652933,0.3497999859973788,27.040100016165525
606,scene0747_00,anms_4d,345,136,0.39420289855072466,0.1855072463768116,0.553623188405797,1.724187895181031,2.059453274917407,2.059453274917407,8.880099980160594,27.66010002233088
607,scene0747_00,grid_round_robin,2,0,0.0,0.0,0.0,inf,inf,inf,0.13970001600682735,0.014699995517730713
607,scene0747_00,anms_4d,2,0,0.0,0.0,0.0,inf,inf,inf,0.09129999671131372,0.007299997378140688
608,scene0747_00,grid_round_robin,449,194,0.43207126948775054,0.2071269487750557,0.6146993318485523,1.0109060879301202,4.974212836727624,4.974212836727624,0.4008000250905752,38.190399995073676
608,scene0747_00,anms_4d,449,187,0.41648106904231624,0.19599109131403117,0.6146993318485523,0.9733997826488656,1.0467600609313759,1.0467600609313759,6.769499974325299,37.86659997422248
609,scene0747_00,grid_round_robin,256,67,0.26171875,0.203125,0.47265625,10.875537763884134,5.254627856591508,10.875537763884134,0.33599999733269215,25.0372999580577
609,scene0747_00,anms_4d,256,69,0.26953125,0.203125,0.4609375,5.142316490434216,1.5292587262158426,5.142316490434216,3.4765999880619347,21.9292999827303
610,scene0747_00,grid_round_robin,20,7,0.35,0.05,0.1,37.263978732824235,33.72105691147726,37.263978732824235,0.14760001795366406,13.693800021428615
610,scene0747_00,anms_4d,20,7,0.35,0.05,0.1,151.3657707913145,77.47716449371971,151.3657707913145,0.2645000349730253,13.269599992781878
611,scene0747_00,grid_round_robin,16,7,0.4375,0.0,0.0,126.38962812810229,44.39439115363934,126.38962812810229,0.15580002218484879,13.050999958068132
611,scene0747_00,anms_4d,16,7,0.4375,0.0,0.0,126.38962812811776,44.39439115365178,126.38962812811776,0.2308000111952424,13.155399996321648
612,scene0747_00,grid_round_robin,648,215,0.3317901234567901,0.26080246913580246,0.6959876543209876,0.6138449851146807,20.2250700431067,20.2250700431067,0.5176999839022756,44.244199991226196
612,scene0747_00,anms_4d,648,200,0.30864197530864196,0.2623456790123457,0.6867283950617284,3.540783700826352,32.40729372271639,32.40729372271639,11.228299990762025,41.57209995901212
613,scene0747_00,grid_round_robin,14,8,0.5714285714285714,0.0,0.07142857142857142,88.94513617538335,53.372051067693185,88.94513617538335,0.1531000016257167,7.71019997773692
613,scene0747_00,anms_4d,14,8,0.5714285714285714,0.0,0.07142857142857142,88.94513617538341,53.37205106769319,88.94513617538341,0.21659996127709746,7.953900028951466
614,scene0747_00,grid_round_robin,392,113,0.288265306122449,0.1377551020408163,0.40816326530612246,6.012484013893368,43.045294424335665,43.045294424335665,0.42940001003444195,30.019400001037866
614,scene0747_00,anms_4d,392,116,0.29591836734693877,0.13010204081632654,0.3979591836734694,13.87784366790156,27.11869918177436,27.11869918177436,5.861099984031171,29.5491999713704
615,scene0748_00,grid_round_robin,13,7,0.5384615384615384,0.0,0.0,50.6990042619665,82.08864211173221,82.08864211173221,0.15119998715817928,9.627300023566931
615,scene0748_00,anms_4d,13,7,0.5384615384615384,0.0,0.0,48.04322805376688,80.67870559144225,80.67870559144225,0.20589999621734023,9.853299998212606
616,scene0748_00,grid_round_robin,102,32,0.3137254901960784,0.19607843137254902,0.5196078431372549,17.52310321366067,9.314472349406866,17.52310321366067,0.19240000983700156,16.23109995853156
616,scene0748_00,anms_4d,102,27,0.2647058823529412,0.19607843137254902,0.5294117647058824,58.214023345158346,39.986551251846166,58.214023345158346,1.1984999873675406,16.469899972435087
617,scene0748_00,grid_round_robin,190,44,0.23157894736842105,0.07368421052631578,0.2894736842105263,3.48749458316179,7.457362961466814,7.457362961466814,0.25079998886212707,18.01030000206083
617,scene0748_00,anms_4d,190,45,0.23684210526315788,0.08421052631578947,0.30526315789473685,6.059432337618587,10.817566729149588,10.817566729149588,2.4062999873422086,18.434399971738458
618,scene0748_00,grid_round_robin,13,6,0.46153846153846156,0.0,0.15384615384615385,46.17249824732162,46.248424310058695,46.248424310058695,0.14439999358728528,12.960300024133176
618,scene0748_00,anms_4d,13,6,0.46153846153846156,0.0,0.15384615384615385,46.17249824732162,46.248424310058695,46.248424310058695,0.2269999822601676,13.043700018897653
619,scene0748_00,grid_round_robin,171,55,0.3216374269005848,0.23391812865497075,0.5497076023391813,3.1393124339344105,5.163847789971907,5.163847789971907,0.31380000291392207,20.53079998586327
619,scene0748_00,anms_4d,171,54,0.3157894736842105,0.22807017543859648,0.52046783625731,3.649229079638541,5.536345967375938,5.536345967375938,2.1254000021144748,19.445199985057116
620,scene0748_00,grid_round_robin,17,8,0.47058823529411764,0.0,0.0,66.22734653980869,13.6541705266621,66.22734653980869,0.14560000272467732,13.620799989439547
620,scene0748_00,anms_4d,17,7,0.4117647058823529,0.0,0.0,23.745560182234772,6.409562733687131,23.745560182234772,0.27759996009990573,13.519500032998621
621,scene0748_00,grid_round_robin,252,85,0.3373015873015873,0.23015873015873015,0.5079365079365079,0.7774414532992977,30.33409644330869,30.33409644330869,0.2919000107795,29.610399971716106
621,scene0748_00,anms_4d,252,85,0.3373015873015873,0.23412698412698413,0.503968253968254,0.8341242273520684,5.943893695749767,5.943893695749767,3.3047000179067254,27.03510003630072
622,scene0748_00,grid_round_robin,9,7,0.7777777777777778,0.0,0.0,165.92238337915865,68.17613801043962,165.92238337915865,0.1430999836884439,1.71409995527938
622,scene0748_00,anms_4d,9,7,0.7777777777777778,0.0,0.0,125.5257190646938,78.77571246274815,125.5257190646938,0.16599998343735933,1.596699992660433
623,scene0748_00,grid_round_robin,340,131,0.38529411764705884,0.10882352941176471,0.38235294117647056,1.865053308707019,8.789822762262999,8.789822762262999,0.3664999967440963,28.84370001265779
623,scene0748_00,anms_4d,340,130,0.38235294117647056,0.10588235294117647,0.37941176470588234,0.9093029407587383,7.824032599806743,7.824032599806743,4.974200041033328,30.76390002388507
624,scene0748_00,grid_round_robin,218,79,0.3623853211009174,0.11926605504587157,0.3577981651376147,3.623159562013113,6.036065326687017,6.036065326687017,0.27930003125220537,23.464700032491237
624,scene0748_00,anms_4d,218,76,0.3486238532110092,0.11467889908256881,0.3623853211009174,2.478118263609232,3.9532091178649416,3.9532091178649416,2.788000041618943,21.97250002063811
625,scene0748_00,grid_round_robin,20,8,0.4,0.0,0.05,179.3217330353708,70.41461282036043,179.3217330353708,0.14899997040629387,14.6011000033468
625,scene0748_00,anms_4d,20,8,0.4,0.0,0.05,179.32173303536652,70.41461282036049,179.32173303536652,0.30479999259114265,13.879899983294308
626,scene0748_00,grid_round_robin,266,84,0.3157894736842105,0.24060150375939848,0.6165413533834586,3.190321606705739,6.7012569191808105,6.7012569191808105,0.28790003852918744,24.197099963203073
626,scene0748_00,anms_4d,266,79,0.29699248120300753,0.23684210526315788,0.6015037593984962,3.1093279983416573,6.4696907436607445,6.4696907436607445,3.6398000083863735,24.097900022752583
627,scene0748_00,grid_round_robin,18,8,0.4444444444444444,0.0,0.0,140.91955725702545,23.92795211670429,140.91955725702545,0.20929996389895678,13.490899989847094
627,scene0748_00,anms_4d,18,8,0.4444444444444444,0.0,0.0,140.9195572570259,23.927952116703352,140.9195572570259,0.285700021777302,13.148800004273653
628,scene0748_00,grid_round_robin,267,106,0.3970037453183521,0.2247191011235955,0.5917602996254682,4.283009162868933,5.350976702190601,5.350976702190601,0.3244999679736793,24.701900023501366
628,scene0748_00,anms_4d,267,106,0.3970037453183521,0.2247191011235955,0.5955056179775281,4.133760939466901,5.27794367863555,5.27794367863555,3.541200014296919,22.256400028709322
629,scene0748_00,grid_round_robin,211,52,0.24644549763033174,0.12796208530805686,0.4075829383886256,1.0785910341431726,25.90172799508678,25.90172799508678,0.26030000299215317,22.693299979437143
629,scene0748_00,anms_4d,211,47,0.22274881516587677,0.12322274881516587,0.41232227488151657,10.024528015421478,55.340458054821966,55.340458054821966,2.876400016248226,22.32330001424998
630,scene0749_00,grid_round_robin,304,134,0.4407894736842105,0.2236842105263158,0.6381578947368421,6.7810449912432995,6.049734665584033,6.7810449912432995,0.31969998963177204,26.916600007098168
630,scene0749_00,anms_4d,304,120,0.39473684210526316,0.2236842105263158,0.6447368421052632,7.245511497713879,6.598171569859594,7.245511497713879,4.276700026821345,26.601199992001057
631,scene0749_00,grid_round_robin,367,195,0.5313351498637602,0.29155313351498635,0.7438692098092643,0.7042316307302512,3.469167922473622,3.469167922473622,0.3969999961555004,30.083100020419806
631,scene0749_00,anms_4d,367,194,0.5286103542234333,0.3024523160762943,0.7602179836512262,0.7835832474584256,3.6847121809259917,3.6847121809259917,5.264499981421977,32.63089997926727
632,scene0749_00,grid_round_robin,395,179,0.4531645569620253,0.3594936708860759,0.8481012658227848,0.12900070919648712,2.514123340621239,2.514123340621239,0.3664999967440963,51.9198999973014
632,scene0749_00,anms_4d,395,176,0.44556962025316454,0.3493670886075949,0.8430379746835444,0.33623689981803184,0.3986590117831101,0.3986590117831101,5.654699984006584,37.26230002939701
633,scene0749_00,grid_round_robin,127,47,0.3700787401574803,0.13385826771653545,0.41732283464566927,1.7996072442826632,1.7777720737643083,1.7996072442826632,0.208500016015023,20.741499960422516
633,scene0749_00,anms_4d,127,44,0.3464566929133858,0.13385826771653545,0.4251968503937008,2.1116829764766454,2.6205420805924775,2.6205420805924775,1.5253000310622156,17.461799958255142
634,scene0749_00,grid_round_robin,95,28,0.29473684210526313,0.031578947368421054,0.15789473684210525,9.127264994814203,9.656837422105998,9.656837422105998,0.1894999877549708,16.467200010083616
634,scene0749_00,anms_4d,95,30,0.3157894736842105,0.031578947368421054,0.16842105263157894,7.5839181585192526,8.211795611784494,8.211795611784494,1.270200009457767,16.174299991689622
635,scene0749_00,grid_round_robin,314,153,0.4872611464968153,0.28662420382165604,0.7866242038216561,0.545123066817189,1.3283314908268677,1.3283314908268677,0.3168000257574022,32.88259997498244
635,scene0749_00,anms_4d,314,147,0.4681528662420382,0.28662420382165604,0.7866242038216561,0.7367573424097101,1.5828096159724516,1.5828096159724516,4.430799977853894,27.314000006299466
636,scene0749_00,grid_round_robin,210,104,0.49523809523809526,0.28095238095238095,0.7523809523809524,0.8305645353502059,1.6523901902112053,1.6523901902112053,0.2714999718591571,23.306599992793053
636,scene0749_00,anms_4d,210,97,0.46190476190476193,0.28095238095238095,0.7476190476190476,1.0048556455678623,0.707707730575247,1.0048556455678623,2.931600029114634,23.25819997349754
637,scene0749_00,grid_round_robin,402,145,0.36069651741293535,0.07960199004975124,0.3582089552238806,1.3404726893711034,6.395480503157502,6.395480503157502,0.39840000681579113,31.50650003226474
637,scene0749_00,anms_4d,402,145,0.36069651741293535,0.08955223880597014,0.3582089552238806,1.3164996612483126,8.415502667384313,8.415502667384313,15.315000026021153,37.72439999738708
638,scene0749_00,grid_round_robin,20,10,0.5,0.0,0.0,130.64041544127122,32.04658463961164,130.64041544127122,0.15300000086426735,15.109300031326711
638,scene0749_00,anms_4d,20,10,0.5,0.0,0.0,132.3528597221266,37.32623584688358,132.3528597221266,0.27299998328089714,14.203300001099706
639,scene0749_00,grid_round_robin,322,135,0.4192546583850932,0.21739130434782608,0.6583850931677019,2.254881618680848,29.141099461199747,29.141099461199747,0.3371999482624233,32.72600000491366
639,scene0749_00,anms_4d,322,130,0.40372670807453415,0.21739130434782608,0.6583850931677019,2.5855583820317967,34.49471386791107,34.49471386791107,4.543900024145842,31.99809999205172
640,scene0749_00,grid_round_robin,104,31,0.2980769230769231,0.07692307692307693,0.21153846153846154,3.1304335624853112,17.909522563212363,17.909522563212363,0.2047000452876091,18.691000004764646
640,scene0749_00,anms_4d,104,30,0.28846153846153844,0.0673076923076923,0.20192307692307693,3.551988284410535,16.31111863073395,16.31111863073395,1.2667999835684896,19.442299962975085
641,scene0749_00,grid_round_robin,16,8,0.5,0.0,0.0,73.315241461922,62.600777037796774,73.315241461922,0.14940003165975213,14.078299980610609
641,scene0749_00,anms_4d,16,8,0.5,0.0,0.0,73.31524146192194,62.60077703779671,73.31524146192194,0.6642999942414463,13.969700026791543
642,scene0749_00,grid_round_robin,31,10,0.3225806451612903,0.0,0.0,29.779024073233092,21.10444734624712,29.779024073233092,0.1569000305607915,13.927399995736778
642,scene0749_00,anms_4d,31,13,0.41935483870967744,0.0,0.0,74.46015475075019,59.15967454557547,74.46015475075019,0.41149999015033245,13.801500026602298
643,scene0749_00,grid_round_robin,238,95,0.39915966386554624,0.18487394957983194,0.5588235294117647,3.079818298644202,9.498271318575656,9.498271318575656,0.26050000451505184,26.899299991782755
643,scene0749_00,anms_4d,238,93,0.3907563025210084,0.18067226890756302,0.5588235294117647,5.401677873033873,16.668870144424517,16.668870144424517,3.3952000085264444,25.894599966704845
644,scene0749_00,grid_round_robin,158,57,0.36075949367088606,0.2721518987341772,0.6962025316455697,1.030458147541447,4.124666101004939,4.124666101004939,0.26270002126693726,20.286999992094934
644,scene0749_00,anms_4d,158,53,0.33544303797468356,0.25949367088607594,0.6772151898734177,1.2221025236509924,3.43047258986219,3.43047258986219,2.439300005789846,19.8250999674201
645,scene0750_00,grid_round_robin,157,88,0.5605095541401274,0.012738853503184714,0.11464968152866242,0.5679230290609925,2.3775254115856432,2.3775254115856432,0.30399998649954796,13.235999969765544
645,scene0750_00,anms_4d,157,85,0.5414012738853503,0.012738853503184714,0.10828025477707007,1.0022088795518505,5.073698544671235,5.073698544671235,2.2487000096589327,15.49610000802204
646,scene0750_00,grid_round_robin,281,112,0.398576512455516,0.12811387900355872,0.42704626334519574,0.908034005913249,2.7821117445814454,2.7821117445814454,0.3486999776214361,26.746399991679937
646,scene0750_00,anms_4d,281,104,0.3701067615658363,0.13523131672597866,0.4412811387900356,0.9422707522301189,3.6650954289529913,3.6650954289529913,3.7604999961331487,24.0759999724105
647,scene0750_00,grid_round_robin,219,97,0.4429223744292237,0.2191780821917808,0.5707762557077626,6.49193356019091,12.55987159877995,12.55987159877995,0.2682999474927783,24.32080003200099
647,scene0750_00,anms_4d,219,97,0.4429223744292237,0.1963470319634703,0.5616438356164384,3.3038831955614394,5.047708037969123,5.047708037969123,3.5764999920502305,22.05820003291592
648,scene0750_00,grid_round_robin,243,97,0.3991769547325103,0.19753086419753085,0.4567901234567901,1.114357595276438,2.3088660757152506,2.3088660757152506,0.2750999992713332,22.491799958515912
648,scene0750_00,anms_4d,243,101,0.4156378600823045,0.18106995884773663,0.4279835390946502,1.5136745383028618,2.252026663138668,2.252026663138668,3.136000013910234,23.700399964582175
649,scene0750_00,grid_round_robin,370,174,0.4702702702702703,0.372972972972973,0.8297297297297297,2.0665632999689225,4.784690917043004,4.784690917043004,0.35579997347667813,28.988800011575222
649,scene0750_00,anms_4d,370,170,0.4594594594594595,0.34324324324324323,0.8135135135135135,2.056729038911322,4.670158233044694,4.670158233044694,8.356700011063367,31.25440003350377
650,scene0750_00,grid_round_robin,16,10,0.625,0.125,0.375,82.65494113481111,87.1564236377706,87.1564236377706,0.1555999624542892,5.0401000189594924
650,scene0750_00,anms_4d,16,10,0.625,0.125,0.375,82.6549411348116,87.15642363777091,87.15642363777091,0.5133000086061656,5.248600034974515
651,scene0750_00,grid_round_robin,114,43,0.37719298245614036,0.09649122807017543,0.3333333333333333,1.2910045998514417,11.269334464416033,11.269334464416033,0.20589999621734023,18.775899952743202
651,scene0750_00,anms_4d,114,44,0.38596491228070173,0.09649122807017543,0.35964912280701755,1.28058555117774,11.537945754280177,11.537945754280177,1.3518999912776053,18.715000012889504
652,scene0750_00,grid_round_robin,108,57,0.5277777777777778,0.19444444444444445,0.5925925925925926,1.3120837017496867,35.70268300144875,35.70268300144875,0.20220002625137568,19.809799967333674
652,scene0750_00,anms_4d,108,55,0.5092592592592593,0.2037037037037037,0.5925925925925926,1.2895090459192506,35.41277289104528,35.41277289104528,1.675899955444038,21.811300015542656
653,scene0750_00,grid_round_robin,120,53,0.44166666666666665,0.08333333333333333,0.25833333333333336,4.0951767386301805,6.980810627699802,6.980810627699802,0.23180001880973577,19.184300035703927
653,scene0750_00,anms_4d,120,50,0.4166666666666667,0.1,0.25833333333333336,3.7269237282510943,5.651239013842527,5.651239013842527,1.5519000007770956,18.600299954414368
654,scene0750_00,grid_round_robin,171,72,0.42105263157894735,0.19298245614035087,0.47953216374269003,1.2431524960210216,2.859028458683069,2.859028458683069,0.26400003116577864,22.078100009821355
654,scene0750_00,anms_4d,171,64,0.3742690058479532,0.19298245614035087,0.47953216374269003,0.9649118570692624,6.546151601144615,6.546151601144615,2.1597000304609537,22.381699993275106
655,scene0750_00,grid_round_robin,464,231,0.4978448275862069,0.02586206896551724,0.24568965517241378,0.3573645585514784,1.4390462203754424,1.4390462203754424,0.39629999082535505,43.25359995709732
655,scene0750_00,anms_4d,464,222,0.47844827586206895,0.03879310344827586,0.26939655172413796,0.28592372649243336,1.4302608860201613,1.4302608860201613,6.916499987710267,41.63439996773377
656,scene0750_00,grid_round_robin,200,100,0.5,0.065,0.21,1.5690252312398514,1.820750396608559,1.820750396608559,0.24720001965761185,22.1589999855496
656,scene0750_00,anms_4d,200,91,0.455,0.065,0.215,1.6037382466607233,1.9713165526385394,1.9713165526385394,2.529699995648116,20.876700000371784
657,scene0750_00,grid_round_robin,146,46,0.3150684931506849,0.0684931506849315,0.18493150684931506,4.920903039669621,5.948453976695022,5.948453976695022,0.21580001339316368,19.99129995238036
657,scene0750_00,anms_4d,146,44,0.3013698630136986,0.0684931506849315,0.18493150684931506,2.4988446036504475,5.352154868909283,5.352154868909283,1.8038999987766147,18.997800012584776
658,scene0750_00,grid_round_robin,277,109,0.3935018050541516,0.09386281588447654,0.37184115523465705,1.5273272839069723,7.494442558073504,7.494442558073504,0.2911000046879053,24.40490003209561
658,scene0750_00,anms_4d,277,112,0.4043321299638989,0.09025270758122744,0.36462093862815886,0.9741944083770202,7.256398544166468,7.256398544166468,4.104299994651228,24.340700008906424
659,scene0750_00,grid_round_robin,124,43,0.3467741935483871,0.13709677419354838,0.3629032258064516,3.1537234782739034,21.770418519756156,21.770418519756156,0.24150003446266055,25.109899987000972
659,scene0750_00,anms_4d,124,38,0.3064516129032258,0.12903225806451613,0.3387096774193548,4.768512348262552,22.54452103944471,22.54452103944471,1.5088999643921852,18.20900000166148
660,scene0751_00,grid_round_robin,5,5,1.0,0.0,0.0,170.10503126709722,75.04214541924236,170.10503126709722,0.13609998859465122,0.4449999541975558
660,scene0751_00,anms_4d,5,5,1.0,0.0,0.0,170.10503126709722,75.04214541924236,170.10503126709722,0.12039998546242714,0.3738999948836863
661,scene0751_00,grid_round_robin,142,45,0.31690140845070425,0.14788732394366197,0.3873239436619718,6.706400917281447,10.629105956888184,10.629105956888184,0.22479996550828218,18.212400027550757
661,scene0751_00,anms_4d,142,44,0.30985915492957744,0.15492957746478872,0.39436619718309857,1.0103378073785974,1.547391043897692,1.547391043897692,1.7518000095151365,18.184299988206476
662,scene0751_00,grid_round_robin,371,165,0.444743935309973,0.08086253369272237,0.20485175202156333,1.247992613520917,5.046580421016043,5.046580421016043,0.34909998066723347,31.92679997300729
662,scene0751_00,anms_4d,371,162,0.4366576819407008,0.07277628032345014,0.20215633423180593,2.184992382316727,4.836059501530512,4.836059501530512,5.231900024227798,34.3830999918282
663,scene0751_00,grid_round_robin,200,74,0.37,0.205,0.46,5.00831376137038,1.4416275362516484,5.00831376137038,0.2641999744810164,23.779100039973855
663,scene0751_00,anms_4d,200,73,0.365,0.2,0.45,2.10826836238246,5.16281621502244,5.16281621502244,2.7954999823123217,22.43129996350035
664,scene0751_00,grid_round_robin,32,12,0.375,0.0,0.0,117.84997335802127,87.71274023830479,117.84997335802127,0.15670002903789282,14.313899970147759
664,scene0751_00,anms_4d,32,12,0.375,0.0,0.0,126.7722775891433,82.41310373076736,126.7722775891433,0.4173999768681824,14.512699970509857
665,scene0751_00,grid_round_robin,145,49,0.33793103448275863,0.18620689655172415,0.6551724137931034,1.145266540011631,2.7412255572591713,2.7412255572591713,0.2300000051036477,18.39689997723326
665,scene0751_00,anms_4d,145,49,0.33793103448275863,0.19310344827586207,0.6482758620689655,1.2899079310664783,2.9656866594557485,2.9656866594557485,2.0647000055760145,19.465999968815595
666,scene0751_00,grid_round_robin,77,19,0.24675324675324675,0.14285714285714285,0.4155844155844156,4.418921093079285,6.676803413670375,6.676803413670375,0.1917000045068562,16.08109998051077
666,scene0751_00,anms_4d,77,20,0.2597402597402597,0.12987012987012986,0.4155844155844156,37.599011452968114,38.098436136130346,38.098436136130346,0.914399977773428,16.307400015648454
667,scene0751_00,grid_round_robin,199,77,0.3869346733668342,0.1407035175879397,0.4321608040201005,2.585348813914519,3.8607707641413542,3.8607707641413542,0.2837000065483153,20.892600005026907
667,scene0751_00,anms_4d,199,76,0.38190954773869346,0.135678391959799,0.4321608040201005,2.6822984964456533,4.031277642382445,4.031277642382445,2.490399987436831,21.0477999644354
668,scene0751_00,grid_round_robin,285,109,0.3824561403508772,0.08771929824561403,0.2982456140350877,1.8334119446120367,5.118045394585468,5.118045394585468,0.30509999487549067,25.060900021344423
668,scene0751_00,anms_4d,285,108,0.37894736842105264,0.08421052631578947,0.3017543859649123,1.6703239380876016,4.796611511613133,4.796611511613133,5.049700033850968,26.64789999835193
669,scene0751_00,grid_round_robin,221,76,0.3438914027149321,0.1085972850678733,0.3936651583710407,1.411187415931372,1.5936940286255632,1.5936940286255632,0.28419995214790106,21.837799984496087
669,scene0751_00,anms_4d,221,70,0.3167420814479638,0.12217194570135746,0.39819004524886875,2.74226628951373,3.2468489624108425,3.2468489624108425,3.1145999673753977,21.546599979046732
670,scene0751_00,grid_round_robin,270,91,0.337037037037037,0.24444444444444444,0.6481481481481481,0.9800452753587413,1.928587213128263,1.928587213128263,0.36209996324032545,24.395100015681237
670,scene0751_00,anms_4d,270,91,0.337037037037037,0.24814814814814815,0.6444444444444445,3.063599889501478,5.958624307612773,5.958624307612773,4.663100000470877,23.94590002950281
671,scene0751_00,grid_round_robin,105,45,0.42857142857142855,0.18095238095238095,0.5142857142857142,4.046155553994631,8.205145540916348,8.205145540916348,0.24349999148398638,17.19410001533106
671,scene0751_00,anms_4d,105,41,0.3904761904761905,0.19047619047619047,0.5238095238095238,3.9543702716855553,7.2258774546122035,7.2258774546122035,1.2488000211305916,16.870399995241314
672,scene0751_00,grid_round_robin,541,382,0.7060998151571165,0.11090573012939002,0.34011090573012936,0.4280420810871697,26.3412519788904,26.3412519788904,0.47699996503069997,13.50190001539886
672,scene0751_00,anms_4d,541,377,0.6968576709796673,0.10166358595194085,0.34011090573012936,0.31772783035112184,26.139742158478217,26.139742158478217,8.445999992545694,18.965299997944385
673,scene0751_00,grid_round_robin,102,39,0.38235294117647056,0.058823529411764705,0.13725490196078433,21.671755825771342,89.34845864079716,89.34845864079716,0.21169998217374086,19.020200008526444
673,scene0751_00,anms_4d,102,38,0.37254901960784315,0.049019607843137254,0.12745098039215685,21.57231813793603,89.13374622287206,89.13374622287206,1.1596999829635024,19.57649999530986
674,scene0751_00,grid_round_robin,179,68,0.37988826815642457,0.01675977653631285,0.055865921787709494,2.203134306055563,2.4701277270355386,2.4701277270355386,0.24389999452978373,24.269099987577647
674,scene0751_00,anms_4d,179,68,0.37988826815642457,0.01675977653631285,0.061452513966480445,2.7375058764509377,5.235735919897037,5.235735919897037,2.2187000140547752,23.2937999535352
675,scene0752_00,grid_round_robin,5,0,0.0,0.0,0.0,72.47060674033624,180.0,180.0,0.14519999967887998,12.317800021264702
675,scene0752_00,anms_4d,5,0,0.0,0.0,0.0,72.47060674033624,180.0,180.0,0.13399997260421515,12.456399970687926
676,scene0752_00,grid_round_robin,347,70,0.2017291066282421,0.08357348703170028,0.2824207492795389,1.8858026773198147,4.871474251634841,4.871474251634841,0.3423000453040004,26.023899961728603
676,scene0752_00,anms_4d,347,73,0.21037463976945245,0.08069164265129683,0.28530259365994237,5.517250764997309,14.732066832170945,14.732066832170945,4.820299975108355,28.10449997195974
677,scene0752_00,grid_round_robin,379,144,0.37994722955145116,0.029023746701846966,0.12928759894459102,0.9730734185588804,21.529213514681548,21.529213514681548,0.3560000332072377,38.45839999848977
677,scene0752_00,anms_4d,379,142,0.37467018469656993,0.029023746701846966,0.11873350923482849,0.9383904463717866,20.80176027848465,20.80176027848465,5.502099986188114,39.168399991467595
678,scene0752_00,grid_round_robin,138,54,0.391304347826087,0.014492753623188406,0.028985507246376812,3.400352565797742,3.2641477867673205,3.400352565797742,0.25620002998039126,22.307400009594858
678,scene0752_00,anms_4d,138,59,0.427536231884058,0.014492753623188406,0.028985507246376812,2.0579660420596158,1.9610530603480114,2.0579660420596158,1.7006000271067023,22.68349996302277
679,scene0752_00,grid_round_robin,290,74,0.25517241379310346,0.06206896551724138,0.19655172413793104,2.828757848143938,6.329482062126576,6.329482062126576,0.3068999503739178,25.47340001910925
679,scene0752_00,anms_4d,290,70,0.2413793103448276,0.06896551724137931,0.19655172413793104,4.165268399617807,12.905774495757004,12.905774495757004,4.347499983850867,31.24389995355159
680,scene0752_00,grid_round_robin,203,58,0.2857142857142857,0.04433497536945813,0.09852216748768473,2.536560567880112,1.2317387024726354,2.536560567880112,0.41820004116743803,20.688699965830892
680,scene0752_00,anms_4d,203,59,0.29064039408866993,0.04926108374384237,0.11822660098522167,9.964466022565947,13.507543102533313,13.507543102533313,2.556299965362996,20.24919999530539
681,scene0752_00,grid_round_robin,343,120,0.3498542274052478,0.11370262390670553,0.27988338192419826,0.8360271032332642,49.140227785630735,49.140227785630735,0.42970001231878996,31.850299972575158
681,scene0752_00,anms_4d,343,126,0.3673469387755102,0.11661807580174927,0.2886297376093295,0.9160117543920898,50.54171570524617,50.54171570524617,4.888900031801313,29.420500039123
682,scene0752_00,grid_round_robin,254,63,0.24803149606299213,0.14566929133858267,0.4409448818897638,5.322859767587805,5.8733865334543625,5.8733865334543625,0.3409999771974981,19.54539999132976
682,scene0752_00,anms_4d,254,69,0.27165354330708663,0.14566929133858267,0.44881889763779526,3.8995423137603322,4.868861771682541,4.868861771682541,3.792500006966293,20.27119998820126
683,scene0752_00,grid_round_robin,112,32,0.2857142857142857,0.08928571428571429,0.25,21.38087806608935,48.770634819689086,48.770634819689086,0.21000002743676305,20.307900034822524
683,scene0752_00,anms_4d,112,34,0.30357142857142855,0.09821428571428571,0.25892857142857145,28.12550970096238,64.33253441049015,64.33253441049015,1.388500037137419,18.63269996829331
684,scene0752_00,grid_round_robin,93,28,0.3010752688172043,0.17204301075268819,0.40860215053763443,4.929142460998228,2.481169864993178,4.929142460998228,0.21379999816417694,17.39409996662289
684,scene0752_00,anms_4d,93,25,0.26881720430107525,0.17204301075268819,0.43010752688172044,1.5081455942525592,5.74455209035282,5.74455209035282,1.122599991504103,15.908600005786866
685,scene0752_00,grid_round_robin,252,101,0.4007936507936508,0.09523809523809523,0.24206349206349206,2.4880226948918653,17.604349633134756,17.604349633134756,0.368200009688735,24.595199967734516
685,scene0752_00,anms_4d,252,99,0.39285714285714285,0.09523809523809523,0.2261904761904762,2.5565234538445107,14.945137014918208,14.945137014918208,4.836599982809275,25.177199975587428
686,scene0752_00,grid_round_robin,452,151,0.334070796460177,0.21238938053097345,0.5907079646017699,1.2717836210295443,27.470643217275708,27.470643217275708,0.38380001205950975,39.727099996525794
686,scene0752_00,anms_4d,452,153,0.33849557522123896,0.20353982300884957,0.5796460176991151,1.21915458498283,25.6066331764332,25.6066331764332,6.737899966537952,35.885100020095706
687,scene0752_00,grid_round_robin,18,7,0.3888888888888889,0.0,0.0,146.71305452312268,22.48364967287108,146.71305452312268,0.16769999638199806,13.27809999929741
687,scene0752_00,anms_4d,18,7,0.3888888888888889,0.0,0.0,68.73777867270817,22.053306920357123,68.73777867270817,0.26210001669824123,12.893599981907755
688,scene0752_00,grid_round_robin,46,17,0.3695652173913043,0.0,0.0,124.86551827090568,82.30573145849573,124.86551827090568,0.17359998309984803,16.638899978715926
688,scene0752_00,anms_4d,46,16,0.34782608695652173,0.0,0.0,124.7795481086424,82.40431885236326,124.7795481086424,0.5619999719783664,16.49629999883473
689,scene0752_00,grid_round_robin,183,60,0.32786885245901637,0.0273224043715847,0.16393442622950818,1.6535868797582822,3.684731792383554,3.684731792383554,0.34229998709633946,21.760899981018156
689,scene0752_00,anms_4d,183,62,0.33879781420765026,0.03278688524590164,0.18032786885245902,2.0461820746439954,3.426758342677918,3.426758342677918,2.478900016285479,22.23149995552376
690,scene0753_00,grid_round_robin,112,47,0.41964285714285715,0.21428571428571427,0.5803571428571429,5.803175188138085,0.927725994554408,5.803175188138085,0.21849997574463487,17.759000009391457
690,scene0753_00,anms_4d,112,44,0.39285714285714285,0.20535714285714285,0.5714285714285714,1.0981509522057389,1.6126102163181304,1.6126102163181304,1.317800022661686,17.507700016722083
691,scene0753_00,grid_round_robin,180,53,0.29444444444444445,0.11666666666666667,0.38333333333333336,43.459169291150154,42.18704841395128,43.459169291150154,0.2595999976620078,20.704300026409328
691,scene0753_00,anms_4d,180,54,0.3,0.12222222222222222,0.37777777777777777,32.33187584196773,36.47856394237161,36.47856394237161,2.279600012116134,20.29509999556467
692,scene0753_00,grid_round_robin,163,47,0.2883435582822086,0.19631901840490798,0.5214723926380368,18.024532902807493,30.354606180849828,30.354606180849828,0.22569997236132622,21.902200009208173
692,scene0753_00,anms_4d,163,51,0.3128834355828221,0.18404907975460122,0.5153374233128835,18.035900573396344,30.34883689078426,30.34883689078426,2.1240999922156334,20.66679997369647
693,scene0753_00,grid_round_robin,260,135,0.5192307692307693,0.3076923076923077,0.7192307692307692,1.097610656376671,2.260376323891809,2.260376323891809,0.31759997364133596,25.031500030308962
693,scene0753_00,anms_4d,260,132,0.5076923076923077,0.3,0.7076923076923077,0.9912535565324683,2.111788902728651,2.111788902728651,3.5314999986439943,24.644199991598725
694,scene0753_00,grid_round_robin,381,133,0.34908136482939633,0.22572178477690288,0.6325459317585301,55.91221355927513,82.1981635989759,82.1981635989759,0.4206000012345612,26.933699962683022
694,scene0753_00,anms_4d,381,134,0.35170603674540685,0.2230971128608924,0.6036745406824147,55.993279282844966,82.01761117675994,82.01761117675994,5.541799997445196,27.444399951491505
695,scene0753_00,grid_round_robin,514,194,0.377431906614786,0.26653696498054474,0.6848249027237354,2.499611531241144,2.248089734582492,2.499611531241144,0.4817000008188188,33.49170001456514
695,scene0753_00,anms_4d,514,182,0.3540856031128405,0.245136186770428,0.669260700389105,2.2997356785235996,2.2458436745241106,2.2997356785235996,8.013300015591085,32.27919997880235
696,scene0753_00,grid_round_robin,406,179,0.4408866995073892,0.2044334975369458,0.603448275862069,0.7869941799904002,2.391425875805445,2.391425875805445,0.38919999497011304,44.43309997441247
696,scene0753_00,anms_4d,406,175,0.43103448275862066,0.21428571428571427,0.6083743842364532,0.8651172532608885,2.6057558913098546,2.6057558913098546,6.295399973168969,41.654400003608316
697,scene0753_00,grid_round_robin,308,124,0.4025974025974026,0.3474025974025974,0.75,11.414782486765716,81.44990826759025,81.44990826759025,0.34580001374706626,35.40490003069863
697,scene0753_00,anms_4d,308,120,0.38961038961038963,0.3116883116883117,0.724025974025974,13.7301607804722,89.22730181069001,89.22730181069001,4.13660000776872,34.04319996479899
698,scene0753_00,grid_round_robin,115,32,0.2782608695652174,0.11304347826086956,0.3391304347826087,14.708910980611048,71.56471666664692,71.56471666664692,0.2142000012099743,18.6280999914743
698,scene0753_00,anms_4d,115,32,0.2782608695652174,0.10434782608695652,0.33043478260869563,5.28560712985178,64.36714542228084,64.36714542228084,1.3781000161543489,18.570800020825118
699,scene0753_00,grid_round_robin,29,11,0.3793103448275862,0.0,0.034482758620689655,77.60595241273525,12.618889385082879,77.60595241273525,0.152900000102818,15.182700008153915
699,scene0753_00,anms_4d,29,11,0.3793103448275862,0.0,0.034482758620689655,65.09168773807973,44.82255279260966,65.09168773807973,0.38869999116286635,14.09160002367571
700,scene0753_00,grid_round_robin,200,64,0.32,0.05,0.165,4.870987040341022,4.909401277292825,4.909401277292825,0.2834000042639673,20.648300007451326
700,scene0753_00,anms_4d,200,58,0.29,0.055,0.17,5.819259397836393,5.469258828971709,5.819259397836393,2.5256999651901424,20.50400001462549
701,scene0753_00,grid_round_robin,17,8,0.47058823529411764,0.0,0.0,175.00916258272048,66.90002070879413,175.00916258272048,0.16160000814124942,29.25269998377189
701,scene0753_00,anms_4d,17,8,0.47058823529411764,0.0,0.0,175.0091625827209,66.90002070879414,175.0091625827209,0.2536000101827085,13.685899961274117
702,scene0753_00,grid_round_robin,510,117,0.22941176470588234,0.16666666666666666,0.49019607843137253,1.965865321677439,4.2548248782205444,4.2548248782205444,0.4525999538600445,32.884999993257225
702,scene0753_00,anms_4d,510,129,0.2529411764705882,0.16666666666666666,0.48823529411764705,9.766892920025645,32.39174859505662,32.39174859505662,7.993500039447099,31.722199986688793
703,scene0753_00,grid_round_robin,542,246,0.45387453874538747,0.3044280442804428,0.6660516605166051,1.16462846329774,2.67223495246342,2.67223495246342,0.5245999782346189,45.5043000401929
703,scene0753_00,anms_4d,542,241,0.4446494464944649,0.3007380073800738,0.6678966789667896,1.3765937068101683,3.3861856518621245,3.3861856518621245,8.856299973558635,47.23779996857047
704,scene0753_00,grid_round_robin,105,46,0.4380952380952381,0.17142857142857143,0.5333333333333333,9.805766040030868,20.411342207884733,20.411342207884733,0.22520002676174045,20.24599997093901
704,scene0753_00,anms_4d,105,49,0.4666666666666667,0.1619047619047619,0.5238095238095238,14.421000710590736,28.400597152701437,28.400597152701437,1.3705999590456486,21.40030002919957
705,scene0754_00,grid_round_robin,77,26,0.33766233766233766,0.2077922077922078,0.5454545454545454,9.95556298674082,15.573855561647262,15.573855561647262,0.17479999223724008,16.96269999956712
705,scene0754_00,anms_4d,77,26,0.33766233766233766,0.19480519480519481,0.5324675324675324,6.109449751732571,10.619649483445423,10.619649483445423,0.9059000294655561,16.716199985239655
706,scene0754_00,grid_round_robin,177,63,0.3559322033898305,0.07344632768361582,0.24293785310734464,0.9725697227402745,0.8351909807580968,0.9725697227402745,0.23070001043379307,21.050999988801777
706,scene0754_00,anms_4d,177,62,0.3502824858757062,0.06779661016949153,0.21468926553672316,3.3967579322197725,3.7469947309272604,3.7469947309272604,2.2012999979779124,22.352700005285442
707,scene0754_00,grid_round_robin,229,107,0.4672489082969432,0.23580786026200873,0.6157205240174672,1.2191727359056301,3.8699311939036103,3.8699311939036103,0.28270005714148283,33.49010000238195
707,scene0754_00,anms_4d,229,99,0.43231441048034935,0.2314410480349345,0.5938864628820961,1.0434262313004146,3.4406903392901165,3.4406903392901165,2.957099990453571,29.93720001541078
708,scene0754_00,grid_round_robin,198,59,0.29797979797979796,0.1111111111111111,0.2676767676767677,3.232211948207221,21.34037331418676,21.34037331418676,0.27409999165683985,22.943600022699684
708,scene0754_00,anms_4d,198,51,0.25757575757575757,0.10101010101010101,0.25757575757575757,12.434036493473805,64.30292272563761,64.30292272563761,2.469400002155453,22.483700013253838
709,scene0754_00,grid_round_robin,305,155,0.5081967213114754,0.3475409836065574,0.760655737704918,2.7014508693360715,85.97678457287354,85.97678457287354,0.32379996264353395,34.00179999880493
709,scene0754_00,anms_4d,305,168,0.5508196721311476,0.3344262295081967,0.7573770491803279,3.2063864341439126,74.10701903618732,74.10701903618732,4.124600032810122,24.342999968212098
710,scene0754_00,grid_round_robin,277,208,0.7509025270758123,0.6642599277978339,0.9819494584837545,3.903184432144526,28.55538280358184,28.55538280358184,0.46690000453963876,13.22189997881651
710,scene0754_00,anms_4d,277,202,0.7292418772563177,0.6462093862815884,0.9783393501805054,3.9802731160649425,29.125118312598442,29.125118312598442,3.8417999749071896,13.821600005030632
711,scene0754_00,grid_round_robin,142,47,0.33098591549295775,0.1056338028169014,0.4154929577464789,1.4837525279028918,1.2849216272154396,1.4837525279028918,0.21869997726753354,18.53760000085458
711,scene0754_00,anms_4d,142,52,0.36619718309859156,0.09859154929577464,0.39436619718309857,1.3135894057846484,0.9341097086769056,1.3135894057846484,1.8140000174753368,19.07280000159517
712,scene0754_00,grid_round_robin,374,137,0.3663101604278075,0.23529411764705882,0.5748663101604278,2.863379951846004,24.649194950687548,24.649194950687548,0.39110000943765044,32.757599954493344
712,scene0754_00,anms_4d,374,131,0.3502673796791444,0.23796791443850268,0.5614973262032086,2.2366626658024207,21.518414451839394,21.518414451839394,5.5890000076033175,32.60109998518601
713,scene0754_00,grid_round_robin,187,108,0.5775401069518716,0.1657754010695187,0.44385026737967914,3.4104879171397053,22.685170221656605,22.685170221656605,0.2791999722830951,17.953700036741793
713,scene0754_00,anms_4d,187,101,0.5401069518716578,0.1711229946524064,0.42780748663101603,1.8116207674318834,10.456739119815603,10.456739119815603,2.3441999801434577,24.29090003715828
714,scene0754_00,grid_round_robin,148,64,0.43243243243243246,0.033783783783783786,0.16216216216216217,3.41043931408602,20.564175975320257,20.564175975320257,0.24970003869384527,23.316500009968877
714,scene0754_00,anms_4d,148,63,0.42567567567567566,0.04054054054054054,0.17567567567567569,3.8124955320636165,16.750964664887793,16.750964664887793,1.8295000190846622,24.134300008881837
715,scene0754_00,grid_round_robin,130,34,0.26153846153846155,0.13076923076923078,0.3153846153846154,14.049465382814978,24.627194387128963,24.627194387128963,0.22159999934956431,19.327900023199618
715,scene0754_00,anms_4d,130,38,0.2923076923076923,0.13846153846153847,0.3153846153846154,4.087877974715558,11.533069550269587,11.533069550269587,1.5724999830126762,18.288000021129847
716,scene0754_00,grid_round_robin,99,49,0.494949494949495,0.050505050505050504,0.23232323232323232,1.2287691046453229,5.771860193033588,5.771860193033588,0.20899996161460876,18.686600029468536
716,scene0754_00,anms_4d,99,46,0.46464646464646464,0.06060606060606061,0.23232323232323232,1.312737243572243,5.892911510634874,5.892911510634874,1.1792000150308013,18.57499999459833
717,scene0754_00,grid_round_robin,381,156,0.4094488188976378,0.2204724409448819,0.6509186351706037,0.4027384983981876,0.9415658872001093,0.9415658872001093,0.3774000215344131,30.838400009088218
717,scene0754_00,anms_4d,381,159,0.41732283464566927,0.22572178477690288,0.6561679790026247,0.2536041841158854,0.323968203656355,0.323968203656355,5.820499965921044,32.07630000542849
718,scene0754_00,grid_round_robin,364,169,0.4642857142857143,0.11813186813186813,0.3241758241758242,0.6809016814100448,1.8621065155912222,1.8621065155912222,0.36509998608380556,30.422899988479912
718,scene0754_00,anms_4d,364,171,0.4697802197802198,0.12087912087912088,0.3269230769230769,0.590690704005855,2.482317209241631,2.482317209241631,5.4147999617271125,29.25580000737682
719,scene0754_00,grid_round_robin,114,49,0.4298245614035088,0.06140350877192982,0.15789473684210525,6.892461375103171,80.42301126765696,80.42301126765696,0.2074999501928687,20.872600027360022
719,scene0754_00,anms_4d,114,45,0.39473684210526316,0.06140350877192982,0.16666666666666666,7.926155034719076,78.97095902697325,78.97095902697325,1.455900026485324,19.87569994525984
720,scene0755_00,grid_round_robin,15,8,0.5333333333333333,0.06666666666666667,0.2,97.9256929632,87.61630400347632,97.9256929632,0.20409998251125216,11.090399988461286
720,scene0755_00,anms_4d,15,8,0.5333333333333333,0.06666666666666667,0.2,97.92569296320035,87.61630400347758,97.92569296320035,0.23399997735396028,11.117800022475421
721,scene0755_00,grid_round_robin,180,94,0.5222222222222223,0.2222222222222222,0.4888888888888889,2.670527744428503,0.783004762116476,2.670527744428503,0.2381000085733831,19.6384999435395
721,scene0755_00,anms_4d,180,93,0.5166666666666667,0.2,0.4666666666666667,2.7754453452479546,0.652259992945849,2.7754453452479546,2.288699964992702,20.877900009509176
722,scene0755_00,grid_round_robin,152,49,0.3223684210526316,0.06578947368421052,0.23026315789473684,2.2478614378408945,6.006362116024265,6.006362116024265,0.22260000696405768,20.455500052776188
722,scene0755_00,anms_4d,152,53,0.34868421052631576,0.05263157894736842,0.21710526315789475,2.153608457611069,5.695897926550075,5.695897926550075,2.459099981933832,23.41520000481978
723,scene0755_00,grid_round_robin,245,69,0.2816326530612245,0.00816326530612245,0.15918367346938775,3.6296620301806963,1.5927880918005914,3.6296620301806963,0.2772000152617693,20.190599956549704
723,scene0755_00,anms_4d,245,71,0.2897959183673469,0.012244897959183673,0.17142857142857143,1.6425136167599437,0.32827406266118503,1.6425136167599437,3.5606000456027687,19.83140001539141
724,scene0755_00,grid_round_robin,295,126,0.4271186440677966,0.17627118644067796,0.5898305084745763,0.9713777976338293,2.080132561860476,2.080132561860476,0.35280000884085894,29.10749998409301
724,scene0755_00,anms_4d,295,123,0.41694915254237286,0.17627118644067796,0.5694915254237288,0.9392746336670483,1.9738680921750524,1.9738680921750524,4.0481999749317765,26.25559997977689
725,scene0755_00,grid_round_robin,238,87,0.36554621848739494,0.08823529411764706,0.23109243697478993,1.9414075220944624,3.5786265409505478,3.5786265409505478,0.44759997399523854,22.919900016859174
725,scene0755_00,anms_4d,238,95,0.39915966386554624,0.08823529411764706,0.23109243697478993,2.2469238306635835,3.810887012392161,3.810887012392161,3.2615000382065773,22.204400040209293
726,scene0755_00,grid_round_robin,134,47,0.35074626865671643,0.21641791044776118,0.5597014925373134,1.5603858421103445,5.017870109189402,5.017870109189402,0.21620001643896103,18.27709999633953
726,scene0755_00,anms_4d,134,39,0.291044776119403,0.23880597014925373,0.5447761194029851,1.1924406599212602,2.0978571488699114,2.0978571488699114,2.072000002954155,17.65339996200055
727,scene0755_00,grid_round_robin,12,6,0.5,0.0,0.0,179.8828227538221,11.871686969144882,179.8828227538221,0.16920000780373812,12.471299967728555
727,scene0755_00,anms_4d,12,6,0.5,0.0,0.0,179.8828227538221,11.871686969144944,179.8828227538221,0.24389999452978373,12.578500027302653
728,scene0755_00,grid_round_robin,74,38,0.5135135135135135,0.08108108108108109,0.3108108108108108,124.13789571634803,58.34333943443164,124.13789571634803,0.17989997286349535,15.528899966739118
728,scene0755_00,anms_4d,74,36,0.4864864864864865,0.08108108108108109,0.28378378378378377,153.4375723504772,77.51265506297214,153.4375723504772,0.8852999890223145,17.495199979748577
729,scene0755_00,grid_round_robin,155,81,0.5225806451612903,0.2,0.49032258064516127,0.8944956727457566,12.155847727922348,12.155847727922348,0.23800000781193376,20.06690000416711
729,scene0755_00,anms_4d,155,77,0.4967741935483871,0.1870967741935484,0.4967741935483871,0.8550240706739111,12.265577800531782,12.265577800531782,1.9225000287406147,22.044399986043572
730,scene0755_00,grid_round_robin,94,30,0.3191489361702128,0.14893617021276595,0.35106382978723405,6.777398469588699,52.278629276474405,52.278629276474405,0.1895000459626317,21.084300009533763
730,scene0755_00,anms_4d,94,32,0.3404255319148936,0.14893617021276595,0.3404255319148936,12.945213584556077,86.62064955435201,86.62064955435201,1.1195999686606228,16.965300019364804
731,scene0755_00,grid_round_robin,92,27,0.29347826086956524,0.15217391304347827,0.42391304347826086,16.3450509808084,18.951379525302816,18.951379525302816,0.20160002168267965,15.404600009787828
731,scene0755_00,anms_4d,92,25,0.2717391304347826,0.17391304347826086,0.42391304347826086,18.183830952505907,17.79393602692559,18.183830952505907,1.2162000057287514,15.748200006783009
732,scene0755_00,grid_round_robin,292,136,0.4657534246575342,0.05821917808219178,0.3664383561643836,0.7218762082841171,2.5737402868293557,2.5737402868293557,0.30969997169449925,27.299200010020286
732,scene0755_00,anms_4d,292,133,0.4554794520547945,0.06506849315068493,0.3698630136986301,1.341255320236042,1.1463414226364845,1.341255320236042,4.400800040457398,26.35619998909533
733,scene0755_00,grid_round_robin,314,89,0.28343949044585987,0.044585987261146494,0.11464968152866242,1.5876587117803138,7.843605443993851,7.843605443993851,0.3226000117138028,24.062399985268712
733,scene0755_00,anms_4d,314,85,0.27070063694267515,0.041401273885350316,0.11146496815286625,3.7602150490515323,13.123967286949142,13.123967286949142,4.26120002521202,24.9399000313133
734,scene0755_00,grid_round_robin,323,119,0.3684210526315789,0.20743034055727555,0.44272445820433437,1.942960984425049,4.924403828525318,4.924403828525318,0.34169998252764344,28.51500001270324
734,scene0755_00,anms_4d,323,112,0.34674922600619196,0.21362229102167182,0.4458204334365325,1.9456575142020676,4.471908072103994,4.471908072103994,4.642100015189499,28.92399998381734
735,scene0756_00,grid_round_robin,367,153,0.41689373297002724,0.20708446866485014,0.5231607629427792,0.7292334353011084,1.2890271614183402,1.2890271614183402,0.34149998100474477,34.242300025653094
735,scene0756_00,anms_4d,367,137,0.37329700272479566,0.19618528610354224,0.5040871934604905,1.1889489177412225,1.7091752409760315,1.7091752409760315,5.743699963204563,33.64470001542941
736,scene0756_00,grid_round_robin,352,168,0.4772727272727273,0.3210227272727273,0.6960227272727273,5.806369763175593,21.429636945731648,21.429636945731648,0.34010002855211496,40.04779999377206
736,scene0756_00,anms_4d,352,167,0.4744318181818182,0.3153409090909091,0.6875,5.87268150715668,21.306025894659488,21.306025894659488,5.0110999727621675,38.85529999388382
737,scene0756_00,grid_round_robin,168,75,0.44642857142857145,0.17857142857142858,0.5416666666666666,3.1552631832896787,13.48546012310757,13.48546012310757,0.2479000249877572,23.233500018250197
737,scene0756_00,anms_4d,168,75,0.44642857142857145,0.17857142857142858,0.5476190476190477,2.897563148753867,12.897518068464858,12.897518068464858,2.10679997690022,23.027700022794306
738,scene0756_00,grid_round_robin,129,46,0.35658914728682173,0.023255813953488372,0.13953488372093023,1.7456978897767603,0.7086559229985301,1.7456978897767603,0.21169998217374086,17.625499982386827
738,scene0756_00,anms_4d,129,39,0.3023255813953488,0.023255813953488372,0.13953488372093023,1.1944460538682602,0.6732894323338096,1.1944460538682602,1.6143000102601945,16.65010000579059
739,scene0756_00,grid_round_robin,371,177,0.477088948787062,0.1347708894878706,0.477088948787062,1.2696545884431967,2.288664620963477,2.288664620963477,0.3893999964930117,35.48399999272078
739,scene0756_00,anms_4d,371,170,0.4582210242587601,0.12668463611859837,0.4528301886792453,1.4021183788460776,2.510544554358238,2.510544554358238,5.663399992045015,31.059900007676333
740,scene0756_00,grid_round_robin,186,55,0.2956989247311828,0.20430107526881722,0.5053763440860215,5.631958367620899,11.801142705864075,11.801142705864075,0.27949997456744313,18.961100024171174
740,scene0756_00,anms_4d,186,59,0.3172043010752688,0.1989247311827957,0.478494623655914,11.21159134906066,22.08836200541074,22.08836200541074,2.311499963980168,20.694800012279302
741,scene0756_00,grid_round_robin,187,70,0.37433155080213903,0.03208556149732621,0.11764705882352941,3.4124448138520043,2.3401443779039335,3.4124448138520043,0.23800000781193376,20.41499997721985
741,scene0756_00,anms_4d,187,63,0.33689839572192515,0.03208556149732621,0.11764705882352941,1.5509277648928466,1.0026733598016189,1.5509277648928466,2.3189999628812075,30.69460002006963
742,scene0756_00,grid_round_robin,631,379,0.6006339144215531,0.27099841521394613,0.7939778129952456,0.8817353803563507,1.047232281396985,1.047232281396985,0.5267999949865043,25.777300004847348
742,scene0756_00,anms_4d,631,372,0.589540412044374,0.26148969889064977,0.7765451664025357,0.9711430751675688,1.7591188929476929,1.7591188929476929,10.619700013194233,23.96810002392158
743,scene0756_00,grid_round_robin,316,149,0.47151898734177217,0.25,0.6708860759493671,0.06302530229826098,4.864944091361698,4.864944091361698,0.45170000521466136,26.95749996928498
743,scene0756_00,anms_4d,316,144,0.45569620253164556,0.25,0.6582278481012658,0.8304475626623441,0.7956398531895861,0.8304475626623441,4.302500048652291,27.623900037724525
744,scene0756_00,grid_round_robin,108,39,0.3611111111111111,0.14814814814814814,0.3611111111111111,1.7438814955325672,6.639322523561568,6.639322523561568,0.20329997641965747,17.974400019738823
744,scene0756_00,anms_4d,108,37,0.3425925925925926,0.14814814814814814,0.3611111111111111,1.2771836126246765,3.9345223239704024,3.9345223239704024,1.3151000021025538,18.259899981785566
745,scene0756_00,grid_round_robin,97,37,0.38144329896907214,0.08247422680412371,0.4020618556701031,5.678917506814037,6.609094924716483,6.609094924716483,0.26729999808594584,17.54089997848496
745,scene0756_00,anms_4d,97,36,0.3711340206185567,0.08247422680412371,0.3711340206185567,9.278939838067492,10.870619127835946,10.870619127835946,1.1813999735750258,17.15259999036789
746,scene0756_00,grid_round_robin,277,108,0.3898916967509025,0.09025270758122744,0.40794223826714804,0.9099521150789824,1.970114422771798,1.970114422771798,0.3273999900557101,27.087600028607994
746,scene0756_00,anms_4d,277,107,0.3862815884476534,0.10108303249097472,0.41155234657039713,0.9158218385579094,1.9061912592034775,1.9061912592034775,3.6669999826699495,26.04369999608025
747,scene0756_00,grid_round_robin,177,65,0.3672316384180791,0.14124293785310735,0.2994350282485876,0.770722602688449,0.9854999982775884,0.9854999982775884,0.26050000451505184,21.729699976276606
747,scene0756_00,anms_4d,177,61,0.3446327683615819,0.15254237288135594,0.3163841807909605,1.2214001861686925,2.3978960418842283,2.3978960418842283,2.3438999778591096,20.973199978470802
748,scene0756_00,grid_round_robin,363,122,0.33608815426997246,0.2644628099173554,0.5785123966942148,0.9470671664589885,2.4899967249943455,2.4899967249943455,0.3578000469133258,29.419900034554303
748,scene0756_00,anms_4d,363,121,0.3333333333333333,0.26170798898071623,0.5702479338842975,0.9307372791342945,2.4770420822111396,2.4770420822111396,5.147299962118268,29.656400030944496
749,scene0756_00,grid_round_robin,128,51,0.3984375,0.125,0.375,13.550328850430109,29.947629322545904,29.947629322545904,0.22250000620260835,20.910499966703355
749,scene0756_00,anms_4d,128,52,0.40625,0.125,0.390625,11.431521039653878,26.816765652355123,26.816765652355123,1.5173000283539295,21.77509997272864
750,scene0757_00,grid_round_robin,388,171,0.44072164948453607,0.26804123711340205,0.6804123711340206,2.007375094898736,3.1629830248165187,3.1629830248165187,0.443900004029274,31.01299999980256
750,scene0757_00,anms_4d,388,162,0.4175257731958763,0.25773195876288657,0.6778350515463918,2.1875007611595128,3.066458202501435,3.066458202501435,5.7832999737001956,34.101400000508875
751,scene0757_00,grid_round_robin,193,84,0.43523316062176165,0.17098445595854922,0.5077720207253886,1.4060851706945268,1.2248571116906302,1.4060851706945268,0.26379997143521905,20.666000025812536
751,scene0757_00,anms_4d,193,79,0.40932642487046633,0.18134715025906736,0.5129533678756477,1.326236607246104,1.3919842839461833,1.3919842839461833,2.4811000330373645,20.943099982105196
752,scene0757_00,grid_round_robin,254,107,0.421259842519685,0.2283464566929134,0.6771653543307087,0.1448179018048394,16.608157055348236,16.608157055348236,0.30259997583925724,31.204900005832314
752,scene0757_00,anms_4d,254,100,0.3937007874015748,0.2204724409448819,0.6771653543307087,0.47187919638002035,14.210733634755693,14.210733634755693,3.4613999887369573,28.915899980347604
753,scene0757_00,grid_round_robin,280,124,0.44285714285714284,0.16071428571428573,0.4928571428571429,0.9611375991306611,2.7816605525125655,2.7816605525125655,0.2902999985963106,24.252599978353828
753,scene0757_00,anms_4d,280,123,0.4392857142857143,0.15357142857142858,0.4857142857142857,1.861496461374828,3.1356491882370943,3.1356491882370943,3.8955999771133065,24.666899989824742
754,scene0757_00,grid_round_robin,218,66,0.30275229357798167,0.1559633027522936,0.38073394495412843,5.725649697973223,18.572321563953686,18.572321563953686,0.2787999692372978,23.376099998131394
754,scene0757_00,anms_4d,218,61,0.2798165137614679,0.15137614678899083,0.38990825688073394,0.7047141606074122,2.877783378136813,2.877783378136813,2.810999983921647,23.331800010055304
755,scene0757_00,grid_round_robin,359,159,0.4428969359331476,0.34540389972144847,0.7799442896935933,1.4407647434223696,2.4343727915860764,2.4343727915860764,0.3457000129856169,28.749799996148795
755,scene0757_00,anms_4d,359,152,0.4233983286908078,0.3370473537604457,0.766016713091922,1.1290937291968712,1.4831660298205913,1.4831660298205913,5.539100035093725,27.401399973314255
756,scene0757_00,grid_round_robin,322,167,0.5186335403726708,0.2422360248447205,0.7732919254658385,0.8143990087188367,2.4868970518351063,2.4868970518351063,0.5583000020124018,29.19490000931546
756,scene0757_00,anms_4d,322,155,0.4813664596273292,0.2422360248447205,0.7795031055900621,1.1320799366959988,0.8883132700807933,1.1320799366959988,4.844599985517561,30.632499954663217
757,scene0757_00,grid_round_robin,192,84,0.4375,0.265625,0.7239583333333334,1.5346259089645073,2.0053047367958077,2.0053047367958077,0.30019995756447315,25.6156999967061
757,scene0757_00,anms_4d,192,83,0.4322916666666667,0.24479166666666666,0.6875,3.8211600310854736,5.038529263099468,5.038529263099468,2.4519000435248017,23.574200051371008
758,scene0757_00,grid_round_robin,411,149,0.36253041362530414,0.2846715328467153,0.7372262773722628,0.920559210621751,1.9694886899118351,1.9694886899118351,0.4152000183239579,35.53589998045936
758,scene0757_00,anms_4d,411,148,0.36009732360097324,0.2798053527980535,0.7250608272506083,0.6897680878768555,1.3621286412623956,1.3621286412623956,5.917700007557869,34.77219998603687
759,scene0757_00,grid_round_robin,280,151,0.5392857142857143,0.2892857142857143,0.6928571428571428,0.8221809247059136,4.353949680901995,4.353949680901995,0.32380002085119486,19.298399973195046
759,scene0757_00,anms_4d,280,147,0.525,0.2857142857142857,0.6714285714285714,0.7823954232106368,4.162477803437971,4.162477803437971,3.8407999672926962,24.718699976801872
760,scene0757_00,grid_round_robin,225,93,0.41333333333333333,0.08888888888888889,0.3466666666666667,6.312734831475451,5.419123184787714,6.312734831475451,0.4477999755181372,24.868000007700175
760,scene0757_00,anms_4d,225,90,0.4,0.08888888888888889,0.35555555555555557,5.742153873610285,5.171892859217778,5.742153873610285,2.880799991544336,24.82280001277104
761,scene0757_00,grid_round_robin,228,73,0.3201754385964912,0.16228070175438597,0.47368421052631576,1.092777180884847,1.4944743953960518,1.4944743953960518,0.27320004301145673,21.000800014007837
761,scene0757_00,anms_4d,228,74,0.32456140350877194,0.15350877192982457,0.4649122807017544,1.5707610509869798,0.9090951891260031,1.5707610509869798,2.9233000241219997,19.952400005422533
762,scene0757_00,grid_round_robin,202,114,0.5643564356435643,0.43564356435643564,0.9207920792079208,1.4891882523913311,2.60882863200729,2.60882863200729,0.27189997490495443,19.81199998408556
762,scene0757_00,anms_4d,202,106,0.5247524752475248,0.41089108910891087,0.9158415841584159,2.366790325315598,8.257642575250014,8.257642575250014,2.579100022558123,25.584599992725998
763,scene0757_00,grid_round_robin,131,66,0.5038167938931297,0.13740458015267176,0.4580152671755725,5.077049407029141,3.474541763798192,5.077049407029141,0.23509998572990298,21.355099976062775
763,scene0757_00,anms_4d,131,68,0.5190839694656488,0.12213740458015267,0.4580152671755725,5.079772709295245,3.496251262298761,5.079772709295245,1.7285000067204237,20.100100024137646
764,scene0757_00,grid_round_robin,251,199,0.7928286852589641,0.5577689243027888,0.9641434262948207,1.7452199359897156,15.365186339066046,15.365186339066046,0.30990003142505884,11.25119999051094
764,scene0757_00,anms_4d,251,194,0.7729083665338645,0.545816733067729,0.9601593625498008,1.746419458402312,15.634546840122256,15.634546840122256,3.410100005567074,12.201900011859834
765,scene0758_00,grid_round_robin,488,224,0.45901639344262296,0.28688524590163933,0.7602459016393442,0.37317776029208044,2.559807050571058,2.559807050571058,0.46230002772063017,47.14469995815307
765,scene0758_00,anms_4d,488,215,0.4405737704918033,0.2848360655737705,0.7540983606557377,0.5819965626834599,2.824985741788969,2.824985741788969,7.394900021608919,38.34870003629476
766,scene0758_00,grid_round_robin,361,203,0.5623268698060941,0.296398891966759,0.739612188365651,0.9074522646393651,5.052539463947299,5.052539463947299,0.41750003583729267,24.621699994895607
766,scene0758_00,anms_4d,361,204,0.5650969529085873,0.30193905817174516,0.7479224376731302,0.8989710135618787,5.135393822913601,5.135393822913601,9.81409999076277,26.180999993812293
767,scene0758_00,grid_round_robin,221,122,0.5520361990950227,0.22624434389140272,0.4796380090497738,1.6654454500972558,1.0674740627797223,1.6654454500972558,0.2662999904714525,18.462600011844188
767,scene0758_00,anms_4d,221,124,0.5610859728506787,0.2171945701357466,0.47058823529411764,1.6719498231832006,1.0565268136818597,1.6719498231832006,2.8605000115931034,15.90050000231713
768,scene0758_00,grid_round_robin,190,70,0.3684210526315789,0.2,0.45789473684210524,1.2833686581387378,2.6525287154432173,2.6525287154432173,0.25730003835633397,20.355200045742095
768,scene0758_00,anms_4d,190,74,0.3894736842105263,0.18421052631578946,0.4473684210526316,1.5943492266070398,2.359559740916841,2.359559740916841,2.4763999972492456,20.978900021873415
769,scene0758_00,grid_round_robin,210,74,0.3523809523809524,0.20476190476190476,0.5761904761904761,4.147898101262968,7.306671124780343,7.306671124780343,0.2845999551936984,31.958799983840436
769,scene0758_00,anms_4d,210,69,0.32857142857142857,0.20476190476190476,0.5714285714285714,4.476200924648344,7.811446477211676,7.811446477211676,2.69499997375533,22.46389997890219
770,scene0758_00,grid_round_robin,291,170,0.584192439862543,0.29553264604810997,0.7560137457044673,1.1090603010492721,0.602481895658975,1.1090603010492721,0.3709000302478671,20.232300041243434
770,scene0758_00,anms_4d,291,166,0.570446735395189,0.30927835051546393,0.7697594501718213,1.3737430082998734,0.7790002018928747,1.3737430082998734,4.183700017165393,16.716600046493113
771,scene0758_00,grid_round_robin,244,109,0.44672131147540983,0.15163934426229508,0.5122950819672131,2.41218322403219,3.530696555654366,3.530696555654366,0.34410000080242753,25.027600000612438
771,scene0758_00,anms_4d,244,108,0.4426229508196721,0.1598360655737705,0.5245901639344263,2.1850095050869904,3.154972752663926,3.154972752663926,3.156399994622916,29.664100031368434
772,scene0758_00,grid_round_robin,179,97,0.5418994413407822,0.17318435754189945,0.5810055865921788,2.686182010626312,2.320173684987358,2.686182010626312,0.2565000322647393,19.534400023985654
772,scene0758_00,anms_4d,179,94,0.5251396648044693,0.16759776536312848,0.5754189944134078,2.7793688749987178,2.3476205845960356,2.7793688749987178,2.2140999790281057,19.926499982830137
773,scene0758_00,grid_round_robin,561,273,0.48663101604278075,0.1925133689839572,0.5222816399286988,1.07801693610474,0.8201594152722768,1.07801693610474,0.47230004565790296,39.730100019369274
773,scene0758_00,anms_4d,561,269,0.47950089126559714,0.18716577540106952,0.5115864527629234,1.034912317352984,0.7031737844811119,1.034912317352984,8.894599974155426,38.815799984149635
774,scene0758_00,grid_round_robin,385,172,0.44675324675324674,0.22337662337662337,0.6623376623376623,3.1047334212235,7.983021417693858,7.983021417693858,0.36619999445974827,38.35330001311377
774,scene0758_00,anms_4d,385,165,0.42857142857142855,0.22337662337662337,0.6493506493506493,1.241948183466583,7.012236450908891,7.012236450908891,5.592799978330731,35.03239998826757
775,scene0758_00,grid_round_robin,605,405,0.6694214876033058,0.42479338842975206,0.9206611570247933,0.4581504758587161,3.754071145228929,3.754071145228929,0.5050000036135316,17.996099952142686
775,scene0758_00,anms_4d,605,401,0.6628099173553719,0.4297520661157025,0.9107438016528926,0.46547503912328037,3.7153568281002554,3.7153568281002554,19.984200014732778,27.847199991811067
776,scene0758_00,grid_round_robin,242,124,0.512396694214876,0.256198347107438,0.6900826446280992,0.6618628748588421,0.9786047673798853,0.9786047673798853,0.3364000003784895,27.824799995869398
776,scene0758_00,anms_4d,242,118,0.48760330578512395,0.2603305785123967,0.6735537190082644,0.8143225582361007,0.9179331483671298,0.9179331483671298,3.1413999968208373,27.309999975841492
777,scene0758_00,grid_round_robin,267,115,0.4307116104868914,0.12734082397003746,0.4794007490636704,1.289713435001727,4.905495449005275,4.905495449005275,0.3100999747402966,32.043399987742305
777,scene0758_00,anms_4d,267,111,0.4157303370786517,0.12359550561797752,0.4681647940074906,1.6148961242666833,6.515167546140411,6.515167546140411,3.5829999833367765,31.48259996669367
778,scene0758_00,grid_round_robin,337,132,0.3916913946587537,0.13649851632047477,0.3916913946587537,0.5843997477359176,0.47942209738352864,0.5843997477359176,0.36750000435858965,32.83829998690635
778,scene0758_00,anms_4d,337,135,0.40059347181008903,0.13056379821958458,0.3798219584569733,0.2022141264792163,0.734241446441606,0.734241446441606,4.626900015864521,34.79399997740984
779,scene0758_00,grid_round_robin,147,56,0.38095238095238093,0.047619047619047616,0.272108843537415,2.51038610045328,1.4345849616994617,2.51038610045328,0.2232000115327537,20.428999967407435
779,scene0758_00,anms_4d,147,55,0.3741496598639456,0.047619047619047616,0.2653061224489796,2.4589856806565455,1.4102884950265664,2.4589856806565455,1.8183999927714467,24.137599975802004
780,scene0759_00,grid_round_robin,297,148,0.4983164983164983,0.38047138047138046,0.8383838383838383,0.4275412999440592,0.8382335026931326,0.8382335026931326,0.30910002533346415,28.875699965283275
780,scene0759_00,anms_4d,297,144,0.48484848484848486,0.37373737373737376,0.8316498316498316,0.40755143208452793,0.7603302626676058,0.7603302626676058,3.9994000107981265,26.40520001295954
781,scene0759_00,grid_round_robin,355,203,0.571830985915493,0.4225352112676056,0.8535211267605634,0.4853325563963498,3.2879462468165683,3.2879462468165683,0.34500000765547156,24.07429995946586
781,scene0759_00,anms_4d,355,200,0.5633802816901409,0.4140845070422535,0.856338028169014,0.46686892822044873,3.448073403568948,3.448073403568948,5.556199990678579,23.189499974250793
782,scene0759_00,grid_round_robin,322,145,0.4503105590062112,0.11180124223602485,0.38819875776397517,1.7338361518066068,2.5023249245052877,2.5023249245052877,0.32029999420046806,28.646000020671636
782,scene0759_00,anms_4d,322,131,0.40683229813664595,0.12111801242236025,0.39751552795031053,1.752086342128696,2.789086117691388,2.789086117691388,4.5338000054471195,29.118600010406226
783,scene0759_00,grid_round_robin,408,163,0.39950980392156865,0.12990196078431374,0.4950980392156863,1.2685007939243087,9.66151705315378,9.66151705315378,0.3831000067293644,40.9423999954015
783,scene0759_00,anms_4d,408,167,0.40931372549019607,0.12254901960784313,0.4877450980392157,1.8106584787368063,23.120776001844472,23.120776001844472,5.848900007549673,40.570100012701005
784,scene0759_00,grid_round_robin,61,17,0.2786885245901639,0.04918032786885246,0.21311475409836064,122.8967357529445,74.58555415831702,122.8967357529445,0.19570003496482968,14.855500019621104
784,scene0759_00,anms_4d,61,16,0.26229508196721313,0.04918032786885246,0.19672131147540983,15.454721127159225,17.767742134061113,17.767742134061113,0.7163999835029244,14.898499997798353
785,scene0759_00,grid_round_robin,236,83,0.3516949152542373,0.05508474576271186,0.18220338983050846,1.413799629258172,0.9484933812562834,1.413799629258172,0.31049997778609395,25.430899986531585
785,scene0759_00,anms_4d,236,83,0.3516949152542373,0.05508474576271186,0.17796610169491525,0.6407353574052809,1.2723771014696967,1.2723771014696967,3.3174999989569187,26.878700009547174
786,scene0759_00,grid_round_robin,165,66,0.4,0.030303030303030304,0.12727272727272726,0.6107788178863798,0.7825117723324592,0.7825117723324592,0.24459999985992908,21.73229999607429
786,scene0759_00,anms_4d,165,63,0.38181818181818183,0.030303030303030304,0.13333333333333333,0.7201292360810657,0.6963548754135549,0.7201292360810657,2.065200009383261,20.265800005290657
787,scene0759_00,grid_round_robin,128,34,0.265625,0.015625,0.0703125,7.107352117268492,14.398004718366588,14.398004718366588,0.2327000256627798,18.289599975105375
787,scene0759_00,anms_4d,128,31,0.2421875,0.0078125,0.0703125,12.241483272621567,28.320717393983976,28.320717393983976,2.127799962181598,17.29039999190718
788,scene0759_00,grid_round_robin,131,39,0.29770992366412213,0.16793893129770993,0.366412213740458,52.56538474444085,85.78306333952307,85.78306333952307,0.2490000333636999,23.438599950168282
788,scene0759_00,anms_4d,131,39,0.29770992366412213,0.16030534351145037,0.366412213740458,46.55096645289002,74.88052590203556,74.88052590203556,1.6190999886021018,33.5410000407137
789,scene0759_00,grid_round_robin,343,160,0.46647230320699706,0.4139941690962099,0.8483965014577259,1.0159382604557734,1.7296550496147205,1.7296550496147205,0.36369997542351484,30.256199999712408
789,scene0759_00,anms_4d,343,158,0.4606413994169096,0.40816326530612246,0.8454810495626822,0.4975785611664315,0.44500155513894774,0.4975785611664315,9.55029996111989,38.45990000991151
790,scene0759_00,grid_round_robin,152,43,0.28289473684210525,0.16447368421052633,0.34868421052631576,7.52101351005723,56.51018874531368,56.51018874531368,0.31949998810887337,19.31289996718988
790,scene0759_00,anms_4d,152,43,0.28289473684210525,0.15789473684210525,0.3223684210526316,9.056060212189061,65.09786082568819,65.09786082568819,1.865199999883771,19.855799968354404
791,scene0759_00,grid_round_robin,319,189,0.5924764890282131,0.3448275862068966,0.799373040752351,1.2350471650560306,7.042699640688426,7.042699640688426,0.3777000238187611,22.70129998214543
791,scene0759_00,anms_4d,319,183,0.5736677115987461,0.3322884012539185,0.799373040752351,1.2367810116431708,6.922308947282826,6.922308947282826,4.395600000862032,19.175799970980734
792,scene0759_00,grid_round_robin,403,146,0.36228287841191065,0.2555831265508685,0.6426799007444168,1.358352639816164,11.280911222719165,11.280911222719165,0.38380001205950975,34.81490002013743
792,scene0759_00,anms_4d,403,143,0.3548387096774194,0.2506203473945409,0.6352357320099256,0.7831435468729177,6.81083935020267,6.81083935020267,5.963600007817149,41.888900042977184
793,scene0759_00,grid_round_robin,136,50,0.36764705882352944,0.1323529411764706,0.27205882352941174,48.48409271314442,79.90438741656546,79.90438741656546,0.2297000028192997,19.06980003695935
793,scene0759_00,anms_4d,136,52,0.38235294117647056,0.125,0.27205882352941174,48.63155991700429,80.81858949289389,80.81858949289389,1.6723000444471836,18.79100000951439
794,scene0759_00,grid_round_robin,88,41,0.4659090909090909,0.125,0.2840909090909091,3.961602995868568,8.560776424724104,8.560776424724104,0.21849997574463487,16.59270003437996
794,scene0759_00,anms_4d,88,41,0.4659090909090909,0.125,0.2840909090909091,5.0070542199462595,7.236039304030805,7.236039304030805,1.0513000306673348,17.233299964573234
795,scene0760_00,grid_round_robin,12,7,0.5833333333333334,0.0,0.0,157.15406996520633,20.097554633755596,157.15406996520633,0.14600000577047467,6.803199998103082
795,scene0760_00,anms_4d,12,7,0.5833333333333334,0.0,0.0,157.1540699652063,20.097554633755596,157.1540699652063,0.1993000041693449,6.349099974613637
796,scene0760_00,grid_round_robin,414,154,0.3719806763285024,0.2318840579710145,0.6280193236714976,3.1819809247345994,18.839061690047842,18.839061690047842,0.37510000402107835,36.32499999366701
796,scene0760_00,anms_4d,414,150,0.36231884057971014,0.22705314009661837,0.6328502415458938,2.957864871537819,17.630655388318132,17.630655388318132,6.108800007496029,33.454000018537045
797,scene0760_00,grid_round_robin,45,14,0.3111111111111111,0.044444444444444446,0.1111111111111111,22.730611812610245,33.207103528951706,33.207103528951706,0.16830000095069408,14.891099999658763
797,scene0760_00,anms_4d,45,14,0.3111111111111111,0.022222222222222223,0.08888888888888889,23.03572795419561,32.494969173388284,32.494969173388284,0.5726999952457845,14.848400023765862
798,scene0760_00,grid_round_robin,303,114,0.37623762376237624,0.27722772277227725,0.7128712871287128,1.0070383248273007,4.879037360415281,4.879037360415281,0.5534999654628336,24.878300027921796
798,scene0760_00,anms_4d,303,106,0.34983498349834985,0.25412541254125415,0.7029702970297029,0.9101928741117603,3.6390604082432416,3.6390604082432416,4.191300016827881,26.036900002509356
799,scene0760_00,grid_round_robin,166,59,0.35542168674698793,0.04819277108433735,0.1746987951807229,9.810203235171777,2.6149552898894166,9.810203235171777,0.3649999853223562,22.765700006857514
799,scene0760_00,anms_4d,166,49,0.29518072289156627,0.04819277108433735,0.1686746987951807,5.075552156257264,1.2621038466991958,5.075552156257264,2.2641000105068088,20.647999946959317
800,scene0760_00,grid_round_robin,96,49,0.5104166666666666,0.125,0.34375,2.950702208334167,0.789216797438574,2.950702208334167,0.42289996054023504,18.008600047323853
800,scene0760_00,anms_4d,96,48,0.5,0.125,0.3333333333333333,2.9122348366062436,0.4330799664348215,2.9122348366062436,1.1394000030122697,17.589899944141507
801,scene0760_00,grid_round_robin,80,23,0.2875,0.0875,0.1875,4.521605437753425,1.6409612811344774,4.521605437753425,0.18339999951422215,15.816900006029755
801,scene0760_00,anms_4d,80,22,0.275,0.0625,0.175,11.131938786515398,9.184665734295969,11.131938786515398,0.9268999565392733,15.456900000572205
802,scene0760_00,grid_round_robin,127,43,0.33858267716535434,0.03937007874015748,0.11023622047244094,7.155239332520579,3.7802487552396835,7.155239332520579,0.23930001771077514,17.864299996290356
802,scene0760_00,anms_4d,127,43,0.33858267716535434,0.03937007874015748,0.12598425196850394,8.7461604611984,4.701844684462707,8.7461604611984,1.6060000052675605,18.395899969618767
803,scene0760_00,grid_round_robin,15,8,0.5333333333333333,0.0,0.0,102.81467149390717,39.42471377994738,102.81467149390717,0.28760003624483943,12.141899962443858
803,scene0760_00,anms_4d,15,8,0.5333333333333333,0.0,0.0,102.81467149390716,39.42471377994727,102.81467149390716,0.23110001347959042,11.207100003957748
804,scene0760_00,grid_round_robin,292,96,0.3287671232876712,0.2910958904109589,0.7602739726027398,0.5923945837520949,1.5893998778843037,1.5893998778843037,0.30590000096708536,23.998400021810085
804,scene0760_00,anms_4d,292,95,0.3253424657534247,0.2808219178082192,0.7431506849315068,0.45986692454933054,1.216382897734909,1.216382897734909,3.966999996919185,25.47459997003898
805,scene0760_00,grid_round_robin,241,100,0.4149377593360996,0.1825726141078838,0.44398340248962653,1.8534262195494535,13.618208346109085,13.618208346109085,0.3092000260949135,25.43739997781813
805,scene0760_00,anms_4d,241,104,0.4315352697095436,0.17842323651452283,0.44813278008298757,1.9414584024486417,14.39179174657862,14.39179174657862,3.122100024484098,27.053099998738617
806,scene0760_00,grid_round_robin,218,95,0.43577981651376146,0.0871559633027523,0.41284403669724773,8.712220493962066,55.39522452454225,55.39522452454225,0.2885999856516719,24.368899990804493
806,scene0760_00,anms_4d,218,99,0.4541284403669725,0.08256880733944955,0.3944954128440367,9.436738992727253,55.96325848831015,55.96325848831015,2.8023000340908766,23.864900053013116
807,scene0760_00,grid_round_robin,335,175,0.5223880597014925,0.08358208955223881,0.32238805970149254,0.2562691172594285,1.1975883817305497,1.1975883817305497,0.3325999714434147,24.3192000198178
807,scene0760_00,anms_4d,335,172,0.5134328358208955,0.08656716417910448,0.3253731343283582,0.2506780953600587,1.2438504768439012,1.2438504768439012,5.922099982853979,26.407600031234324
808,scene0760_00,grid_round_robin,508,172,0.33858267716535434,0.18503937007874016,0.4763779527559055,1.6992239791865529,1.6269333525243006,1.6992239791865529,0.42940001003444195,37.744599976576865
808,scene0760_00,anms_4d,508,171,0.33661417322834647,0.18110236220472442,0.47834645669291337,1.6689859655031583,1.6408023144521005,1.6689859655031583,7.802699983585626,31.618000008165836
809,scene0760_00,grid_round_robin,8,6,0.75,0.0,0.0,153.6520073370182,85.65960936535802,153.6520073370182,0.1433999859727919,1.9203000119887292
809,scene0760_00,anms_4d,8,6,0.75,0.0,0.0,153.6520073370182,85.65960936535802,153.6520073370182,0.15060004079714417,1.7463999683968723
810,scene0761_00,grid_round_robin,217,113,0.5207373271889401,0.07834101382488479,0.29493087557603687,2.308719963783377,21.961717331575716,21.961717331575716,0.25889999233186245,23.821399954613298
810,scene0761_00,anms_4d,217,108,0.4976958525345622,0.08755760368663594,0.2995391705069124,1.9977483666724625,21.886849288451266,21.886849288451266,2.917499979957938,24.420199973974377
811,scene0761_00,grid_round_robin,163,65,0.3987730061349693,0.2085889570552147,0.6073619631901841,0.9768587550314602,2.2159601826619864,2.2159601826619864,0.24040002608671784,20.057300047483295
811,scene0761_00,anms_4d,163,65,0.3987730061349693,0.2085889570552147,0.5766871165644172,3.1772418895042556,3.8350623576339027,3.8350623576339027,2.011300006415695,21.2597000063397
812,scene0761_00,grid_round_robin,15,8,0.5333333333333333,0.0,0.06666666666666667,151.96067108055087,24.15307909184739,151.96067108055087,0.14379998901858926,11.02889998583123
812,scene0761_00,anms_4d,15,8,0.5333333333333333,0.0,0.06666666666666667,151.9606710805506,24.15307909184753,151.9606710805506,0.28799998108297586,11.458900000434369
813,scene0761_00,grid_round_robin,286,168,0.5874125874125874,0.5244755244755245,0.8811188811188811,0.42461392447728363,1.3471272907655718,1.3471272907655718,0.33300003269687295,16.820899967569858
813,scene0761_00,anms_4d,286,164,0.5734265734265734,0.5,0.8636363636363636,0.42326741711147065,1.2803092197825094,1.2803092197825094,3.8243000162765384,18.600599956698716
814,scene0761_00,grid_round_robin,132,58,0.4393939393939394,0.10606060606060606,0.2803030303030303,1.4086425812937706,1.889451958320731,1.889451958320731,0.23420003708451986,19.853200006764382
814,scene0761_00,anms_4d,132,55,0.4166666666666667,0.09848484848484848,0.2803030303030303,1.0805156218630758,0.47562640124791367,1.0805156218630758,1.7404000391252339,19.2667999654077
815,scene0761_00,grid_round_robin,86,29,0.3372093023255814,0.05813953488372093,0.27906976744186046,2.0914715342374812,3.5450778627822928,3.5450778627822928,0.20220002625137568,17.193100007716566
815,scene0761_00,anms_4d,86,31,0.36046511627906974,0.06976744186046512,0.27906976744186046,1.1380529905856362,1.8303249162471538,1.8303249162471538,1.0175000061281025,17.963999998755753
816,scene0761_00,grid_round_robin,3,0,0.0,0.0,0.0,inf,inf,inf,0.1357999863103032,0.015099998563528061
816,scene0761_00,anms_4d,3,0,0.0,0.0,0.0,inf,inf,inf,0.2025000285357237,0.018899969290941954
817,scene0761_00,grid_round_robin,114,62,0.543859649122807,0.23684210526315788,0.5877192982456141,2.3229043696602862,52.90410941545776,52.90410941545776,0.19340001745149493,16.774000017903745
817,scene0761_00,anms_4d,114,64,0.5614035087719298,0.21929824561403508,0.5789473684210527,2.2921995518642326,52.18565578882004,52.18565578882004,1.2990999966859818,14.437799982260913
818,scene0761_00,grid_round_robin,24,12,0.5,0.0,0.0,72.15964850491281,28.238218044812022,72.15964850491281,0.152299995534122,14.37150000128895
818,scene0761_00,anms_4d,24,12,0.5,0.0,0.0,72.35839006239297,27.871881276654776,72.35839006239297,0.33109996002167463,15.212199999950826
819,scene0761_00,grid_round_robin,491,288,0.5865580448065173,0.22810590631364563,0.6985743380855397,1.0862331828132474,3.28543859359188,3.28543859359188,0.5327000399120152,36.25929995905608
819,scene0761_00,anms_4d,491,286,0.5824847250509165,0.2240325865580448,0.6761710794297352,1.0570567133678532,3.2213297684047846,3.2213297684047846,7.826399989426136,21.829599980264902
820,scene0761_00,grid_round_robin,8,5,0.625,0.0,0.25,99.44618320968756,57.778394720913525,99.44618320968756,0.15870004426687956,9.77699999930337
820,scene0761_00,anms_4d,8,5,0.625,0.0,0.25,99.63310633042515,57.77924363944598,99.63310633042515,0.16840000171214342,4.483000026084483
821,scene0761_00,grid_round_robin,119,48,0.40336134453781514,0.025210084033613446,0.08403361344537816,0.9378974262256901,3.9464789650807197,3.9464789650807197,0.21349999587982893,19.264300004579127
821,scene0761_00,anms_4d,119,46,0.3865546218487395,0.025210084033613446,0.09243697478991597,1.1691559331459072,5.159117462077803,5.159117462077803,1.7378000193275511,21.037800004705787
822,scene0761_00,grid_round_robin,111,45,0.40540540540540543,0.08108108108108109,0.3783783783783784,2.4937795570427617,46.163029451989594,46.163029451989594,0.20349997794255614,18.912100000306964
822,scene0761_00,anms_4d,111,45,0.40540540540540543,0.09009009009009009,0.3783783783783784,4.08729814311788,46.87655927902996,46.87655927902996,1.331699953880161,19.49219999369234
823,scene0761_00,grid_round_robin,81,31,0.38271604938271603,0.07407407407407407,0.2345679012345679,0.7281208580107053,5.587333993514767,5.587333993514767,0.18779997481033206,16.938799992203712
823,scene0761_00,anms_4d,81,28,0.345679012345679,0.07407407407407407,0.24691358024691357,0.758702381525815,5.501163835505517,5.501163835505517,0.970599998254329,17.238100001122802
824,scene0761_00,grid_round_robin,126,35,0.2777777777777778,0.10317460317460317,0.30158730158730157,13.75136647942073,21.141946787283636,21.141946787283636,0.21519995061680675,18.854500027373433
824,scene0761_00,anms_4d,126,38,0.30158730158730157,0.1111111111111111,0.30158730158730157,2.89053173498395,6.091724637453017,6.091724637453017,1.8859999836422503,18.823200021870434
825,scene0762_00,grid_round_robin,734,434,0.5912806539509536,0.05858310626702997,0.4114441416893733,1.1282450191296594,7.499114114207626,7.499114114207626,0.6366000161506236,38.92759996233508
825,scene0762_00,anms_4d,734,425,0.5790190735694822,0.06130790190735695,0.4087193460490463,1.07920537408532,7.2680656008265485,7.2680656008265485,13.474400038830936,34.062799997627735
826,scene0762_00,grid_round_robin,358,177,0.49441340782122906,0.11731843575418995,0.3324022346368715,1.9054503048652056,2.7580348813449853,2.7580348813449853,0.4338000435382128,46.582700044382364
826,scene0762_00,anms_4d,358,173,0.48324022346368717,0.11452513966480447,0.3324022346368715,1.8991930525588199,2.752286634541186,2.752286634541186,5.486899986863136,35.055399988777936
827,scene0762_00,grid_round_robin,132,47,0.3560606060606061,0.23484848484848486,0.553030303030303,2.740016343810603,3.8994304545285647,3.8994304545285647,0.21730002481490374,20.146100025158376
827,scene0762_00,anms_4d,132,52,0.3939393939393939,0.24242424242424243,0.5606060606060606,3.8680895708404126,5.304744748210598,5.304744748210598,1.6730999923311174,21.051099989563227
828,scene0762_00,grid_round_robin,358,194,0.5418994413407822,0.06983240223463687,0.3770949720670391,1.6958637215299832,6.173243069949341,6.173243069949341,0.33650000113993883,30.743699986487627
828,scene0762_00,anms_4d,358,185,0.5167597765363129,0.08379888268156424,0.4106145251396648,1.736482911034581,5.041496650580708,5.041496650580708,5.030500004068017,34.95429997565225
829,scene0762_00,grid_round_robin,49,16,0.32653061224489793,0.061224489795918366,0.3469387755102041,17.245298764695004,28.475855330608084,28.475855330608084,0.19829999655485153,16.317299974616617
829,scene0762_00,anms_4d,49,16,0.32653061224489793,0.061224489795918366,0.30612244897959184,99.06989261367353,5.286818443069194,99.06989261367353,0.7278999546542764,15.3095000423491
830,scene0762_00,grid_round_robin,688,456,0.6627906976744186,0.45203488372093026,0.8997093023255814,0.6071640341314716,2.1175243009630136,2.1175243009630136,0.589100003708154,26.20389999356121
830,scene0762_00,anms_4d,688,425,0.6177325581395349,0.4476744186046512,0.9040697674418605,0.6434400336628779,2.1982314644401106,2.1982314644401106,11.816199985332787,34.495700034312904
831,scene0762_00,grid_round_robin,584,355,0.6078767123287672,0.1660958904109589,0.5205479452054794,0.3728126838982337,1.624169244594066,1.624169244594066,0.5174000398255885,26.626500010024756
831,scene0762_00,anms_4d,584,348,0.5958904109589042,0.1695205479452055,0.5273972602739726,0.3685495552413307,1.5716735432918867,1.5716735432918867,9.322399972006679,31.826800026465207
832,scene0762_00,grid_round_robin,259,140,0.5405405405405406,0.1776061776061776,0.4864864864864865,3.2575295964389928,2.646351226203044,3.2575295964389928,0.3111999831162393,19.9632000294514
832,scene0762_00,anms_4d,259,138,0.5328185328185329,0.20077220077220076,0.5173745173745173,3.1232282766840074,2.6892215511341107,3.1232282766840074,3.399200038984418,21.36320003774017
833,scene0762_00,grid_round_robin,506,264,0.5217391304347826,0.14624505928853754,0.4308300395256917,2.5762233948726485,6.259387734275351,6.259387734275351,0.4501000512391329,37.01329999603331
833,scene0762_00,anms_4d,506,256,0.5059288537549407,0.14031620553359683,0.41699604743083,2.656167276757003,6.257232709578902,6.257232709578902,7.831500028260052,39.40730000613257
834,scene0762_00,grid_round_robin,461,211,0.45770065075921906,0.17136659436008678,0.49023861171366595,0.8807924628419453,1.3244913081111178,1.3244913081111178,0.40520000038668513,35.974099999293685
834,scene0762_00,anms_4d,461,203,0.4403470715835141,0.16052060737527116,0.4793926247288503,1.0105465007207113,1.3270910804096259,1.3270910804096259,7.0038000121712685,30.935599992517382
835,scene0762_00,grid_round_robin,375,236,0.6293333333333333,0.04533333333333334,0.4186666666666667,0.5063268964001881,0.9283026720143838,0.9283026720143838,0.40220003575086594,15.698700037319213
835,scene0762_00,anms_4d,375,231,0.616,0.048,0.416,0.7809836543081353,1.256504304132867,1.256504304132867,5.538900033570826,16.559499956201762
836,scene0762_00,grid_round_robin,389,255,0.6555269922879178,0.3341902313624679,0.7840616966580977,1.84663125878594,0.725272306486002,1.84663125878594,0.41499995859339833,16.04419999057427
836,scene0762_00,anms_4d,389,255,0.6555269922879178,0.3393316195372751,0.7686375321336761,1.3114989240393178,0.8056597563161024,1.3114989240393178,6.134299968834966,17.298199993092567
837,scene0762_00,grid_round_robin,410,237,0.5780487804878048,0.2707317073170732,0.7073170731707317,2.6100662742024543,12.289379155695052,12.289379155695052,0.3906999481841922,29.075900034513324
837,scene0762_00,anms_4d,410,241,0.5878048780487805,0.2780487804878049,0.7195121951219512,3.176280827281645,14.735683804358436,14.735683804358436,6.006499985232949,24.205700028687716
838,scene0762_00,grid_round_robin,162,97,0.5987654320987654,0.10493827160493827,0.4074074074074074,2.0017296873170682,7.195448596676669,7.195448596676669,0.2562999725341797,13.08260002406314
838,scene0762_00,anms_4d,162,96,0.5925925925925926,0.11728395061728394,0.41358024691358025,1.9914678622218334,6.985844037319617,6.985844037319617,2.1152999834157526,13.822800014168024
839,scene0762_00,grid_round_robin,405,244,0.6024691358024692,0.2765432098765432,0.671604938271605,0.6952001934272054,2.301310594549831,2.301310594549831,0.4363000043667853,21.202300034929067
839,scene0762_00,anms_4d,405,236,0.582716049382716,0.2839506172839506,0.6790123456790124,1.0244496267092478,6.279899426311452,6.279899426311452,6.50709995534271,28.646500024478883
840,scene0763_00,grid_round_robin,334,143,0.4281437125748503,0.09281437125748503,0.26646706586826346,2.0716548191951953,2.7947372202774354,2.7947372202774354,0.42999995639547706,33.97769998991862
840,scene0763_00,anms_4d,334,150,0.4491017964071856,0.08982035928143713,0.27844311377245506,1.8419783350073933,2.475342518422348,2.475342518422348,6.1150999972596765,31.42170002683997
841,scene0763_00,grid_round_robin,320,149,0.465625,0.178125,0.40625,1.3875404525497759,1.5341235500184844,1.5341235500184844,0.34149998100474477,34.83969997614622
841,scene0763_00,anms_4d,320,154,0.48125,0.171875,0.4,0.9032691688696994,0.446697116140121,0.9032691688696994,4.39450005069375,31.60290000960231
842,scene0763_00,grid_round_robin,417,197,0.4724220623501199,0.08393285371702638,0.23501199040767387,1.4886999283787925,5.063405922382006,5.063405922382006,0.4228000179864466,36.15519998129457
842,scene0763_00,anms_4d,417,195,0.4676258992805755,0.08393285371702638,0.23501199040767387,1.4912624256224383,5.062690442873828,5.062690442873828,6.034000020008534,61.52059999294579
843,scene0763_00,grid_round_robin,162,60,0.37037037037037035,0.17901234567901234,0.5308641975308642,2.791914026649399,8.732807846056856,8.732807846056856,0.265000038780272,25.349100003950298
843,scene0763_00,anms_4d,162,59,0.36419753086419754,0.18518518518518517,0.5185185185185185,4.931459731658054,14.340839837579137,14.340839837579137,2.1676000324077904,22.350799990817904
844,scene0763_00,grid_round_robin,357,140,0.39215686274509803,0.12885154061624648,0.3753501400560224,0.8128127197429484,2.6112951996054035,2.6112951996054035,0.40819996502250433,32.48679998796433
844,scene0763_00,anms_4d,357,137,0.38375350140056025,0.12885154061624648,0.37254901960784315,1.4694771206766946,4.194281067416002,4.194281067416002,5.067999998573214,35.77519999817014
845,scene0763_00,grid_round_robin,382,199,0.5209424083769634,0.031413612565445025,0.20418848167539266,1.4028871668240155,7.080783581119186,7.080783581119186,0.797600019723177,35.26189998956397
845,scene0763_00,anms_4d,382,192,0.5026178010471204,0.034031413612565446,0.20418848167539266,1.4302840888191457,7.207015396497201,7.207015396497201,5.620800016913563,29.216499999165535
846,scene0763_00,grid_round_robin,350,112,0.32,0.002857142857142857,0.05142857142857143,0.4935885449539568,4.303866658325701,4.303866658325701,0.3330999752506614,30.114699969999492
846,scene0763_00,anms_4d,350,98,0.28,0.008571428571428572,0.06857142857142857,0.8086457049114691,5.7557378807503685,5.7557378807503685,5.130100005771965,28.105399978812784
847,scene0763_00,grid_round_robin,636,340,0.5345911949685535,0.3223270440251572,0.8128930817610063,0.4177263226575579,4.7245311253885935,4.7245311253885935,0.5262999911792576,50.766600004862994
847,scene0763_00,anms_4d,636,324,0.5094339622641509,0.3238993710691824,0.8128930817610063,0.49862992669417794,4.034543332753231,4.034543332753231,13.445099990349263,58.343300013802946
848,scene0763_00,grid_round_robin,251,86,0.3426294820717131,0.12350597609561753,0.3784860557768924,3.003391625828841,17.169809098924404,17.169809098924404,3.046700032427907,31.056999985594302
848,scene0763_00,anms_4d,251,86,0.3426294820717131,0.11952191235059761,0.35856573705179284,3.171165829158368,18.536485734422737,18.536485734422737,3.8306000060401857,35.1772999856621
849,scene0763_00,grid_round_robin,119,38,0.31932773109243695,0.10084033613445378,0.40336134453781514,2.93531648857053,6.938744040761244,6.938744040761244,0.22010004613548517,19.375700037926435
849,scene0763_00,anms_4d,119,33,0.2773109243697479,0.1092436974789916,0.4117647058823529,5.125774872100971,12.373991637115935,12.373991637115935,1.5333000337705016,19.480699964333326
850,scene0763_00,grid_round_robin,145,33,0.22758620689655173,0.06206896551724138,0.20689655172413793,3.857471311575896,7.796916117633586,7.796916117633586,0.28930004918947816,19.2063000285998
850,scene0763_00,anms_4d,145,35,0.2413793103448276,0.06206896551724138,0.2206896551724138,3.7844282897956423,8.074083788546098,8.074083788546098,1.749600050970912,18.739900027867407
851,scene0763_00,grid_round_robin,505,168,0.3326732673267327,0.21188118811881188,0.5564356435643565,0.5599591221685933,7.567858809104324,7.567858809104324,0.5003000260330737,33.08310004649684
851,scene0763_00,anms_4d,505,157,0.3108910891089109,0.22178217821782178,0.5603960396039604,2.2047754595198734,17.193138638463807,17.193138638463807,7.712799997534603,32.899799989536405
852,scene0763_00,grid_round_robin,363,145,0.39944903581267216,0.1184573002754821,0.4628099173553719,0.4511343068999183,1.6091578924244696,1.6091578924244696,0.3380999551154673,30.593300005421042
852,scene0763_00,anms_4d,363,147,0.4049586776859504,0.12396694214876033,0.46005509641873277,0.16742988222734537,1.8422826270863646,1.8422826270863646,6.272799975704402,32.46810002019629
853,scene0763_00,grid_round_robin,173,51,0.2947976878612717,0.023121387283236993,0.08092485549132948,6.92117081341566,6.272053543316953,6.92117081341566,0.2400000230409205,19.826000032480806
853,scene0763_00,anms_4d,173,46,0.2658959537572254,0.023121387283236993,0.08092485549132948,9.03811194004772,8.020984620410813,9.03811194004772,2.1439999691210687,20.411100005730987
854,scene0763_00,grid_round_robin,484,191,0.39462809917355374,0.13016528925619836,0.3409090909090909,0.8397976446308556,3.7946556549011863,3.7946556549011863,0.39659999310970306,37.70580003038049
854,scene0763_00,anms_4d,484,180,0.371900826446281,0.12396694214876033,0.3285123966942149,0.6615782329393356,4.221630676816313,4.221630676816313,7.360799994785339,39.799599966499954
855,scene0764_00,grid_round_robin,130,46,0.35384615384615387,0.038461538461538464,0.1076923076923077,2.8648590044398987,10.90644648433144,10.90644648433144,0.2272000419907272,24.318800016772002
855,scene0764_00,anms_4d,130,37,0.2846153846153846,0.038461538461538464,0.1076923076923077,6.062720326829434,22.845774170378746,22.845774170378746,1.815499970689416,19.489599973894656
856,scene0764_00,grid_round_robin,5,5,1.0,0.0,0.0,145.2245998325714,53.488886327363886,145.2245998325714,0.139000010676682,0.4282000008970499
856,scene0764_00,anms_4d,5,5,1.0,0.0,0.0,145.2245998325714,53.488886327363886,145.2245998325714,0.11760002234950662,0.3581999917514622
857,scene0764_00,grid_round_robin,44,18,0.4090909090909091,0.1590909090909091,0.29545454545454547,18.28074074185526,23.423035718420362,23.423035718420362,0.15670002903789282,15.488000004552305
857,scene0764_00,anms_4d,44,16,0.36363636363636365,0.1590909090909091,0.29545454545454547,5.007717370054517,7.564546500271689,7.564546500271689,0.5436000064946711,21.495499997399747
858,scene0764_00,grid_round_robin,27,10,0.37037037037037035,0.037037037037037035,0.14814814814814814,150.0184758425511,33.76021233881019,150.0184758425511,0.20730000687763095,14.307499979622662
858,scene0764_00,anms_4d,27,10,0.37037037037037035,0.037037037037037035,0.14814814814814814,58.8229666045394,87.67138451656291,87.67138451656291,0.35609997576102614,13.904999999795109
859,scene0764_00,grid_round_robin,158,62,0.3924050632911392,0.08227848101265822,0.25949367088607594,2.251432389043876,5.9832066072151315,5.9832066072151315,0.27050002245232463,23.98239995818585
859,scene0764_00,anms_4d,158,54,0.34177215189873417,0.06962025316455696,0.2468354430379747,2.4259793346817426,6.47212454776716,6.47212454776716,2.3533999919891357,24.619200034067035
860,scene0764_00,grid_round_robin,6,5,0.8333333333333334,0.0,0.16666666666666666,53.42805107689123,85.4521405210916,85.4521405210916,0.14540000120177865,1.0937000042758882
860,scene0764_00,anms_4d,6,5,0.8333333333333334,0.0,0.16666666666666666,53.42805107689123,85.4521405210916,85.4521405210916,0.17770001431927085,1.0574999614618719
861,scene0764_00,grid_round_robin,6,5,0.8333333333333334,0.0,0.16666666666666666,179.62255268371695,73.58006995615347,179.62255268371695,0.13960001524537802,1.2405000161379576
861,scene0764_00,anms_4d,6,5,0.8333333333333334,0.0,0.16666666666666666,171.95845643831098,71.0700643896585,171.95845643831098,0.1401000190526247,1.0380999883636832
862,scene0764_00,grid_round_robin,85,32,0.3764705882352941,0.047058823529411764,0.24705882352941178,4.40562206113516,12.094108090471028,12.094108090471028,0.17529999604448676,18.03430001018569
862,scene0764_00,anms_4d,85,29,0.3411764705882353,0.047058823529411764,0.23529411764705882,4.260979615649566,11.626236859445818,11.626236859445818,0.985699996817857,18.27850000699982
863,scene0764_00,grid_round_robin,193,54,0.27979274611398963,0.10880829015544041,0.35751295336787564,5.018481807088426,7.47633192607118,7.47633192607118,0.2766000106930733,20.043600001372397
863,scene0764_00,anms_4d,193,51,0.26424870466321243,0.11917098445595854,0.35751295336787564,4.013028107628501,6.026438102098634,6.026438102098634,2.9457000200636685,19.345799984876066
864,scene0764_00,grid_round_robin,251,98,0.3904382470119522,0.0796812749003984,0.28286852589641437,1.7065422763601226,0.2121788779751439,1.7065422763601226,0.2734999870881438,24.188200011849403
864,scene0764_00,anms_4d,251,110,0.43824701195219123,0.09561752988047809,0.3187250996015936,2.4142182499081284,0.7810428467176227,2.4142182499081284,3.2819000189192593,25.024800037499517
865,scene0764_00,grid_round_robin,174,58,0.3333333333333333,0.10344827586206896,0.3275862068965517,2.0506786936579418,1.1452443447280034,2.0506786936579418,0.25020004250109196,21.322100015822798
865,scene0764_00,anms_4d,174,62,0.3563218390804598,0.10919540229885058,0.3448275862068966,2.0456255499049023,1.1426976658344463,2.0456255499049023,2.186099998652935,22.630799969192594
866,scene0764_00,grid_round_robin,207,84,0.4057971014492754,0.11594202898550725,0.3864734299516908,1.0476667445466017,6.806096515788599,6.806096515788599,0.2508999896235764,26.869499997701496
866,scene0764_00,anms_4d,207,81,0.391304347826087,0.11594202898550725,0.38164251207729466,1.050367053454844,6.782300147903696,6.782300147903696,2.625799970701337,26.532199990469962
867,scene0764_00,grid_round_robin,205,38,0.18536585365853658,0.13170731707317074,0.33658536585365856,16.297050323851636,30.86994097168809,30.86994097168809,0.26430003345012665,17.42950000334531
867,scene0764_00,anms_4d,205,35,0.17073170731707318,0.13170731707317074,0.35609756097560974,4.6365226920735445,20.138153825083613,20.138153825083613,2.606599999126047,18.855400034226477
868,scene0764_00,grid_round_robin,436,235,0.5389908256880734,0.3256880733944954,0.7293577981651376,1.39219840762804,9.745508629498334,9.745508629498334,0.401299970690161,32.12450002320111
868,scene0764_00,anms_4d,436,229,0.5252293577981652,0.3348623853211009,0.731651376146789,1.282314277063467,8.002857034668983,8.002857034668983,6.465899990871549,36.627299967221916
869,scene0764_00,grid_round_robin,215,78,0.3627906976744186,0.09767441860465116,0.2558139534883721,6.355333360261914,71.77086375196471,71.77086375196471,0.2825999981723726,28.082100034225732
869,scene0764_00,anms_4d,215,81,0.3767441860465116,0.09767441860465116,0.2651162790697674,6.706726151410823,76.66355364947945,76.66355364947945,3.4690999891608953,28.439000016078353
870,scene0765_00,grid_round_robin,216,109,0.5046296296296297,0.22685185185185186,0.5509259259259259,1.0083487527262398,2.509999031043878,2.509999031043878,0.27759996009990573,32.213900005444884
870,scene0765_00,anms_4d,216,106,0.49074074074074076,0.22685185185185186,0.5462962962962963,1.1690601662404951,2.957731198305948,2.957731198305948,2.980399993248284,27.881200017873198
871,scene0765_00,grid_round_robin,187,75,0.40106951871657753,0.0748663101604278,0.25133689839572193,3.637164530018777,3.646134115414897,3.646134115414897,0.2948000328615308,23.173300025518984
871,scene0765_00,anms_4d,187,76,0.40641711229946526,0.06951871657754011,0.25133689839572193,4.1294708153509365,4.068716971545747,4.1294708153509365,2.324800007045269,22.366599994711578
872,scene0765_00,grid_round_robin,41,14,0.34146341463414637,0.07317073170731707,0.17073170731707318,31.84688400346716,57.49702540724941,57.49702540724941,0.19779999274760485,24.42709996830672
872,scene0765_00,anms_4d,41,14,0.34146341463414637,0.07317073170731707,0.17073170731707318,52.06808591702592,70.72290491228739,70.72290491228739,0.5171000375412405,14.479899953585118
873,scene0765_00,grid_round_robin,46,14,0.30434782608695654,0.06521739130434782,0.17391304347826086,2.5766600847205,6.016331227538134,6.016331227538134,0.16609998419880867,14.493399998173118
873,scene0765_00,anms_4d,46,15,0.32608695652173914,0.06521739130434782,0.17391304347826086,5.681374814169623,8.164273385450025,8.164273385450025,0.5806999979540706,14.609799953177571
874,scene0765_00,grid_round_robin,141,43,0.3049645390070922,0.0,0.0,4.582849725105256,2.6464391319738994,4.582849725105256,0.22089999401941895,17.241899971850216
874,scene0765_00,anms_4d,141,38,0.2695035460992908,0.0,0.0,3.1105864810719295,0.7245803755923351,3.1105864810719295,1.7131000058725476,16.966699971817434
875,scene0765_00,grid_round_robin,256,91,0.35546875,0.265625,0.69140625,1.7052012076292573,10.766581315474633,10.766581315474633,0.2885999856516719,26.391300023533404
875,scene0765_00,anms_4d,256,87,0.33984375,0.26171875,0.66015625,1.84207989269722,11.70743068340919,11.70743068340919,3.6291999858804047,32.34669996891171
876,scene0765_00,grid_round_robin,278,111,0.39928057553956836,0.2517985611510791,0.6654676258992805,0.6805644380509951,5.296412532411209,5.296412532411209,0.34309999318793416,30.336899973917753
876,scene0765_00,anms_4d,278,107,0.38489208633093525,0.24100719424460432,0.658273381294964,0.5625236108465739,4.019322035595716,4.019322035595716,3.8965999847278,29.113100026734173
877,scene0765_00,grid_round_robin,141,50,0.3546099290780142,0.18439716312056736,0.5390070921985816,5.210941355966955,16.07041322368247,16.07041322368247,0.26190001517534256,21.297200000844896
877,scene0765_00,anms_4d,141,45,0.3191489361702128,0.18439716312056736,0.5531914893617021,4.196886688267036,13.464634774595755,13.464634774595755,1.6951999859884381,21.216999972239137
878,scene0765_00,grid_round_robin,352,162,0.4602272727272727,0.21022727272727273,0.5227272727272727,2.0756122396731684,3.942824714194325,3.942824714194325,0.41610002517700195,29.501200013328344
878,scene0765_00,anms_4d,352,162,0.4602272727272727,0.20738636363636365,0.5113636363636364,2.066062207257768,3.9333972058863975,3.9333972058863975,5.096199980471283,29.13719997741282
879,scene0765_00,grid_round_robin,103,46,0.44660194174757284,0.1941747572815534,0.6213592233009708,0.5511250306438292,1.2498383279611878,1.2498383279611878,0.19779999274760485,19.005300011485815
879,scene0765_00,anms_4d,103,48,0.46601941747572817,0.18446601941747573,0.5922330097087378,1.2542098984780399,1.0695410883479775,1.2542098984780399,1.246800005901605,19.540100009180605
880,scene0765_00,grid_round_robin,162,43,0.2654320987654321,0.06790123456790123,0.24074074074074073,3.2843961355059537,2.459516963513624,3.2843961355059537,0.24269998539239168,17.581599997356534
880,scene0765_00,anms_4d,162,46,0.2839506172839506,0.06790123456790123,0.2345679012345679,4.152032821346994,3.444489321913936,4.152032821346994,2.0086000440642238,18.355000007431954
881,scene0765_00,grid_round_robin,352,144,0.4090909090909091,0.1590909090909091,0.48579545454545453,0.9753783788310133,1.0626125702188605,1.0626125702188605,0.32570003531873226,28.70930003700778
881,scene0765_00,anms_4d,352,136,0.38636363636363635,0.14772727272727273,0.4715909090909091,0.7854098524572589,1.0518147973781495,1.0518147973781495,11.66030002059415,27.43660000851378
882,scene0765_00,grid_round_robin,417,205,0.49160671462829736,0.0815347721822542,0.381294964028777,1.278092743494336,2.295423842102863,2.295423842102863,0.3890999942086637,32.51089999685064
882,scene0765_00,anms_4d,417,197,0.4724220623501199,0.08633093525179857,0.39568345323741005,1.1797086409711404,2.3531201177381362,2.3531201177381362,6.042500026524067,35.47449997859076
883,scene0765_00,grid_round_robin,383,136,0.35509138381201044,0.2950391644908616,0.6553524804177546,1.808641502910992,3.27192786267523,3.27192786267523,0.4194999928586185,29.08389997901395
883,scene0765_00,anms_4d,383,136,0.35509138381201044,0.3002610966057441,0.6631853785900783,2.0540543440986956,3.412966652166184,3.412966652166184,5.643799959216267,29.740900034084916
884,scene0765_00,grid_round_robin,372,168,0.45161290322580644,0.24193548387096775,0.5510752688172043,0.3891517489638594,1.0780350395290035,1.0780350395290035,0.32759999157860875,33.89429999515414
884,scene0765_00,anms_4d,372,160,0.43010752688172044,0.2446236559139785,0.5645161290322581,0.4330731863143374,1.5060226299346486,1.5060226299346486,5.346100020688027,37.64709999086335
885,scene0766_00,grid_round_robin,59,20,0.3389830508474576,0.0,0.01694915254237288,61.91858652348527,81.68913353823649,81.68913353823649,0.17579999985173345,16.16259996080771
885,scene0766_00,anms_4d,59,19,0.3220338983050847,0.0,0.01694915254237288,61.5516973920673,80.54788059759525,80.54788059759525,0.699999975040555,15.858799975831062
886,scene0766_00,grid_round_robin,40,13,0.325,0.025,0.1,49.7742883161149,63.989656481817605,63.989656481817605,0.18630002159625292,15.264399989973754
886,scene0766_00,anms_4d,40,13,0.325,0.025,0.125,83.98724145238604,13.560578461181848,83.98724145238604,0.5018999800086021,14.920999994501472
887,scene0766_00,grid_round_robin,3,0,0.0,0.0,0.0,inf,inf,inf,0.1487999688833952,0.016400008462369442
887,scene0766_00,anms_4d,3,0,0.0,0.0,0.0,inf,inf,inf,0.09759998647496104,0.007099995855242014
888,scene0766_00,grid_round_robin,23,12,0.5217391304347826,0.17391304347826086,0.30434782608695654,20.466625906191023,44.6940683850357,44.6940683850357,0.15009997878223658,12.776800023857504
888,scene0766_00,anms_4d,23,12,0.5217391304347826,0.17391304347826086,0.34782608695652173,57.50079683792622,86.41510359822519,86.41510359822519,0.3208999987691641,13.01579998107627
889,scene0766_00,grid_round_robin,14,9,0.6428571428571429,0.07142857142857142,0.21428571428571427,111.31082574775554,48.51509331285351,111.31082574775554,0.14700001338496804,4.461499978788197
889,scene0766_00,anms_4d,14,9,0.6428571428571429,0.07142857142857142,0.21428571428571427,111.31082574775466,48.51509331285209,111.31082574775466,0.21550001110881567,4.341399995610118
890,scene0766_00,grid_round_robin,404,206,0.5099009900990099,0.2079207920792079,0.5222772277227723,0.7852580885692638,10.96223641148074,10.96223641148074,0.36619999445974827,43.894900009036064
890,scene0766_00,anms_4d,404,200,0.49504950495049505,0.2079207920792079,0.5222772277227723,0.6769993791543514,10.181418090856925,10.181418090856925,6.038699997588992,43.96079998696223
891,scene0766_00,grid_round_robin,41,17,0.4146341463414634,0.0,0.024390243902439025,26.69561755841083,10.761112955660773,26.69561755841083,0.193099956959486,16.04000001680106
891,scene0766_00,anms_4d,41,17,0.4146341463414634,0.0,0.024390243902439025,13.668037182697422,3.316383715431327,13.668037182697422,0.5092999781481922,15.938399999868125
892,scene0766_00,grid_round_robin,9,6,0.6666666666666666,0.1111111111111111,0.1111111111111111,132.82515219294578,84.76686294731515,132.82515219294578,0.15549996169283986,3.648500016424805
892,scene0766_00,anms_4d,9,6,0.6666666666666666,0.1111111111111111,0.1111111111111111,132.82515219294567,84.76686294731513,132.82515219294567,0.17009995644912124,3.7456999998539686
893,scene0766_00,grid_round_robin,85,31,0.36470588235294116,0.27058823529411763,0.4588235294117647,41.65256210089299,80.68077976878324,80.68077976878324,0.21649996051564813,17.94940000399947
893,scene0766_00,anms_4d,85,33,0.38823529411764707,0.25882352941176473,0.47058823529411764,50.34055749839303,74.60199005942783,74.60199005942783,1.0015000007115304,17.01160002266988
894,scene0766_00,grid_round_robin,84,23,0.27380952380952384,0.08333333333333333,0.2976190476190476,6.561405015104354,21.66318228733002,21.66318228733002,0.20030001178383827,15.911599970422685
894,scene0766_00,anms_4d,84,24,0.2857142857142857,0.10714285714285714,0.3333333333333333,5.598619827329218,19.334627353707624,19.334627353707624,0.9839000413194299,16.160900006070733
895,scene0766_00,grid_round_robin,151,73,0.48344370860927155,0.19205298013245034,0.5761589403973509,0.8149155508273496,11.275225672941747,11.275225672941747,0.21810003090649843,22.270199959166348
895,scene0766_00,anms_4d,151,76,0.5033112582781457,0.2052980132450331,0.5761589403973509,1.279645711468702,18.881605667008298,18.881605667008298,2.032299991697073,24.64659995166585
896,scene0766_00,grid_round_robin,243,111,0.4567901234567901,0.13991769547325103,0.411522633744856,0.8427436735172861,1.8147395881752293,1.8147395881752293,0.2834000042639673,27.536800014786422
896,scene0766_00,anms_4d,243,112,0.4609053497942387,0.1440329218106996,0.40329218106995884,1.4301470110887207,0.8290213655394305,1.4301470110887207,3.143700014334172,27.613800019025803
897,scene0766_00,grid_round_robin,343,111,0.3236151603498542,0.23615160349854228,0.6064139941690962,7.825015544178633,21.64071350854788,21.64071350854788,0.36529998760670424,31.559199967887253
897,scene0766_00,anms_4d,343,96,0.27988338192419826,0.21865889212827988,0.5860058309037901,7.237170280908095,19.804213215722097,19.804213215722097,7.896800001617521,38.566800008993596
898,scene0766_00,grid_round_robin,4,0,0.0,0.0,0.0,inf,inf,inf,0.14439999358728528,0.014899997040629387
898,scene0766_00,anms_4d,4,0,0.0,0.0,0.0,inf,inf,inf,0.10850001126527786,0.007499998901039362
899,scene0766_00,grid_round_robin,361,186,0.5152354570637119,0.20498614958448755,0.4986149584487535,2.710356366102938,17.35705731596258,17.35705731596258,0.3301000106148422,40.5091000138782
899,scene0766_00,anms_4d,361,180,0.4986149584487535,0.1994459833795014,0.49584487534626037,2.7522341158195167,17.56771533574515,17.56771533574515,5.440699984319508,46.2427000165917
900,scene0767_00,grid_round_robin,137,40,0.291970802919708,0.08029197080291971,0.25547445255474455,2.3793239987101638,5.813918643603791,5.813918643603791,0.25530002312734723,18.185900000389665
900,scene0767_00,anms_4d,137,42,0.30656934306569344,0.06569343065693431,0.24087591240875914,2.361337326191251,5.895798828800405,5.895798828800405,1.6763000166974962,18.194900010712445
901,scene0767_00,grid_round_robin,124,30,0.24193548387096775,0.03225806451612903,0.11290322580645161,6.451518537432276,15.564595853158906,15.564595853158906,0.22299995180219412,18.518100026994944
901,scene0767_00,anms_4d,124,28,0.22580645161290322,0.03225806451612903,0.11290322580645161,11.766615935576215,27.89864240887384,27.89864240887384,1.7192999948747456,18.79250002093613
902,scene0767_00,grid_round_robin,38,15,0.39473684210526316,0.10526315789473684,0.2631578947368421,18.602673541166588,14.48388717568415,18.602673541166588,0.18590001855045557,14.534099958837032
902,scene0767_00,anms_4d,38,15,0.39473684210526316,0.07894736842105263,0.23684210526315788,22.97906004461172,19.375479291207384,22.97906004461172,0.4959999932907522,14.383700035978109
903,scene0767_00,grid_round_robin,23,9,0.391304347826087,0.0,0.043478260869565216,109.60170008370827,50.64690003025902,109.60170008370827,0.15020003775134683,14.232700050342828
903,scene0767_00,anms_4d,23,10,0.43478260869565216,0.0,0.043478260869565216,114.68863628516287,55.70269046959818,114.68863628516287,0.34719996619969606,14.787600026465952
904,scene0767_00,grid_round_robin,30,10,0.3333333333333333,0.06666666666666667,0.16666666666666666,56.75166633106446,78.95269236246136,78.95269236246136,0.15480001457035542,14.654300000984222
904,scene0767_00,anms_4d,30,11,0.36666666666666664,0.1,0.16666666666666666,43.77484952994388,65.66808443463383,65.66808443463383,0.4081000224687159,15.35679999506101
905,scene0767_00,grid_round_robin,157,65,0.4140127388535032,0.11464968152866242,0.3184713375796178,8.250443909230532,11.577669459140733,11.577669459140733,0.2584000467322767,20.749500021338463
905,scene0767_00,anms_4d,157,62,0.39490445859872614,0.10828025477707007,0.33121019108280253,8.856060560720875,12.626964199429981,12.626964199429981,1.9164999830536544,19.725800026208162
906,scene0767_00,grid_round_robin,230,99,0.43043478260869567,0.1391304347826087,0.41304347826086957,1.65622159929011,0.2436927704061512,1.65622159929011,0.2846000134013593,25.3680000314489
906,scene0767_00,anms_4d,230,97,0.4217391304347826,0.13478260869565217,0.39565217391304347,1.9322571158915924,0.9049456764989308,1.9322571158915924,3.1448000227101147,24.602899968158454
907,scene0767_00,grid_round_robin,123,61,0.4959349593495935,0.17886178861788618,0.7398373983739838,3.4173807839381922,22.521972480673305,22.521972480673305,0.23470004089176655,23.147999949287623
907,scene0767_00,anms_4d,123,56,0.45528455284552843,0.17073170731707318,0.7154471544715447,2.2769174896622006,21.660266022173666,21.660266022173666,1.471900031901896,23.605900001712143
908,scene0767_00,grid_round_robin,15,7,0.4666666666666667,0.0,0.06666666666666667,81.1731793645003,62.757467629237134,81.1731793645003,0.15410000924021006,13.915600022301078
908,scene0767_00,anms_4d,15,7,0.4666666666666667,0.0,0.06666666666666667,90.96913228020018,75.55001547110203,90.96913228020018,0.23290002718567848,13.519099971745163
909,scene0767_00,grid_round_robin,4,0,0.0,0.0,0.0,inf,inf,inf,0.13860000763088465,0.014000048395246267
909,scene0767_00,anms_4d,4,0,0.0,0.0,0.0,inf,inf,inf,0.18279999494552612,0.010400020983070135
910,scene0767_00,grid_round_robin,454,168,0.3700440528634361,0.14537444933920704,0.381057268722467,2.537556443455915,7.558094414454479,7.558094414454479,0.3863999736495316,35.48040002351627
910,scene0767_00,anms_4d,454,164,0.36123348017621143,0.14317180616740088,0.3854625550660793,2.5220191284991307,7.500159899391717,7.500159899391717,6.76049996400252,32.17289998428896
911,scene0767_00,grid_round_robin,205,80,0.3902439024390244,0.13170731707317074,0.4634146341463415,3.059819715283047,10.663110690158415,10.663110690158415,0.26030000299215317,32.313000003341585
911,scene0767_00,anms_4d,205,77,0.375609756097561,0.12195121951219512,0.45365853658536587,2.506725102924604,8.487353844681147,8.487353844681147,2.7347999857738614,24.899200012441725
912,scene0767_00,grid_round_robin,145,46,0.31724137931034485,0.07586206896551724,0.2413793103448276,2.486765229195239,2.0943668032498044,2.486765229195239,0.23710000095888972,20.19109996035695
912,scene0767_00,anms_4d,145,45,0.3103448275862069,0.06896551724137931,0.2206896551724138,2.4682401261470215,2.108864097628053,2.4682401261470215,1.9194000051356852,19.99870000872761
913,scene0767_00,grid_round_robin,206,73,0.35436893203883496,0.20388349514563106,0.6019417475728155,2.398559478714674,6.399023795698701,6.399023795698701,0.25460001779720187,22.851499961689115
913,scene0767_00,anms_4d,206,70,0.33980582524271846,0.20388349514563106,0.5922330097087378,2.0881545617994037,5.878387140892485,5.878387140892485,2.6384000084362924,21.931900002527982
914,scene0767_00,grid_round_robin,136,40,0.29411764705882354,0.08823529411764706,0.22794117647058823,4.649372820947023,11.322503111034761,11.322503111034761,0.21809997269883752,17.63720001326874
914,scene0767_00,anms_4d,136,36,0.2647058823529412,0.09558823529411764,0.22794117647058823,3.206057123517931,9.815502365053488,9.815502365053488,1.6539000207558274,20.985100010875612
915,scene0768_00,grid_round_robin,2,0,0.0,0.0,0.0,inf,inf,inf,0.33060001442208886,0.017400016076862812
915,scene0768_00,anms_4d,2,0,0.0,0.0,0.0,inf,inf,inf,0.09670003782957792,0.006999995093792677
916,scene0768_00,grid_round_robin,7,6,0.8571428571428571,0.0,0.0,111.64166911775348,43.04164509386371,111.64166911775348,0.13209995813667774,0.9726000134833157
916,scene0768_00,anms_4d,7,6,0.8571428571428571,0.0,0.0,111.64166911775348,43.04164509386371,111.64166911775348,0.1531000016257167,0.8499000105075538
917,scene0768_00,grid_round_robin,2,0,0.0,0.0,0.0,inf,inf,inf,0.12659997446462512,0.013599987141788006
917,scene0768_00,anms_4d,2,0,0.0,0.0,0.0,inf,inf,inf,0.07790001109242439,0.006999995093792677
918,scene0768_00,grid_round_robin,286,99,0.34615384615384615,0.13636363636363635,0.3916083916083916,2.4634695894121035,2.1869799812495856,2.4634695894121035,0.29609998455271125,28.091799991670996
918,scene0768_00,anms_4d,286,92,0.32167832167832167,0.12937062937062938,0.3916083916083916,3.0064289844048386,3.031168357801652,3.031168357801652,3.829799999948591,26.72789996722713
919,scene0768_00,grid_round_robin,167,35,0.20958083832335328,0.10778443113772455,0.31736526946107785,13.363297972291498,13.370241797639828,13.370241797639828,0.23180001880973577,22.94420002726838
919,scene0768_00,anms_4d,167,36,0.2155688622754491,0.11976047904191617,0.33532934131736525,6.461313751179869,10.017444845466171,10.017444845466171,2.134100010152906,19.109999993816018
920,scene0768_00,grid_round_robin,305,112,0.36721311475409835,0.09180327868852459,0.3114754098360656,4.541996677652643,6.738970741394052,6.738970741394052,0.3333999775350094,28.792500030249357
920,scene0768_00,anms_4d,305,109,0.35737704918032787,0.08852459016393442,0.3081967213114754,1.2520479079947107,5.230867106867989,5.230867106867989,4.1328000370413065,26.479599997401237
921,scene0768_00,grid_round_robin,333,185,0.5555555555555556,0.06606606606606606,0.21021021021021022,3.372803495907946,86.5459710198271,86.5459710198271,0.38129999302327633,25.887100026011467
921,scene0768_00,anms_4d,333,187,0.5615615615615616,0.06906906906906907,0.2222222222222222,3.5666897787294816,83.99088517166065,83.99088517166065,4.570100049022585,37.061600014567375
922,scene0768_00,grid_round_robin,86,23,0.26744186046511625,0.08139534883720931,0.18604651162790697,2.54035290228297,1.0101311170363514,2.54035290228297,0.19500002963468432,17.16859999578446
922,scene0768_00,anms_4d,86,22,0.2558139534883721,0.08139534883720931,0.18604651162790697,44.02802317321496,62.44848921906578,62.44848921906578,1.0955000179819763,16.21759997215122
923,scene0768_00,grid_round_robin,66,32,0.48484848484848486,0.030303030303030304,0.19696969696969696,2.8668452914896556,5.075800099846932,5.075800099846932,0.18619996262714267,17.907700035721064
923,scene0768_00,anms_4d,66,30,0.45454545454545453,0.030303030303030304,0.19696969696969696,2.507943561831093,3.491802317188492,3.491802317188492,0.9630999993532896,18.37060000980273
924,scene0768_00,grid_round_robin,115,37,0.3217391304347826,0.043478260869565216,0.20869565217391303,3.1060179116634448,6.3568232024709905,6.3568232024709905,0.21460000425577164,18.369299999903888
924,scene0768_00,anms_4d,115,37,0.3217391304347826,0.043478260869565216,0.19130434782608696,3.110061560464064,6.321316765154603,6.321316765154603,1.6710000345483422,18.559300049673766
925,scene0768_00,grid_round_robin,92,31,0.33695652173913043,0.20652173913043478,0.41304347826086957,14.962632358938638,36.681864573801164,36.681864573801164,0.2052999916486442,17.115800001192838
925,scene0768_00,anms_4d,92,31,0.33695652173913043,0.20652173913043478,0.40217391304347827,14.591182582149605,35.50126237661916,35.50126237661916,1.0954999597743154,16.495899995788932
926,scene0768_00,grid_round_robin,5,5,1.0,0.0,0.0,122.09847759139177,70.78362184272925,122.09847759139177,0.1414999715052545,0.4925000248476863
926,scene0768_00,anms_4d,5,5,1.0,0.0,0.0,122.09847759139177,70.78362184272925,122.09847759139177,0.1200000406242907,0.4161999677307904
927,scene0768_00,grid_round_robin,127,59,0.4645669291338583,0.09448818897637795,0.2755905511811024,2.086746269628149,28.479795303494868,28.479795303494868,0.24720001965761185,23.785299970768392
927,scene0768_00,anms_4d,127,54,0.4251968503937008,0.09448818897637795,0.2677165354330709,5.0190258052785675,56.196852198170376,56.196852198170376,1.5344999847002327,28.13099999912083
928,scene0768_00,grid_round_robin,150,55,0.36666666666666664,0.14666666666666667,0.47333333333333333,3.5967056915480673,22.875148476722813,22.875148476722813,0.2680000034160912,21.02849999209866
928,scene0768_00,anms_4d,150,60,0.4,0.15333333333333332,0.47333333333333333,8.478116302077941,27.820400873491195,27.820400873491195,1.8922000308521092,21.627799957059324
929,scene0768_00,grid_round_robin,192,104,0.5416666666666666,0.08333333333333333,0.21354166666666666,1.1593380130147664,40.03793300551023,40.03793300551023,0.25649997405707836,17.570999974850565
929,scene0768_00,anms_4d,192,102,0.53125,0.08333333333333333,0.20833333333333334,1.1029045945810667,36.86010730681465,36.86010730681465,2.3944999556988478,21.537700027693063
930,scene0769_00,grid_round_robin,53,33,0.6226415094339622,0.0,0.0,10.354744378499273,11.423084299838052,11.423084299838052,0.18429994815960526,7.5240000151097775
930,scene0769_00,anms_4d,53,31,0.5849056603773585,0.0,0.0,9.924153305301662,10.651981579411334,10.651981579411334,0.672800000756979,10.058899992145598
931,scene0769_00,grid_round_robin,44,28,0.6363636363636364,0.022727272727272728,0.045454545454545456,12.805141326675287,9.577270998756982,12.805141326675287,0.17899996601045132,6.328399991616607
931,scene0769_00,anms_4d,44,27,0.6136363636363636,0.022727272727272728,0.045454545454545456,7.80880446459132,5.981168599000211,7.80880446459132,0.5462999688461423,7.218900020234287
932,scene0769_00,grid_round_robin,86,37,0.43023255813953487,0.3372093023255814,0.6511627906976745,1.4459565630605495,16.9496130104932,16.9496130104932,0.18610002007335424,17.61340000666678
932,scene0769_00,anms_4d,86,33,0.38372093023255816,0.313953488372093,0.6046511627906976,3.0351212102029104,40.78470320367279,40.78470320367279,1.0506000253371894,18.483699997887015
933,scene0769_00,grid_round_robin,63,24,0.38095238095238093,0.09523809523809523,0.20634920634920634,2.9513923586140622,5.752560336737704,5.752560336737704,0.17559999832883477,15.949800028465688
933,scene0769_00,anms_4d,63,24,0.38095238095238093,0.09523809523809523,0.20634920634920634,21.387643454424953,32.593287839266274,32.593287839266274,0.7690000347793102,15.471299993805587
934,scene0769_00,grid_round_robin,66,30,0.45454545454545453,0.030303030303030304,0.10606060606060606,4.5797163814715365,4.227921743264589,4.5797163814715365,0.19859999883919954,16.108600015286356
934,scene0769_00,anms_4d,66,24,0.36363636363636365,0.030303030303030304,0.12121212121212122,5.320465401575794,3.9130744093366325,5.320465401575794,0.7934000459499657,15.91829996323213
935,scene0769_00,grid_round_robin,183,73,0.3989071038251366,0.13114754098360656,0.33879781420765026,2.8218686035373994,7.895108041685723,7.895108041685723,0.27930003125220537,20.41530003771186
935,scene0769_00,anms_4d,183,73,0.3989071038251366,0.1366120218579235,0.33879781420765026,1.5887130136434005,4.6485459439036845,4.6485459439036845,3.058500005863607,21.064999978989363
936,scene0769_00,grid_round_robin,134,52,0.3880597014925373,0.1417910447761194,0.34328358208955223,1.5882623390478041,6.783732986523869,6.783732986523869,0.2677000011317432,19.1810000105761
936,scene0769_00,anms_4d,134,49,0.3656716417910448,0.13432835820895522,0.3283582089552239,3.9960900676270454,1.2989482840296946,3.9960900676270454,1.6218999517150223,18.605099990963936
937,scene0769_00,grid_round_robin,209,89,0.4258373205741627,0.07655502392344497,0.20574162679425836,1.662036582484852,2.9733952668706496,2.9733952668706496,0.30559999868273735,23.58440001262352
937,scene0769_00,anms_4d,209,87,0.41626794258373206,0.07655502392344497,0.215311004784689,1.662365526595536,2.9481562758398847,2.9481562758398847,2.657500037457794,24.79739999398589
938,scene0769_00,grid_round_robin,46,29,0.6304347826086957,0.0,0.0,3.288871158892921,41.739886876037275,41.739886876037275,0.20079995738342404,5.807399982586503
938,scene0769_00,anms_4d,46,31,0.6739130434782609,0.0,0.0,3.2379582991807223,41.47956917441165,41.47956917441165,0.5902999546378851,5.525599990505725
939,scene0769_00,grid_round_robin,286,146,0.5104895104895105,0.26223776223776224,0.6328671328671329,1.1978961906043055,4.0270708062624,4.0270708062624,0.41360000614076853,31.361399975139648
939,scene0769_00,anms_4d,286,143,0.5,0.26223776223776224,0.6083916083916084,1.1675274222913912,4.287331576020146,4.287331576020146,3.8354999851435423,32.439200032968074
940,scene0769_00,grid_round_robin,72,43,0.5972222222222222,0.1111111111111111,0.5138888888888888,1.181378831438415,8.982460215758826,8.982460215758826,0.2031000331044197,8.604000031482428
940,scene0769_00,anms_4d,72,40,0.5555555555555556,0.125,0.5416666666666666,1.0809478171961797,9.713612840140632,9.713612840140632,0.8431000169366598,12.542399985250086
941,scene0769_00,grid_round_robin,262,152,0.5801526717557252,0.46946564885496184,0.8893129770992366,1.4337139669476975,14.729838252819551,14.729838252819551,0.3176999744027853,19.136900024022907
941,scene0769_00,anms_4d,262,149,0.5687022900763359,0.4541984732824427,0.8740458015267175,1.457472172084115,15.141174892209051,15.141174892209051,4.003500042017549,22.956600005272776
942,scene0769_00,grid_round_robin,230,115,0.5,0.08695652173913043,0.20434782608695654,1.5501762849870395,8.468461458325496,8.468461458325496,0.28360000578686595,28.238400002010167
942,scene0769_00,anms_4d,230,113,0.49130434782608695,0.0782608695652174,0.18695652173913044,1.6700894242639335,8.599921243532119,8.599921243532119,2.972799993585795,28.33259996259585
943,scene0769_00,grid_round_robin,206,79,0.38349514563106796,0.07281553398058252,0.19902912621359223,1.4687909930415481,3.3283169602075153,3.3283169602075153,0.25460001779720187,21.36329998029396
943,scene0769_00,anms_4d,206,75,0.3640776699029126,0.06796116504854369,0.1941747572815534,1.4394228100684434,3.439875787830789,3.439875787830789,2.615200006403029,22.320899995975196
944,scene0769_00,grid_round_robin,250,81,0.324,0.104,0.284,0.8289574780653662,6.469516786516108,6.469516786516108,0.43260003440082073,23.645500012207776
944,scene0769_00,anms_4d,250,74,0.296,0.096,0.272,1.0414037868611856,5.309968573706475,5.309968573706475,3.2986000296659768,24.283099977765232
945,scene0770_00,grid_round_robin,242,64,0.2644628099173554,0.16942148760330578,0.4132231404958678,0.8425134464015762,9.284451046482223,9.284451046482223,0.7344000041484833,21.401399979367852
945,scene0770_00,anms_4d,242,57,0.23553719008264462,0.15702479338842976,0.4132231404958678,0.7622362377921014,4.436919073675143,4.436919073675143,3.287699946667999,20.088699995540082
946,scene0770_00,grid_round_robin,105,43,0.4095238095238095,0.05714285714285714,0.3047619047619048,0.6750493259448419,1.083449756936767,1.083449756936767,0.208500016015023,17.00749999145046
946,scene0770_00,anms_4d,105,44,0.41904761904761906,0.05714285714285714,0.3142857142857143,0.6942946337512143,1.1049933329308403,1.1049933329308403,1.2990999966859818,16.64730004267767
947,scene0770_00,grid_round_robin,158,48,0.3037974683544304,0.0379746835443038,0.1962025316455696,0.777129266623529,1.0332471023562644,1.0332471023562644,0.2799999783746898,19.441300013568252
947,scene0770_00,anms_4d,158,49,0.310126582278481,0.04430379746835443,0.1962025316455696,0.39447989075677187,1.5749146120973192,1.5749146120973192,1.9367000204510987,19.867499999236315
948,scene0770_00,grid_round_robin,141,57,0.40425531914893614,0.14893617021276595,0.375886524822695,0.9291558872797462,0.4668981409684435,0.9291558872797462,0.21929998183622956,18.63720000255853
948,scene0770_00,anms_4d,141,58,0.41134751773049644,0.14893617021276595,0.375886524822695,0.8919705760508706,0.1521905969816729,0.8919705760508706,1.7038999940268695,18.62839999375865
949,scene0770_00,grid_round_robin,52,18,0.34615384615384615,0.0,0.057692307692307696,2.5359445583462623,1.3991819372135779,2.5359445583462623,0.16960001084953547,20.608499995432794
949,scene0770_00,anms_4d,52,19,0.36538461538461536,0.0,0.07692307692307693,4.049971422095284,1.3966139433948443,4.049971422095284,0.6517000147141516,14.354200044181198
950,scene0770_00,grid_round_robin,312,127,0.40705128205128205,0.016025641025641024,0.041666666666666664,2.4717497456897366,6.488843631368641,6.488843631368641,0.3157000173814595,35.90560000156984
950,scene0770_00,anms_4d,312,126,0.40384615384615385,0.016025641025641024,0.041666666666666664,2.462118485454632,6.584755406423044,6.584755406423044,4.485499986913055,34.61929998593405
951,scene0770_00,grid_round_robin,141,76,0.5390070921985816,0.04964539007092199,0.1702127659574468,6.615398211511215,2.9365906606241414,6.615398211511215,0.22660003742203116,17.115199996624142
951,scene0770_00,anms_4d,141,73,0.5177304964539007,0.04964539007092199,0.1702127659574468,6.689048390398475,2.7830981571740168,6.689048390398475,1.8427000031806529,18.73769995290786
952,scene0770_00,grid_round_robin,211,98,0.46445497630331756,0.14218009478672985,0.41232227488151657,1.1170423560240748,1.8960103160231798,1.8960103160231798,0.48160000005736947,23.132899950724095
952,scene0770_00,anms_4d,211,98,0.46445497630331756,0.13744075829383887,0.4075829383886256,1.1342222108117346,1.7412921438991151,1.7412921438991151,2.929199952632189,21.380099991802126
953,scene0770_00,grid_round_robin,319,165,0.5172413793103449,0.07836990595611286,0.30094043887147337,1.1445147682444752,2.6954139548364924,2.6954139548364924,0.3266999847255647,30.27240000665188
953,scene0770_00,anms_4d,319,157,0.49216300940438873,0.08463949843260188,0.3103448275862069,1.1448492446999123,2.6804800105897826,2.6804800105897826,4.404000006616116,32.77290001278743
954,scene0770_00,grid_round_robin,70,29,0.4142857142857143,0.08571428571428572,0.18571428571428572,4.388107360975095,0.3506784501130371,4.388107360975095,0.18900004215538502,16.685399983543903
954,scene0770_00,anms_4d,70,29,0.4142857142857143,0.08571428571428572,0.18571428571428572,4.9568052484726755,0.28363958946186296,4.9568052484726755,0.8334999438375235,15.041700040455908
955,scene0770_00,grid_round_robin,289,99,0.34256055363321797,0.0034602076124567475,0.03460207612456748,0.4105611649444321,1.799465474702562,1.799465474702562,0.3056999994441867,22.724199981894344
955,scene0770_00,anms_4d,289,95,0.328719723183391,0.0034602076124567475,0.03460207612456748,0.6101506676957626,1.7505595570034695,1.7505595570034695,3.8853000150993466,22.7856999845244
956,scene0770_00,grid_round_robin,251,128,0.5099601593625498,0.27091633466135456,0.6573705179282868,1.0771844613541381,0.627055953480124,1.0771844613541381,0.3288000007160008,27.44209999218583
956,scene0770_00,anms_4d,251,122,0.4860557768924303,0.26294820717131473,0.6573705179282868,1.0034797049269433,0.5193412749653902,1.0034797049269433,3.33510001655668,27.715799980796874
957,scene0770_00,grid_round_robin,342,182,0.5321637426900585,0.19298245614035087,0.49122807017543857,1.2906672098452816,5.357938062608593,5.357938062608593,0.334500044118613,26.857900025788695
957,scene0770_00,anms_4d,342,178,0.52046783625731,0.2046783625730994,0.5029239766081871,1.244000395552575,5.288520298496111,5.288520298496111,5.051699990872294,26.03319997433573
958,scene0770_00,grid_round_robin,264,138,0.5227272727272727,0.05303030303030303,0.20833333333333334,0.8705771028217514,0.26634714471194737,0.8705771028217514,0.360800011549145,21.498799964319915
958,scene0770_00,anms_4d,264,132,0.5,0.056818181818181816,0.21212121212121213,0.9149190332049232,0.3576902394770343,0.9149190332049232,3.6260999622754753,22.81220001168549
959,scene0770_00,grid_round_robin,491,312,0.6354378818737271,0.2953156822810591,0.7535641547861507,0.540568812011467,1.9528545609639225,1.9528545609639225,0.45629998203366995,15.170799975749105
959,scene0770_00,anms_4d,491,305,0.6211812627291242,0.29938900203665986,0.7494908350305499,0.5194575296914548,1.9430282247301347,1.9430282247301347,7.72059999871999,28.70319999055937
960,scene0771_00,grid_round_robin,176,81,0.4602272727272727,0.125,0.3465909090909091,1.6747008563207595,1.9704769382006548,1.9704769382006548,0.2834000042639673,26.9308999995701
960,scene0771_00,anms_4d,176,82,0.4659090909090909,0.11363636363636363,0.3409090909090909,7.209795013654131,16.633966478929022,16.633966478929022,2.3840999929234385,29.510099964682013
961,scene0771_00,grid_round_robin,60,24,0.4,0.1,0.4,4.8162348796268795,8.356446228641113,8.356446228641113,0.17899996601045132,21.227399993222207
961,scene0771_00,anms_4d,60,24,0.4,0.1,0.38333333333333336,2.0898013190529423,3.0191070965156315,3.0191070965156315,1.006699982099235,15.877099998760968
962,scene0771_00,grid_round_robin,108,27,0.25,0.12037037037037036,0.35185185185185186,2.313480311961937,7.40856093733076,7.40856093733076,0.20110001787543297,17.784799973014742
962,scene0771_00,anms_4d,108,32,0.2962962962962963,0.12962962962962962,0.3425925925925926,0.5847841241727787,2.002388847870862,2.002388847870862,1.3563999673351645,17.49470003414899
963,scene0771_00,grid_round_robin,4,0,0.0,0.0,0.0,inf,inf,inf,0.14020001981407404,0.01479999627918005
963,scene0771_00,anms_4d,4,0,0.0,0.0,0.0,inf,inf,inf,0.11169997742399573,0.008100003469735384
964,scene0771_00,grid_round_robin,72,26,0.3611111111111111,0.0,0.013888888888888888,3.9035737825770216,40.83251977291631,40.83251977291631,0.17260003369301558,16.172399977222085
964,scene0771_00,anms_4d,72,23,0.3194444444444444,0.0,0.013888888888888888,18.41906234889075,80.92102054312339,80.92102054312339,0.8706999942660332,15.674999973271042
965,scene0771_00,grid_round_robin,59,29,0.4915254237288136,0.06779661016949153,0.11864406779661017,13.290799535448416,7.488269514726533,13.290799535448416,0.2087999600917101,16.126500035170466
965,scene0771_00,anms_4d,59,26,0.4406779661016949,0.06779661016949153,0.13559322033898305,13.061722788327943,7.3779722348430266,13.061722788327943,0.7141000241972506,15.485100040677935
966,scene0771_00,grid_round_robin,55,35,0.6363636363636364,0.0,0.0,4.668837285680389,6.462927867446393,6.462927867446393,0.17799995839595795,6.340700027067214
966,scene0771_00,anms_4d,55,34,0.6181818181818182,0.0,0.0,4.27359678110002,6.420672591067395,6.420672591067395,0.6739000091329217,7.344099984038621
967,scene0771_00,grid_round_robin,137,42,0.30656934306569344,0.18248175182481752,0.45255474452554745,2.899496326029652,6.486732213016587,6.486732213016587,0.3505000495351851,17.59560004575178
967,scene0771_00,anms_4d,137,40,0.291970802919708,0.18248175182481752,0.45255474452554745,0.9221431454530383,2.108706819858947,2.108706819858947,1.642199989873916,16.88020001165569
968,scene0771_00,grid_round_robin,202,82,0.40594059405940597,0.039603960396039604,0.18316831683168316,0.7603051444763848,4.80300500567993,4.80300500567993,0.2514999941922724,26.404500007629395
968,scene0771_00,anms_4d,202,80,0.39603960396039606,0.04455445544554455,0.19306930693069307,0.7169433929488057,4.572517641229363,4.572517641229363,2.6049999869428575,24.195700010750443
969,scene0771_00,grid_round_robin,267,108,0.4044943820224719,0.31835205992509363,0.6853932584269663,6.62265666914362,22.020910149502242,22.020910149502242,0.2970999921672046,26.946800004225224
969,scene0771_00,anms_4d,267,100,0.37453183520599254,0.31086142322097376,0.6629213483146067,0.42746685295023923,2.993550232044388,2.993550232044388,4.206100013107061,26.622099976520985
970,scene0771_00,grid_round_robin,192,91,0.4739583333333333,0.15104166666666666,0.3645833333333333,1.554805530640287,25.223532188426887,25.223532188426887,0.2730999840423465,23.817499983124435
970,scene0771_00,anms_4d,192,90,0.46875,0.15104166666666666,0.375,1.6093120653936162,26.342301415961238,26.342301415961238,2.3310999968089163,23.573299986310303
971,scene0771_00,grid_round_robin,173,90,0.5202312138728323,0.10404624277456648,0.41040462427745666,1.290807634492363,3.6581427604314647,3.6581427604314647,0.4696999676525593,22.90240000002086
971,scene0771_00,anms_4d,173,88,0.5086705202312138,0.10404624277456648,0.4161849710982659,1.21174779354395,3.3581985908711913,3.3581985908711913,2.153499983251095,23.128599976189435
972,scene0771_00,grid_round_robin,105,50,0.47619047619047616,0.0,0.0,18.531380828106627,18.486661423726467,18.531380828106627,0.20640000002458692,18.857099988963455
972,scene0771_00,anms_4d,105,49,0.4666666666666667,0.0,0.0,2.7089579806077175,0.36214907139380514,2.7089579806077175,1.2727999710477889,19.483699987176806
973,scene0771_00,grid_round_robin,79,30,0.379746835443038,0.0,0.0,8.938986881067951,14.750509047867212,14.750509047867212,0.19379996228963137,17.12870004121214
973,scene0771_00,anms_4d,79,26,0.3291139240506329,0.0,0.0,5.060381517779934,8.378483169391307,8.378483169391307,0.9411000064574182,16.864800010807812
974,scene0771_00,grid_round_robin,238,100,0.42016806722689076,0.15126050420168066,0.42857142857142855,1.0232549359461545,3.961584664548581,3.961584664548581,0.27080002473667264,31.56540001509711
974,scene0771_00,anms_4d,238,101,0.42436974789915966,0.14705882352941177,0.4369747899159664,1.6140974251873337,9.183462448268036,9.183462448268036,3.3900999696925282,31.290500017348677
975,scene0772_00,grid_round_robin,45,20,0.4444444444444444,0.044444444444444446,0.24444444444444444,6.702216412502622,56.76086824396962,56.76086824396962,0.16799999866634607,16.341399983502924
975,scene0772_00,anms_4d,45,19,0.4222222222222222,0.044444444444444446,0.24444444444444444,16.376753059130987,12.33133833747679,16.376753059130987,0.5537000251933932,16.891299979761243
976,scene0772_00,grid_round_robin,173,66,0.3815028901734104,0.08670520231213873,0.23121387283236994,3.5272476821748553,15.109014407108642,15.109014407108642,0.22610003361478448,26.244099950417876
976,scene0772_00,anms_4d,173,65,0.37572254335260113,0.09248554913294797,0.24277456647398843,6.402630100455422,21.245925713109365,21.245925713109365,2.1374999778345227,24.118600005749613
977,scene0772_00,grid_round_robin,317,191,0.6025236593059937,0.14826498422712933,0.416403785488959,0.5091834693374326,11.039762157354001,11.039762157354001,0.3341999836266041,22.753400029614568
977,scene0772_00,anms_4d,317,189,0.5962145110410094,0.1640378548895899,0.4479495268138801,0.5691648810433335,13.483013719693972,13.483013719693972,4.4769999803975224,21.507799974642694
978,scene0772_00,grid_round_robin,377,168,0.44562334217506633,0.14588859416445624,0.41909814323607425,0.8987836664668515,4.72783966895881,4.72783966895881,0.3420999855734408,35.52340000169352
978,scene0772_00,anms_4d,377,160,0.4244031830238727,0.14588859416445624,0.4323607427055703,0.9071101986742933,4.759733145699537,4.759733145699537,5.804699962027371,42.05069999443367
979,scene0772_00,grid_round_robin,282,90,0.3191489361702128,0.07092198581560284,0.3191489361702128,0.8972829332991538,1.2714858187125693,1.2714858187125693,0.3019000287167728,27.240100025665015
979,scene0772_00,anms_4d,282,89,0.31560283687943264,0.06028368794326241,0.3120567375886525,1.1313726096263528,0.8890314068689356,1.1313726096263528,3.9159999578259885,25.354500045068562
980,scene0772_00,grid_round_robin,397,144,0.36272040302267,0.2795969773299748,0.7531486146095718,1.0385983770188418,7.989596700923136,7.989596700923136,0.3606000100262463,32.025500026065856
980,scene0772_00,anms_4d,397,135,0.34005037783375314,0.27204030226700254,0.743073047858942,2.5027992593688326,9.413863327344101,9.413863327344101,5.721000023186207,30.05750000011176
981,scene0772_00,grid_round_robin,177,73,0.4124293785310734,0.3615819209039548,0.7231638418079096,3.3470937479721026,1.267023307044387,3.3470937479721026,0.48719998449087143,18.9628999796696
981,scene0772_00,anms_4d,177,71,0.4011299435028249,0.3672316384180791,0.7062146892655368,1.3308363088080923,1.352692258389292,1.352692258389292,2.2108000121079385,18.51560000795871
982,scene0772_00,grid_round_robin,145,46,0.31724137931034485,0.027586206896551724,0.0896551724137931,11.89497364898735,31.630913168838564,31.630913168838564,0.23589999182149768,28.617399977520108
982,scene0772_00,anms_4d,145,52,0.3586206896551724,0.020689655172413793,0.0896551724137931,14.274384194529121,30.40598185683508,30.40598185683508,4.195399989839643,18.88170000165701
983,scene0772_00,grid_round_robin,370,179,0.4837837837837838,0.28378378378378377,0.7621621621621621,0.4663396470437468,3.2719280397314305,3.2719280397314305,0.39330002618953586,34.02199997799471
983,scene0772_00,anms_4d,370,172,0.4648648648648649,0.2648648648648649,0.7378378378378379,0.5338102697491595,3.920934890395231,3.920934890395231,5.274099996313453,32.97510003903881
984,scene0772_00,grid_round_robin,43,14,0.32558139534883723,0.09302325581395349,0.2558139534883721,31.94531645554759,18.377234965677747,31.94531645554759,0.17590000061318278,15.395700000226498
984,scene0772_00,anms_4d,43,15,0.3488372093023256,0.09302325581395349,0.27906976744186046,32.259012254898785,12.70154943544572,32.259012254898785,0.5313000292517245,15.917899960186332
985,scene0772_00,grid_round_robin,46,19,0.41304347826086957,0.043478260869565216,0.391304347826087,21.52940927955371,84.27288976122773,84.27288976122773,0.17110002227127552,18.043999967630953
985,scene0772_00,anms_4d,46,18,0.391304347826087,0.043478260869565216,0.41304347826086957,97.15007761230714,50.98664387073532,97.15007761230714,0.5664000054821372,16.952999983914196
986,scene0772_00,grid_round_robin,45,18,0.4,0.022222222222222223,0.15555555555555556,15.619206051497885,41.76229903665022,41.76229903665022,0.1626000157557428,16.15999999921769
986,scene0772_00,anms_4d,45,16,0.35555555555555557,0.022222222222222223,0.15555555555555556,14.886383862023738,38.62547227875152,38.62547227875152,0.5506000015884638,15.632099995855242
987,scene0772_00,grid_round_robin,71,32,0.4507042253521127,0.028169014084507043,0.39436619718309857,4.333754177605939,74.97071560942103,74.97071560942103,0.19829999655485153,19.203600008040667
987,scene0772_00,anms_4d,71,29,0.4084507042253521,0.028169014084507043,0.39436619718309857,4.3485491235864435,74.42399704673079,74.42399704673079,0.8472000481560826,17.631999973673373
988,scene0772_00,grid_round_robin,107,50,0.4672897196261682,0.06542056074766354,0.37383177570093457,8.599554274495738,38.22628655169559,38.22628655169559,0.2142000012099743,21.144300000742078
988,scene0772_00,anms_4d,107,47,0.4392523364485981,0.056074766355140186,0.37383177570093457,5.403127305910102,21.4301338794291,21.4301338794291,1.2895999825559556,23.75320001738146
989,scene0772_00,grid_round_robin,276,150,0.5434782608695652,0.14855072463768115,0.45652173913043476,1.8144926667551262,12.981580553671646,12.981580553671646,0.3212000010535121,22.499099955894053
989,scene0772_00,anms_4d,276,158,0.572463768115942,0.14492753623188406,0.4673913043478261,1.1974501598156406,11.454246720885061,11.454246720885061,3.9130999939516187,18.567099992651492
990,scene0773_00,grid_round_robin,191,91,0.47643979057591623,0.05759162303664921,0.25654450261780104,1.2719846807505524,0.7151179319847684,1.2719846807505524,0.24090002989396453,24.281599966343492
990,scene0773_00,anms_4d,191,85,0.44502617801047123,0.05759162303664921,0.2617801047120419,0.7949433866578861,0.3164654323679074,0.7949433866578861,3.1588999554514885,23.636500001884997
991,scene0773_00,grid_round_robin,110,58,0.5272727272727272,0.2818181818181818,0.5636363636363636,1.3698599594970935,8.197344737111033,8.197344737111033,0.23929995950311422,17.68869999796152
991,scene0773_00,anms_4d,110,53,0.4818181818181818,0.2727272727272727,0.5636363636363636,2.005039678022934,10.975612286000207,10.975612286000207,1.3209999888204038,24.4745000381954
992,scene0773_00,grid_round_robin,306,159,0.5196078431372549,0.2222222222222222,0.5,1.012892091058915,4.723881271729603,4.723881271729603,0.34899997990578413,31.721499981358647
992,scene0773_00,anms_4d,306,156,0.5098039215686274,0.21568627450980393,0.5065359477124183,1.0462297198558146,5.130003747947267,5.130003747947267,4.6184000093489885,34.664500039070845
993,scene0773_00,grid_round_robin,298,162,0.5436241610738255,0.17114093959731544,0.5805369127516778,1.4802779623652786,0.8625354406602075,1.4802779623652786,0.3420999855734408,25.321699969936162
993,scene0773_00,anms_4d,298,160,0.5369127516778524,0.17785234899328858,0.5771812080536913,1.4945946616953474,0.9433261541092499,1.4945946616953474,4.048900038469583,24.26699997158721
994,scene0773_00,grid_round_robin,200,89,0.445,0.065,0.32,0.8912356755493338,0.772739599040847,0.8912356755493338,0.28659997042268515,20.606699981726706
994,scene0773_00,anms_4d,200,88,0.44,0.075,0.315,1.5906920464535266,1.3362983721496369,1.5906920464535266,2.6415999745950103,21.599400031846017
995,scene0773_00,grid_round_robin,141,64,0.45390070921985815,0.09929078014184398,0.3191489361702128,2.474219181266454,2.412758481317696,2.474219181266454,0.2652999828569591,19.27280001109466
995,scene0773_00,anms_4d,141,58,0.41134751773049644,0.09929078014184398,0.3120567375886525,1.973357419403024,2.25095465274726,2.25095465274726,1.8121000030077994,18.86980002745986
996,scene0773_00,grid_round_robin,265,152,0.5735849056603773,0.15849056603773584,0.35094339622641507,1.3729534395211318,7.770620050913481,7.770620050913481,0.28709997422993183,18.33769999211654
996,scene0773_00,anms_4d,265,149,0.5622641509433962,0.16981132075471697,0.3584905660377358,1.3455256116526115,8.051479410920134,8.051479410920134,3.484099986962974,17.549199983477592
997,scene0773_00,grid_round_robin,90,37,0.4111111111111111,0.2111111111111111,0.5222222222222223,32.66170897933142,45.75012277228845,45.75012277228845,0.21570001263171434,18.009699997492135
997,scene0773_00,anms_4d,90,33,0.36666666666666664,0.2222222222222222,0.5333333333333333,51.96578655195619,16.304238748561517,51.96578655195619,1.0543999960646033,17.79690000694245
998,scene0773_00,grid_round_robin,88,43,0.48863636363636365,0.25,0.7045454545454546,2.846261616010666,3.043556878024563,3.043556878024563,0.22310001077130437,17.99819996813312
998,scene0773_00,anms_4d,88,42,0.4772727272727273,0.26136363636363635,0.6931818181818182,2.8192883271343105,3.0323781316417953,3.0323781316417953,1.0214000358246267,17.96709996415302
999,scene0773_00,grid_round_robin,100,47,0.47,0.16,0.58,12.034776003121113,33.10869813368917,33.10869813368917,0.2057999954558909,19.256700004916638
999,scene0773_00,anms_4d,100,41,0.41,0.16,0.59,9.265255238103018,25.10667817380021,25.10667817380021,1.3216999941505492,19.451100029982626
1000,scene0773_00,grid_round_robin,90,39,0.43333333333333335,0.18888888888888888,0.7333333333333333,4.08120325644817,5.695997107223402,5.695997107223402,0.2096000243909657,18.824200029484928
1000,scene0773_00,anms_4d,90,40,0.4444444444444444,0.17777777777777778,0.7222222222222222,6.78364968140732,9.302175254939495,9.302175254939495,1.0522999800741673,18.732400028966367
1001,scene0773_00,grid_round_robin,28,16,0.5714285714285714,0.03571428571428571,0.03571428571428571,49.350834414550654,71.39688861007649,71.39688861007649,0.15520001761615276,9.250900009647012
1001,scene0773_00,anms_4d,28,15,0.5357142857142857,0.03571428571428571,0.03571428571428571,2.235804609227477,31.582132185278688,31.582132185278688,0.4027000395581126,12.687500042375177
1002,scene0773_00,grid_round_robin,180,71,0.39444444444444443,0.21666666666666667,0.5611111111111111,1.6659612756134168,2.9016737347526096,2.9016737347526096,0.2604000037536025,21.56210003886372
1002,scene0773_00,anms_4d,180,63,0.35,0.2111111111111111,0.55,1.8144041865021752,6.915109378965126,6.915109378965126,3.430499986279756,22.287100029643625
1003,scene0773_00,grid_round_robin,153,48,0.3137254901960784,0.1111111111111111,0.3660130718954248,19.974411217378837,77.20076873618434,77.20076873618434,0.2449000021442771,19.991499953903258
1003,scene0773_00,anms_4d,153,47,0.30718954248366015,0.11764705882352941,0.35947712418300654,3.221470040189579,7.484117512648112,7.484117512648112,1.8792999908328056,20.779900019988418
1004,scene0773_00,grid_round_robin,356,171,0.4803370786516854,0.1544943820224719,0.4859550561797753,1.973651475048942,11.593973527325813,11.593973527325813,0.3301000106148422,44.727500004228204
1004,scene0773_00,anms_4d,356,156,0.43820224719101125,0.14887640449438203,0.47191011235955055,2.2262742069264094,12.84583548032843,12.84583548032843,5.3186999866738915,36.13760002190247
1005,scene0774_00,grid_round_robin,13,9,0.6923076923076923,0.0,0.0,160.08588819572475,49.58493295026559,160.08588819572475,0.14720001490786672,5.03000000026077
1005,scene0774_00,anms_4d,13,9,0.6923076923076923,0.0,0.0,160.08588819572353,49.58493295026637,160.08588819572353,0.23049995070323348,2.814200008288026
1006,scene0774_00,grid_round_robin,294,110,0.3741496598639456,0.21428571428571427,0.7006802721088435,0.6474849266074292,4.049141761201699,4.049141761201699,0.3334999782964587,31.322100025136024
1006,scene0774_00,anms_4d,294,110,0.3741496598639456,0.22448979591836735,0.6904761904761905,0.3127355422533454,2.4702227733478193,2.4702227733478193,3.9804999832995236,30.188900011125952
1007,scene0774_00,grid_round_robin,224,70,0.3125,0.008928571428571428,0.026785714285714284,1.7528063144794062,4.108414778732186,4.108414778732186,0.2744999947026372,20.95559996087104
1007,scene0774_00,anms_4d,224,67,0.29910714285714285,0.008928571428571428,0.022321428571428572,1.574352717141633,2.8270091950805805,2.8270091950805805,2.8866000357083976,19.99719999730587
1008,scene0774_00,grid_round_robin,465,228,0.49032258064516127,0.22365591397849463,0.6451612903225806,0.7881772365772742,0.5820987480010561,0.7881772365772742,0.42560003930702806,32.75210002902895
1008,scene0774_00,anms_4d,465,219,0.47096774193548385,0.23225806451612904,0.6430107526881721,1.0029820945774863,2.511927105473108,2.511927105473108,7.0436000241898,42.53879998577759
1009,scene0774_00,grid_round_robin,321,148,0.46105919003115264,0.27102803738317754,0.7071651090342679,0.5683986970701013,2.9420973186408466,2.9420973186408466,0.38079998921602964,29.223799996543676
1009,scene0774_00,anms_4d,321,144,0.4485981308411215,0.24299065420560748,0.6915887850467289,0.5056128572526855,2.53012334823727,2.53012334823727,4.395599942654371,27.610699995420873
1010,scene0774_00,grid_round_robin,265,75,0.2830188679245283,0.09811320754716982,0.49056603773584906,1.8595668246670631,5.470297403472185,5.470297403472185,0.3144000074826181,24.334499961696565
1010,scene0774_00,anms_4d,265,73,0.27547169811320754,0.1169811320754717,0.49433962264150944,0.7441837297019731,1.1941290851803827,1.1941290851803827,3.795499971602112,23.00630003446713
1011,scene0774_00,grid_round_robin,234,79,0.33760683760683763,0.10683760683760683,0.2948717948717949,1.0616031387818279,1.5144100896004598,1.5144100896004598,0.3177000326104462,22.414300008676946
1011,scene0774_00,anms_4d,234,64,0.27350427350427353,0.10683760683760683,0.2863247863247863,0.61643004880239,0.8162618871314731,0.8162618871314731,3.0180999892763793,22.204399982001632
1012,scene0774_00,grid_round_robin,68,21,0.3088235294117647,0.014705882352941176,0.029411764705882353,21.930152789302095,54.40320378724031,54.40320378724031,0.18769997404888272,15.976900001987815
1012,scene0774_00,anms_4d,68,20,0.29411764705882354,0.029411764705882353,0.058823529411764705,4.332557533204163,12.42445765085462,12.42445765085462,0.8012000471353531,16.775099968072027
1013,scene0774_00,grid_round_robin,305,151,0.49508196721311476,0.2360655737704918,0.5737704918032787,1.4474580655648113,20.39113650194077,20.39113650194077,0.31999999191612005,33.51249999832362
1013,scene0774_00,anms_4d,305,152,0.49836065573770494,0.2262295081967213,0.5704918032786885,1.4529322578337782,20.44057571875225,20.44057571875225,4.260799963958561,32.027200039010495
1014,scene0774_00,grid_round_robin,266,132,0.49624060150375937,0.16917293233082706,0.41729323308270677,2.12835817012951,2.2036641438518756,2.2036641438518756,0.4233999643474817,31.291100021917373
1014,scene0774_00,anms_4d,266,119,0.4473684210526316,0.16917293233082706,0.41729323308270677,1.8186261587340675,2.488884179915684,2.488884179915684,3.5131999757140875,25.793700013309717
1015,scene0774_00,grid_round_robin,230,74,0.3217391304347826,0.034782608695652174,0.1,0.8479229541033723,1.433166502906201,1.433166502906201,0.3029999788850546,21.947300003375858
1015,scene0774_00,anms_4d,230,66,0.28695652173913044,0.034782608695652174,0.10434782608695652,1.4795529196659785,1.512953275857885,1.512953275857885,3.0543000320903957,22.025999962352216
1016,scene0774_00,grid_round_robin,92,24,0.2608695652173913,0.043478260869565216,0.16304347826086957,19.74448658880961,47.111906395412966,47.111906395412966,0.19150000298395753,18.243499973323196
1016,scene0774_00,anms_4d,92,26,0.2826086956521739,0.043478260869565216,0.14130434782608695,14.356419364074618,41.577895377069545,41.577895377069545,1.0677000391297042,17.37159996991977
1017,scene0774_00,grid_round_robin,142,55,0.3873239436619718,0.007042253521126761,0.028169014084507043,2.1164134704537063,2.832010931821663,2.832010931821663,0.2316000172868371,20.134499995037913
1017,scene0774_00,anms_4d,142,57,0.4014084507042254,0.007042253521126761,0.035211267605633804,1.77648964619829,3.738793054634695,3.738793054634695,4.551400023046881,23.943500011228025
1018,scene0774_00,grid_round_robin,209,99,0.47368421052631576,0.22488038277511962,0.5980861244019139,1.6973496946856315,5.307551975024235,5.307551975024235,0.28389994986355305,25.845800002571195
1018,scene0774_00,anms_4d,209,95,0.45454545454545453,0.22009569377990432,0.5933014354066986,2.160807381647809,6.957951204321937,6.957951204321937,3.20019997889176,24.24629998859018
1019,scene0774_00,grid_round_robin,546,283,0.5183150183150184,0.3772893772893773,0.8827838827838828,1.0283860218337753,34.381774344798515,34.381774344798515,0.4476999747566879,49.14499999722466
1019,scene0774_00,anms_4d,546,271,0.49633699633699635,0.3791208791208791,0.8681318681318682,0.983928410901885,33.85360656274653,33.85360656274653,8.97710002027452,62.40779999643564
1020,scene0775_00,grid_round_robin,338,155,0.45857988165680474,0.07396449704142012,0.3727810650887574,1.4554864087505033,2.5952124166840638,2.5952124166840638,0.3532999544404447,28.013100032694638
1020,scene0775_00,anms_4d,338,152,0.44970414201183434,0.08875739644970414,0.3757396449704142,0.696993855719003,0.8475092703941843,0.8475092703941843,4.897899983916432,28.273699979763478
1021,scene0775_00,grid_round_robin,357,184,0.5154061624649859,0.20448179271708683,0.5994397759103641,2.0382298824439458,3.630821544550961,3.630821544550961,0.37129997508600354,42.66989999450743
1021,scene0775_00,anms_4d,357,183,0.5126050420168067,0.20168067226890757,0.5910364145658263,1.34323739846269,1.4287135846481018,1.4287135846481018,4.981800040695816,29.831500025466084
1022,scene0775_00,grid_round_robin,254,84,0.33070866141732286,0.023622047244094488,0.11811023622047244,0.6677717061358763,6.659013927011125,6.659013927011125,0.2798999776132405,22.66730001429096
1022,scene0775_00,anms_4d,254,85,0.3346456692913386,0.027559055118110236,0.1141732283464567,0.3456380436290126,7.671827157020531,7.671827157020531,4.111200047191232,22.817200049757957
1023,scene0775_00,grid_round_robin,86,41,0.47674418604651164,0.11627906976744186,0.3953488372093023,1.2770314032338985,5.009876583748381,5.009876583748381,0.21229998674243689,17.928499961271882
1023,scene0775_00,anms_4d,86,38,0.4418604651162791,0.11627906976744186,0.4069767441860465,0.9462026885810141,3.809415685495403,3.809415685495403,1.0173000046052039,16.667000018060207
1024,scene0775_00,grid_round_robin,86,45,0.5232558139534884,0.0,0.0,2.7214111967574794,20.834012768265804,20.834012768265804,0.19789999350905418,16.437800019048154
1024,scene0775_00,anms_4d,86,39,0.45348837209302323,0.0,0.0,22.96176720659354,46.06386005779147,46.06386005779147,1.0400000028312206,21.194899978581816
1025,scene0775_00,grid_round_robin,79,45,0.569620253164557,0.34177215189873417,0.620253164556962,2.9772153112325555,7.235164627137374,7.235164627137374,0.18450000789016485,10.114200005773455
1025,scene0775_00,anms_4d,79,42,0.5316455696202531,0.3037974683544304,0.6075949367088608,2.653577178305333,6.589276797700307,6.589276797700307,0.9386999881826341,13.6826999951154
1026,scene0775_00,grid_round_robin,126,69,0.5476190476190477,0.2222222222222222,0.49206349206349204,1.591236675769324,7.065688346168172,7.065688346168172,0.21630001720041037,15.258600004017353
1026,scene0775_00,anms_4d,126,67,0.5317460317460317,0.21428571428571427,0.5,1.6000739833745155,7.576737653199488,7.576737653199488,1.518300035968423,17.661400022916496
1027,scene0775_00,grid_round_robin,72,33,0.4583333333333333,0.05555555555555555,0.19444444444444445,7.406559493198873,14.959789697483378,14.959789697483378,0.19720004638656974,18.222700047772378
1027,scene0775_00,anms_4d,72,27,0.375,0.041666666666666664,0.19444444444444445,52.49089064522748,56.55042599935644,56.55042599935644,1.0175000061281025,17.845499969553202
1028,scene0775_00,grid_round_robin,142,63,0.44366197183098594,0.11267605633802817,0.4647887323943662,2.4685130475541137,10.279234465760661,10.279234465760661,0.2348999842070043,21.97349997004494
1028,scene0775_00,anms_4d,142,64,0.4507042253521127,0.1056338028169014,0.4507042253521127,0.9485014334805786,1.7926049514319173,1.7926049514319173,1.9616000354290009,21.712199959438294
1029,scene0775_00,grid_round_robin,184,92,0.5,0.02717391304347826,0.059782608695652176,1.225387178160846,6.947851122823146,6.947851122823146,0.2400000230409205,26.21859998907894
1029,scene0775_00,anms_4d,184,95,0.5163043478260869,0.03260869565217391,0.06521739130434782,1.5755101928835429,7.355106173995065,7.355106173995065,2.2923999931663275,22.32470002491027
1030,scene0775_00,grid_round_robin,294,124,0.4217687074829932,0.05782312925170068,0.24829931972789115,5.498877960078929,60.81683366564525,60.81683366564525,0.3971999976783991,39.62589998263866
1030,scene0775_00,anms_4d,294,120,0.40816326530612246,0.06462585034013606,0.25170068027210885,5.324413236567618,59.655881755440845,59.655881755440845,3.9194999844767153,29.21860001515597
1031,scene0775_00,grid_round_robin,214,115,0.5373831775700935,0.02336448598130841,0.06542056074766354,1.426363010803561,6.1996571412094985,6.1996571412094985,0.2563000307418406,20.5510999658145
1031,scene0775_00,anms_4d,214,113,0.5280373831775701,0.02336448598130841,0.07009345794392523,1.1932805905002226,4.975403162382252,4.975403162382252,2.7194999856874347,22.37530000275001
1032,scene0775_00,grid_round_robin,20,14,0.7,0.05,0.2,1.6877467010124634,0.8803434466355345,1.6877467010124634,0.1564000267535448,3.519799967762083
1032,scene0775_00,anms_4d,20,13,0.65,0.05,0.2,5.265156391855751,2.7984832481241555,5.265156391855751,0.3024000325240195,4.653899988625199
1033,scene0775_00,grid_round_robin,125,63,0.504,0.008,0.104,0.897194580100487,3.334341069494747,3.334341069494747,0.22719998378306627,22.59459998458624
1033,scene0775_00,anms_4d,125,65,0.52,0.008,0.088,1.0461680914980076,3.258297006456947,3.258297006456947,1.517699973192066,18.18950002780184
1034,scene0775_00,grid_round_robin,253,116,0.45849802371541504,0.2015810276679842,0.5296442687747036,2.2401245854441147,25.77743558053734,25.77743558053734,0.2946000313386321,28.358699986711144
1034,scene0775_00,anms_4d,253,117,0.4624505928853755,0.19367588932806323,0.5375494071146245,2.1955593256720656,25.405086825559533,25.405086825559533,3.734499972779304,26.571700000204146
1035,scene0776_00,grid_round_robin,258,128,0.49612403100775193,0.2751937984496124,0.6201550387596899,1.1710387083930667,17.903306916908264,17.903306916908264,0.2807999844662845,32.73770003579557
1035,scene0776_00,anms_4d,258,122,0.4728682170542636,0.26744186046511625,0.627906976744186,1.201343831602294,17.57138433855094,17.57138433855094,3.7699000095017254,29.813600005581975
1036,scene0776_00,grid_round_robin,368,138,0.375,0.2608695652173913,0.6304347826086957,0.5523572364780377,2.1397355712321118,2.1397355712321118,0.35720004234462976,31.655300001148134
1036,scene0776_00,anms_4d,368,145,0.39402173913043476,0.25815217391304346,0.6277173913043478,2.8533655435193577,6.618504731872506,6.618504731872506,5.3323000320233405,32.26209996500984
1037,scene0776_00,grid_round_robin,466,180,0.38626609442060084,0.27682403433476394,0.6824034334763949,3.8170425654947495,9.213789311299829,9.213789311299829,0.41799998143687844,38.69159996975213
1037,scene0776_00,anms_4d,466,173,0.37124463519313305,0.2553648068669528,0.6673819742489271,3.6508633521019225,9.053967089787417,9.053967089787417,7.250699971336871,33.935500017832965
1038,scene0776_00,grid_round_robin,473,273,0.5771670190274841,0.2029598308668076,0.6828752642706131,1.7396936109741044,18.93571822426981,18.93571822426981,0.44599996181204915,31.082900008186698
1038,scene0776_00,anms_4d,473,258,0.5454545454545454,0.20930232558139536,0.6828752642706131,1.740483296772819,18.91541503366792,18.91541503366792,7.103000010829419,35.43819999322295
1039,scene0776_00,grid_round_robin,194,80,0.41237113402061853,0.20618556701030927,0.6597938144329897,2.175300972689039,7.998444645890851,7.998444645890851,0.2590999938547611,23.278500011656433
1039,scene0776_00,anms_4d,194,79,0.4072164948453608,0.19072164948453607,0.6494845360824743,2.215113778654214,8.10809968999912,8.10809968999912,2.424700011033565,23.49649998359382
1040,scene0776_00,grid_round_robin,122,35,0.28688524590163933,0.04918032786885246,0.1721311475409836,3.396320375199402,10.440863943918611,10.440863943918611,0.22580003133043647,18.136599974241108
1040,scene0776_00,anms_4d,122,35,0.28688524590163933,0.05737704918032787,0.18032786885245902,1.8281840251333792,3.3857662548137837,3.3857662548137837,1.4432999887503684,17.121899989433587
1041,scene0776_00,grid_round_robin,168,54,0.32142857142857145,0.06547619047619048,0.23809523809523808,2.2669375514019166,9.024975219702045,9.024975219702045,0.23519998649135232,19.41940002143383
1041,scene0776_00,anms_4d,168,52,0.30952380952380953,0.05952380952380952,0.23214285714285715,1.9656105327639275,7.624493057801477,7.624493057801477,2.088200009893626,19.098299962934107
1042,scene0776_00,grid_round_robin,375,131,0.34933333333333333,0.216,0.5946666666666667,5.977266821830905,19.905411707725317,19.905411707725317,0.3535000141710043,31.7953999619931
1042,scene0776_00,anms_4d,375,134,0.35733333333333334,0.208,0.584,6.117305127041585,20.324031193940034,20.324031193940034,5.325799982529134,32.951399974990636
1043,scene0776_00,grid_round_robin,117,44,0.37606837606837606,0.0,0.02564102564102564,2.695136927181385,3.3627741414508896,3.3627741414508896,0.21580001339316368,19.641200022306293
1043,scene0776_00,anms_4d,117,43,0.36752136752136755,0.0,0.02564102564102564,2.7218521540547864,3.497113208800408,3.497113208800408,1.4977999962866306,20.298199960961938
1044,scene0776_00,grid_round_robin,164,87,0.5304878048780488,0.054878048780487805,0.34146341463414637,0.6251768089935035,0.6440042187267296,0.6440042187267296,0.23639999562874436,18.92879995284602
1044,scene0776_00,anms_4d,164,87,0.5304878048780488,0.06097560975609756,0.3597560975609756,0.41122594266049933,0.5753266712511395,0.5753266712511395,2.183100034017116,18.299999996088445
1045,scene0776_00,grid_round_robin,109,29,0.26605504587155965,0.027522935779816515,0.12844036697247707,4.071750621603825,7.57834472194106,7.57834472194106,0.28770003700628877,18.415900005493313
1045,scene0776_00,anms_4d,109,33,0.30275229357798167,0.01834862385321101,0.11009174311926606,72.98991543406547,66.88432833720472,72.98991543406547,1.2923000031150877,19.9012000230141
1046,scene0776_00,grid_round_robin,136,53,0.3897058823529412,0.022058823529411766,0.09558823529411764,4.280569148899455,5.613458665624415,5.613458665624415,0.22789998911321163,19.356800010427833
1046,scene0776_00,anms_4d,136,54,0.39705882352941174,0.03676470588235294,0.11764705882352941,4.76107695623596,4.311097452980582,4.76107695623596,1.6608999576419592,18.66830000653863
1047,scene0776_00,grid_round_robin,318,156,0.49056603773584906,0.0,0.0,1.9690060164682923,4.03236022692972,4.03236022692972,0.3646999830380082,33.59839995391667
1047,scene0776_00,anms_4d,318,158,0.4968553459119497,0.0,0.0,1.9072969605337042,4.411948627211271,4.411948627211271,5.406300013419241,32.00569999171421
1048,scene0776_00,grid_round_robin,128,65,0.5078125,0.1015625,0.4921875,3.406663638171833,1.3923076855689929,3.406663638171833,0.21760002709925175,18.995500053279102
1048,scene0776_00,anms_4d,128,67,0.5234375,0.109375,0.5,3.3310237177405977,1.2573515372482948,3.3310237177405977,1.500300015322864,16.415399964898825
1049,scene0776_00,grid_round_robin,66,27,0.4090909090909091,0.030303030303030304,0.07575757575757576,5.569036361296381,13.134127658791542,13.134127658791542,0.1957999775186181,16.532299981918186
1049,scene0776_00,anms_4d,66,27,0.4090909090909091,0.030303030303030304,0.07575757575757576,6.941142327327289,14.619916624283594,14.619916624283594,0.8874000050127506,16.667700023390353
1050,scene0777_00,grid_round_robin,282,87,0.30851063829787234,0.2375886524822695,0.6063829787234043,0.5637530295396965,1.7532941208215755,1.7532941208215755,0.3226000117138028,28.091999993193895
1050,scene0777_00,anms_4d,282,87,0.30851063829787234,0.2375886524822695,0.5957446808510638,0.5660172438059521,1.738043686115758,1.738043686115758,3.8047999842092395,27.429700014181435
1051,scene0777_00,grid_round_robin,142,58,0.4084507042253521,0.08450704225352113,0.2887323943661972,2.773991750199924,6.528012369906368,6.528012369906368,0.2528000040911138,20.486800000071526
1051,scene0777_00,anms_4d,142,54,0.38028169014084506,0.08450704225352113,0.28169014084507044,2.5330439417667816,6.139160905415435,6.139160905415435,1.7272999975830317,19.78969998890534
1052,scene0777_00,grid_round_robin,107,41,0.38317757009345793,0.06542056074766354,0.205607476635514,3.4395423237588796,4.8434975666773274,4.8434975666773274,0.20330003462731838,18.728399998508394
1052,scene0777_00,anms_4d,107,47,0.4392523364485981,0.06542056074766354,0.18691588785046728,3.1655475070448804,6.607174692786055,6.607174692786055,1.2764999992214143,18.977099971380085
1053,scene0777_00,grid_round_robin,230,102,0.4434782608695652,0.13043478260869565,0.4391304347826087,0.5074092303709763,3.937935853433628,3.937935853433628,0.2615000121295452,27.641299995593727
1053,scene0777_00,anms_4d,230,98,0.4260869565217391,0.12608695652173912,0.4260869565217391,0.6634052690619612,4.55021380739687,4.55021380739687,2.9630999779328704,27.07469998858869
1054,scene0777_00,grid_round_robin,2,0,0.0,0.0,0.0,inf,inf,inf,0.1477000187151134,0.015400000847876072
1054,scene0777_00,anms_4d,2,0,0.0,0.0,0.0,inf,inf,inf,0.08299999171867967,0.006799993570894003
1055,scene0777_00,grid_round_robin,150,43,0.2866666666666667,0.05333333333333334,0.22666666666666666,1.8511205354700808,5.347540057871642,5.347540057871642,0.21949998335912824,23.29370001098141
1055,scene0777_00,anms_4d,150,43,0.2866666666666667,0.04666666666666667,0.22,4.438170590010715,7.828485046706415,7.828485046706415,1.8451999640092254,19.791600003372878
1056,scene0777_00,grid_round_robin,94,23,0.24468085106382978,0.031914893617021274,0.0851063829787234,2.05183174842493,3.895795839024839,3.895795839024839,0.2038999809883535,16.935599967837334
1056,scene0777_00,anms_4d,94,24,0.2553191489361702,0.031914893617021274,0.1276595744680851,3.9798884372050725,4.95952270285936,4.95952270285936,1.1184000177308917,16.697300015948713
1057,scene0777_00,grid_round_robin,83,22,0.26506024096385544,0.0963855421686747,0.30120481927710846,8.258091180396448,16.056202109476917,16.056202109476917,0.19150000298395753,17.368500004522502
1057,scene0777_00,anms_4d,83,22,0.26506024096385544,0.10843373493975904,0.3132530120481928,8.731175381108839,17.159382112162817,17.159382112162817,0.9870000067166984,18.911799998022616
1058,scene0777_00,grid_round_robin,104,32,0.3076923076923077,0.11538461538461539,0.38461538461538464,8.562350637595712,39.610801540144024,39.610801540144024,0.25159999495372176,23.51319999434054
1058,scene0777_00,anms_4d,104,31,0.2980769230769231,0.11538461538461539,0.38461538461538464,8.318261055773693,4.363933684344229,8.318261055773693,1.2337000225670636,17.194599960930645
1059,scene0777_00,grid_round_robin,20,9,0.45,0.1,0.1,101.0960735985526,34.34290942151415,101.0960735985526,0.1748999929986894,13.481299974955618
1059,scene0777_00,anms_4d,20,8,0.4,0.1,0.1,72.04123426796369,87.1016413610504,87.1016413610504,0.31160004436969757,13.939099968411028
1060,scene0777_00,grid_round_robin,32,12,0.375,0.03125,0.03125,96.64995096606322,24.12884390217991,96.64995096606322,0.15390000771731138,14.679500018246472
1060,scene0777_00,anms_4d,32,11,0.34375,0.03125,0.03125,93.82849706935679,29.02453850741435,93.82849706935679,0.4209000035189092,14.270599989686161
1061,scene0777_00,grid_round_robin,90,50,0.5555555555555556,0.011111111111111112,0.12222222222222222,3.164480312041233,7.455371286574624,7.455371286574624,0.2655999851413071,13.143600022885948
1061,scene0777_00,anms_4d,90,51,0.5666666666666667,0.022222222222222223,0.13333333333333333,3.0600875566680563,9.933579892517823,9.933579892517823,1.1564000160433352,16.009500017389655
1062,scene0777_00,grid_round_robin,254,92,0.36220472440944884,0.10236220472440945,0.4094488188976378,1.709074648242179,11.524545830783206,11.524545830783206,0.2969999914057553,27.33110002009198
1062,scene0777_00,anms_4d,254,86,0.33858267716535434,0.11023622047244094,0.4015748031496063,1.6506959777197308,11.384132174743007,11.384132174743007,3.678999957628548,26.567200024146587
1063,scene0777_00,grid_round_robin,123,54,0.43902439024390244,0.24390243902439024,0.6016260162601627,1.3005738962495497,12.218816299405544,12.218816299405544,0.22380001610144973,23.791200015693903
1063,scene0777_00,anms_4d,123,50,0.4065040650406504,0.24390243902439024,0.5853658536585366,2.258655631009441,24.1689876571247,24.1689876571247,1.4959999825805426,20.17520001390949
1064,scene0777_00,grid_round_robin,12,7,0.5833333333333334,0.0,0.25,178.83470548170536,73.16970003830151,178.83470548170536,0.1659000408835709,7.207699993159622
1064,scene0777_00,anms_4d,12,8,0.6666666666666666,0.0,0.25,85.93542603893697,89.40187449163807,89.40187449163807,0.1933000166900456,4.6230999869294465
1065,scene0778_00,grid_round_robin,420,197,0.46904761904761905,0.29285714285714287,0.7166666666666667,1.044719939840901,0.5651951547090347,1.044719939840901,0.37840002914890647,33.081799978390336
1065,scene0778_00,anms_4d,420,190,0.4523809523809524,0.29523809523809524,0.7023809523809523,0.9945815008172856,0.608004858733386,0.9945815008172856,6.170700013171881,39.8875999962911
1066,scene0778_00,grid_round_robin,417,216,0.5179856115107914,0.27577937649880097,0.6810551558752997,1.1754739375659726,3.612456732177486,3.612456732177486,0.39679999463260174,31.720199971459806
1066,scene0778_00,anms_4d,417,208,0.4988009592326139,0.2709832134292566,0.6762589928057554,1.149163474638976,3.560154644425579,3.560154644425579,6.2179999658837914,33.92710001207888
1067,scene0778_00,grid_round_robin,308,107,0.3474025974025974,0.24025974025974026,0.5357142857142857,1.309519403768587,5.910658955182899,5.910658955182899,0.31730002956464887,29.50180001789704
1067,scene0778_00,anms_4d,308,102,0.33116883116883117,0.24025974025974026,0.5357142857142857,1.2933589558698948,5.738440266415308,5.738440266415308,4.27289999788627,26.840200007427484
1068,scene0778_00,grid_round_robin,459,259,0.5642701525054467,0.15250544662309368,0.5664488017429193,1.3606935607424855,9.36745383308119,9.36745383308119,0.4039999912492931,26.607299980241805
1068,scene0778_00,anms_4d,459,251,0.5468409586056645,0.1568627450980392,0.579520697167756,1.3286243990302868,9.106977200549803,9.106977200549803,6.769199972040951,32.09110000170767
1069,scene0778_00,grid_round_robin,572,335,0.5856643356643356,0.34965034965034963,0.8793706293706294,0.9205839116174139,6.969874108037706,6.969874108037706,0.45900000259280205,27.078699960839003
1069,scene0778_00,anms_4d,572,333,0.5821678321678322,0.3479020979020979,0.8776223776223776,0.8576137633103219,6.818170553318641,6.818170553318641,9.330800035968423,35.826100036501884
1070,scene0778_00,grid_round_robin,313,121,0.3865814696485623,0.17891373801916932,0.5782747603833865,0.9432061886992709,1.7902208894183778,1.7902208894183778,0.31289999606087804,27.55769999930635
1070,scene0778_00,anms_4d,313,122,0.38977635782747605,0.17891373801916932,0.5814696485623003,0.9116451920353186,0.8843879355301894,0.9116451920353186,4.385699983686209,27.58150000590831
1071,scene0778_00,grid_round_robin,524,315,0.601145038167939,0.4217557251908397,0.8683206106870229,0.4728778346113436,2.80176641850828,2.80176641850828,0.4301000153645873,28.80680002272129
1071,scene0778_00,anms_4d,524,307,0.5858778625954199,0.41412213740458015,0.8664122137404581,0.42375174336470844,3.8829425276336003,3.8829425276336003,8.287400007247925,32.86209999350831
1072,scene0778_00,grid_round_robin,413,244,0.5907990314769975,0.14043583535108958,0.35351089588377727,2.9983583738952624,33.47223619682025,33.47223619682025,0.41470001451671124,25.141799997072667
1072,scene0778_00,anms_4d,413,235,0.5690072639225182,0.13559322033898305,0.35108958837772397,3.005557677516147,33.68505591918244,33.68505591918244,5.950000020675361,24.080900009721518
1073,scene0778_00,grid_round_robin,512,344,0.671875,0.2265625,0.58203125,0.7924877164596698,13.02669053407803,13.02669053407803,0.436800008174032,19.68740002484992
1073,scene0778_00,anms_4d,512,334,0.65234375,0.21875,0.56640625,0.8301108023926431,13.419257335899635,13.419257335899635,8.422200044151396,29.065700015053153
1074,scene0778_00,grid_round_robin,534,315,0.5898876404494382,0.10299625468164794,0.32771535580524347,1.8706358890667698,44.75460254897348,44.75460254897348,0.4285000031813979,22.59020000929013
1074,scene0778_00,anms_4d,534,318,0.5955056179775281,0.10299625468164794,0.3408239700374532,1.8621652462088891,44.98109361874395,44.98109361874395,8.677399950101972,28.277300007175654
1075,scene0778_00,grid_round_robin,230,88,0.3826086956521739,0.10434782608695652,0.3,2.3247210879550555,5.512609065335458,5.512609065335458,0.27979997685179114,22.186599962878972
1075,scene0778_00,anms_4d,230,82,0.3565217391304348,0.12173913043478261,0.30434782608695654,0.9629437021065052,2.7647172743090778,2.7647172743090778,2.972699992824346,22.76319998782128
1076,scene0778_00,grid_round_robin,146,53,0.363013698630137,0.1506849315068493,0.5068493150684932,2.3956513350913275,0.8346164216357621,2.3956513350913275,0.2405999694019556,18.716600025072694
1076,scene0778_00,anms_4d,146,52,0.3561643835616438,0.1506849315068493,0.5,1.8789269740238856,0.5340877645298895,1.8789269740238856,1.777699973899871,19.648500019684434
1077,scene0778_00,grid_round_robin,343,197,0.5743440233236151,0.0641399416909621,0.2653061224489796,1.100471636245759,13.41848189148778,13.41848189148778,0.3624000237323344,22.37100002821535
1077,scene0778_00,anms_4d,343,190,0.5539358600583091,0.061224489795918366,0.26239067055393583,1.448419487122811,14.91695244337195,14.91695244337195,4.730600048787892,26.451500016264617
1078,scene0778_00,grid_round_robin,52,35,0.6730769230769231,0.0,0.0,2.294661792522443,73.3819003887898,73.3819003887898,0.17059996025636792,6.241500028409064
1078,scene0778_00,anms_4d,52,34,0.6538461538461539,0.0,0.0,9.874546790732683,31.56494015844415,31.56494015844415,0.7972000166773796,6.011200021021068
1079,scene0778_00,grid_round_robin,11,6,0.5454545454545454,0.0,0.0,139.05385917683694,67.31167139705181,139.05385917683694,0.14600000577047467,9.03169997036457
1079,scene0778_00,anms_4d,11,6,0.5454545454545454,0.0,0.0,139.05385917683694,67.31167139705182,139.05385917683694,0.17799995839595795,9.109999984502792
1080,scene0779_00,grid_round_robin,157,57,0.3630573248407643,0.18471337579617833,0.5095541401273885,2.0024115782170884,12.168928310304224,12.168928310304224,0.24620001204311848,22.55759999388829
1080,scene0779_00,anms_4d,157,57,0.3630573248407643,0.18471337579617833,0.5095541401273885,3.953490229642366,27.64513505933247,27.64513505933247,2.1974999690428376,22.413400001823902
1081,scene0779_00,grid_round_robin,283,111,0.392226148409894,0.2332155477031802,0.5830388692579506,1.833521279852543,7.510324990705847,7.510324990705847,0.2896999940276146,32.20859996508807
1081,scene0779_00,anms_4d,283,110,0.38869257950530034,0.24028268551236748,0.5901060070671378,2.137397345236237,8.648953645368923,8.648953645368923,3.8994000060483813,33.85340003296733
1082,scene0779_00,grid_round_robin,228,78,0.34210526315789475,0.22807017543859648,0.5921052631578947,0.44419098784235034,5.1896857848595275,5.1896857848595275,0.3070999518968165,24.61550000589341
1082,scene0779_00,anms_4d,228,73,0.3201754385964912,0.2324561403508772,0.5745614035087719,0.39939587549915945,5.239154993337904,5.239154993337904,3.0329999863170087,22.879399999510497
1083,scene0779_00,grid_round_robin,265,116,0.4377358490566038,0.2981132075471698,0.720754716981132,0.7781712337244236,5.280138218478766,5.280138218478766,0.28520001797005534,28.887399996165186
1083,scene0779_00,anms_4d,265,105,0.39622641509433965,0.28679245283018867,0.7245283018867924,1.6416257592928634,9.196468176741673,9.196468176741673,3.6442999844439328,26.98279998730868
1084,scene0779_00,grid_round_robin,224,85,0.3794642857142857,0.20089285714285715,0.5178571428571429,1.607492480561407,6.531348830787268,6.531348830787268,0.2630999661050737,27.669400034938008
1084,scene0779_00,anms_4d,224,89,0.39732142857142855,0.19642857142857142,0.5267857142857143,2.7665108723111675,7.903083081450633,7.903083081450633,2.8587999986484647,24.94410000508651
1085,scene0779_00,grid_round_robin,201,71,0.35323383084577115,0.24378109452736318,0.5671641791044776,2.4804204887648607,8.394060183892957,8.394060183892957,0.24969998048618436,24.393500003498048
1085,scene0779_00,anms_4d,201,71,0.35323383084577115,0.25870646766169153,0.582089552238806,4.0953050972788345,22.80239484752618,22.80239484752618,2.5470000109635293,24.325500009581447
1086,scene0779_00,grid_round_robin,124,52,0.41935483870967744,0.1935483870967742,0.5806451612903226,1.0845104692577083,2.4305018946852273,2.4305018946852273,0.2248000237159431,19.097000011242926
1086,scene0779_00,anms_4d,124,52,0.41935483870967744,0.1693548387096774,0.5645161290322581,1.6178117134178758,2.2567090815477853,2.2567090815477853,1.5205999952740967,18.87139998143539
1087,scene0779_00,grid_round_robin,144,39,0.2708333333333333,0.0,0.0,65.12320931735451,78.64761743079774,78.64761743079774,0.3583999932743609,20.030300016514957
1087,scene0779_00,anms_4d,144,41,0.2847222222222222,0.0,0.0,4.576845721741561,6.378560941993986,6.378560941993986,1.756999990902841,18.694300029892474
1088,scene0779_00,grid_round_robin,96,35,0.3645833333333333,0.0,0.020833333333333332,54.51106999402941,69.69068041430683,69.69068041430683,0.19610003801062703,17.415499954950064
1088,scene0779_00,anms_4d,96,37,0.3854166666666667,0.0,0.020833333333333332,59.39415410384373,58.921590511790384,59.39415410384373,1.2795000220648944,18.23569997213781
1089,scene0779_00,grid_round_robin,165,51,0.3090909090909091,0.08484848484848485,0.28484848484848485,8.154009805845549,33.60541838231298,33.60541838231298,0.2539000124670565,22.347999969497323
1089,scene0779_00,anms_4d,165,50,0.30303030303030304,0.09090909090909091,0.30303030303030304,8.146509575570306,33.56193538048443,33.56193538048443,2.424999955110252,22.63600000878796
1090,scene0779_00,grid_round_robin,287,142,0.49477351916376305,0.21254355400696864,0.6445993031358885,1.8985314122699464,17.854730264926914,17.854730264926914,0.3662999952211976,30.510400014463812
1090,scene0779_00,anms_4d,287,137,0.47735191637630664,0.20209059233449478,0.6480836236933798,1.632782596986674,15.980844213472627,15.980844213472627,3.882200049702078,33.548600040376186
1091,scene0779_00,grid_round_robin,211,70,0.33175355450236965,0.16587677725118483,0.4786729857819905,0.6781025678107868,2.4603706241008276,2.4603706241008276,0.2625000197440386,22.933100000955164
1091,scene0779_00,anms_4d,211,71,0.33649289099526064,0.15639810426540285,0.47393364928909953,2.607791251999622,11.007492960466735,11.007492960466735,2.908300026319921,23.45219999551773
1092,scene0779_00,grid_round_robin,267,110,0.41198501872659177,0.26591760299625467,0.5842696629213483,2.2831786344929337,7.91819582692888,7.91819582692888,0.3771000192500651,27.211600041482598
1092,scene0779_00,anms_4d,267,109,0.40823970037453183,0.26217228464419473,0.5767790262172284,2.562995854401255,9.230099267811893,9.230099267811893,3.867399995215237,27.722700033336878
1093,scene0779_00,grid_round_robin,284,125,0.44014084507042256,0.25,0.6267605633802817,1.1474067312511875,21.122221679210757,21.122221679210757,0.30830001924186945,31.482899968978018
1093,scene0779_00,anms_4d,284,123,0.43309859154929575,0.2640845070422535,0.6338028169014085,1.4041450547845102,28.656728751046597,28.656728751046597,3.7475000135600567,28.711299994029105
1094,scene0779_00,grid_round_robin,233,91,0.3905579399141631,0.1888412017167382,0.5665236051502146,1.4896375331799048,10.156081181589588,10.156081181589588,0.27050002245232463,25.67329996963963
1094,scene0779_00,anms_4d,233,98,0.4206008583690987,0.1759656652360515,0.5493562231759657,1.3564880223875282,9.6961478320827,9.6961478320827,3.024800040293485,24.12820002064109
1095,scene0780_00,grid_round_robin,532,334,0.6278195488721805,0.2669172932330827,0.7030075187969925,1.0942341078272855,6.9782623938331945,6.9782623938331945,0.46770001063123345,27.972299954853952
1095,scene0780_00,anms_4d,532,331,0.6221804511278195,0.26127819548872183,0.693609022556391,1.0966295812326647,7.047363254759999,7.047363254759999,9.244400018360466,21.348899987060577
1096,scene0780_00,grid_round_robin,333,143,0.4294294294294294,0.16816816816816818,0.4174174174174174,1.4704904049483118,4.777379636001953,4.777379636001953,0.3260000376030803,31.247900042217225
1096,scene0780_00,anms_4d,333,136,0.4084084084084084,0.16216216216216217,0.4174174174174174,1.8265474939750825,4.105683675042156,4.105683675042156,4.9230000004172325,28.76359998481348
1097,scene0780_00,grid_round_robin,473,263,0.5560253699788583,0.10570824524312897,0.2854122621564482,2.6417125623414126,10.623309180952308,10.623309180952308,0.4938999773003161,31.625700008589774
1097,scene0780_00,anms_4d,473,244,0.5158562367864693,0.11205073995771671,0.30655391120507397,2.611062297117372,10.530665776931855,10.530665776931855,7.112399965990335,41.90519999247044
1098,scene0780_00,grid_round_robin,380,156,0.4105263157894737,0.007894736842105263,0.02631578947368421,9.032698594567375,62.536393724686064,62.536393724686064,0.4083000239916146,29.15800001937896
1098,scene0780_00,anms_4d,380,153,0.4026315789473684,0.007894736842105263,0.02631578947368421,9.346961792090749,63.28926175203466,63.28926175203466,5.381100054364651,28.459099994506687
1099,scene0780_00,grid_round_robin,618,418,0.6763754045307443,0.32038834951456313,0.8074433656957929,0.5861495618695314,2.653778655176205,2.653778655176205,0.5144000169821084,14.091100019868463
1099,scene0780_00,anms_4d,618,413,0.6682847896440129,0.30906148867313915,0.7961165048543689,0.5894072994359206,2.859625144600652,2.859625144600652,10.153900017030537,17.600700026378036
1100,scene0780_00,grid_round_robin,850,386,0.4541176470588235,0.12117647058823529,0.23411764705882354,3.3619621739747925,4.323656854403864,4.323656854403864,0.6197000038810074,46.16389999864623
1100,scene0780_00,anms_4d,850,372,0.4376470588235294,0.1188235294117647,0.22823529411764706,3.5071202044901666,4.210904559202609,4.210904559202609,16.52310002828017,45.86129996459931
1101,scene0780_00,grid_round_robin,482,289,0.5995850622406639,0.06016597510373444,0.22406639004149378,2.4097332527153417,6.381521848780409,6.381521848780409,0.4194000503048301,23.084400047082454
1101,scene0780_00,anms_4d,482,285,0.5912863070539419,0.06016597510373444,0.21784232365145229,2.4081014006163146,6.372597052241798,6.372597052241798,7.663100026547909,22.744899964891374
1102,scene0780_00,grid_round_robin,140,94,0.6714285714285714,0.17857142857142858,0.6,1.7711397266301951,4.742521441279257,4.742521441279257,0.2243000199086964,7.648299972061068
1102,scene0780_00,anms_4d,140,90,0.6428571428571429,0.18571428571428572,0.5928571428571429,1.7646941035252468,4.7081802013939615,4.7081802013939615,1.6869999817572534,8.543600037228316
1103,scene0780_00,grid_round_robin,113,53,0.4690265486725664,0.0,0.008849557522123894,2.8471659225274872,4.234759807387821,4.234759807387821,0.215600011870265,18.746199959423393
1103,scene0780_00,anms_4d,113,51,0.45132743362831856,0.0,0.008849557522123894,2.77835249447721,4.144343415245292,4.144343415245292,1.330799947027117,22.736200015060604
1104,scene0780_00,grid_round_robin,323,169,0.5232198142414861,0.18885448916408668,0.6594427244582043,0.9180639027315601,11.15809208375453,11.15809208375453,0.4017999744974077,31.360299966763705
1104,scene0780_00,anms_4d,323,163,0.5046439628482973,0.19195046439628483,0.6625386996904025,0.9953781917355214,12.329824709419436,12.329824709419436,4.450000007636845,34.58340000361204
1105,scene0780_00,grid_round_robin,66,29,0.4393939393939394,0.09090909090909091,0.3181818181818182,18.736369407696266,8.219095434509798,18.736369407696266,0.18500001169741154,15.709200000856072
1105,scene0780_00,anms_4d,66,27,0.4090909090909091,0.09090909090909091,0.3181818181818182,8.484790913250135,2.7279502385811445,8.484790913250135,0.7958000060170889,16.100300010293722
1106,scene0780_00,grid_round_robin,145,71,0.4896551724137931,0.15172413793103448,0.6137931034482759,1.8284590723748873,1.8954914028597398,1.8954914028597398,0.22280000848695636,18.342599971219897
1106,scene0780_00,anms_4d,145,69,0.47586206896551725,0.15172413793103448,0.6,2.0207271143718026,2.0618377374187413,2.0618377374187413,1.7968000029213727,18.864199984818697
1107,scene0780_00,grid_round_robin,475,254,0.5347368421052632,0.21894736842105264,0.5094736842105263,1.6275715323952469,7.851315606369049,7.851315606369049,0.40550000267103314,37.87159995408729
1107,scene0780_00,anms_4d,475,235,0.49473684210526314,0.2168421052631579,0.5347368421052632,1.6429476986350324,7.929252938691427,7.929252938691427,7.473499979823828,39.677999971900135
1108,scene0780_00,grid_round_robin,189,91,0.48148148148148145,0.18518518518518517,0.6455026455026455,1.2996558529122757,1.890986161537213,1.890986161537213,0.2498000394552946,20.473400014452636
1108,scene0780_00,anms_4d,189,92,0.48677248677248675,0.19576719576719576,0.6666666666666666,2.273187289473682,2.342579161505931,2.342579161505931,2.585599955637008,21.272300044074655
1109,scene0780_00,grid_round_robin,537,235,0.4376163873370577,0.1750465549348231,0.4022346368715084,1.6316623851234477,7.234468366874528,7.234468366874528,0.43840002035722136,32.84020000137389
1109,scene0780_00,anms_4d,537,234,0.43575418994413406,0.1787709497206704,0.4022346368715084,1.5424285353907607,6.889577924836986,6.889577924836986,10.415300028398633,36.78670001681894
1110,scene0781_00,grid_round_robin,279,135,0.4838709677419355,0.2974910394265233,0.6379928315412187,2.4710884935377813,20.167536256560552,20.167536256560552,0.39060000563040376,33.28010003315285
1110,scene0781_00,anms_4d,279,136,0.4874551971326165,0.2903225806451613,0.6379928315412187,2.5673296377859183,20.36649174236417,20.36649174236417,3.7632000166922808,32.74910000618547
1111,scene0781_00,grid_round_robin,344,140,0.4069767441860465,0.2180232558139535,0.6540697674418605,0.45851418376029535,28.320419241615458,28.320419241615458,0.4036999889649451,32.93639997718856
1111,scene0781_00,anms_4d,344,138,0.4011627906976744,0.22965116279069767,0.6598837209302325,0.6359842550556375,30.140889234234887,30.140889234234887,4.799899994395673,32.68080000998452
1112,scene0781_00,grid_round_robin,323,126,0.39009287925696595,0.20743034055727555,0.5541795665634675,1.9519149674901894,7.668298227910788,7.668298227910788,0.3294000052846968,31.890999991446733
1112,scene0781_00,anms_4d,323,119,0.3684210526315789,0.2043343653250774,0.541795665634675,1.1105456540716816,3.259115426592391,3.259115426592391,5.718200001865625,32.63119998155162
1113,scene0781_00,grid_round_robin,220,75,0.3409090909090909,0.17272727272727273,0.55,0.7566499047689822,3.485785398711527,3.485785398711527,0.2949000336229801,20.650599966757
1113,scene0781_00,anms_4d,220,78,0.35454545454545455,0.16818181818181818,0.55,0.70657436624893,3.6738481241885963,3.6738481241885963,2.8292000060901046,20.00300004146993
1114,scene0781_00,grid_round_robin,162,61,0.3765432098765432,0.0,0.0,5.091336637577488,5.187548278318669,5.187548278318669,0.22300001000985503,19.972699985373765
1114,scene0781_00,anms_4d,162,58,0.35802469135802467,0.0,0.0,4.773728709088157,4.793902881984574,4.793902881984574,2.375599986407906,21.35709999129176
1115,scene0781_00,grid_round_robin,493,212,0.4300202839756592,0.3002028397565923,0.6876267748478702,1.5810685222725693,11.434272207133395,11.434272207133395,0.41879998752847314,42.36039996612817
1115,scene0781_00,anms_4d,493,208,0.42190669371196754,0.29411764705882354,0.6896551724137931,1.5390181069861468,10.818475511679154,10.818475511679154,7.590099994558841,34.19150004629046
1116,scene0781_00,grid_round_robin,116,43,0.3706896551724138,0.07758620689655173,0.3017241379310345,8.10058221725326,7.274068612765316,8.10058221725326,0.23120001424103975,17.14489998994395
1116,scene0781_00,anms_4d,116,45,0.3879310344827586,0.07758620689655173,0.3103448275862069,7.674951666995345,6.969238453087441,7.674951666995345,1.3901999918743968,18.00559996627271
1117,scene0781_00,grid_round_robin,383,120,0.3133159268929504,0.2584856396866841,0.6501305483028721,1.4091786666085493,1.0916449838942268,1.4091786666085493,0.35550002939999104,30.40669998154044
1117,scene0781_00,anms_4d,383,123,0.32114882506527415,0.2558746736292428,0.6422976501305483,1.7631281913207841,4.666868867153757,4.666868867153757,5.383800016716123,30.434599961154163
1118,scene0781_00,grid_round_robin,184,60,0.32608695652173914,0.2826086956521739,0.6195652173913043,1.5585473347771042,7.342040676457767,7.342040676457767,0.2335000317543745,20.740000007208437
1118,scene0781_00,anms_4d,184,55,0.29891304347826086,0.27717391304347827,0.6032608695652174,0.7018883987342267,1.8096930220776841,1.8096930220776841,2.332800009753555,20.35559999058023
1119,scene0781_00,grid_round_robin,425,124,0.2917647058823529,0.1411764705882353,0.36,0.4763199336211495,3.155051058373799,3.155051058373799,0.3635000321082771,28.39050005422905
1119,scene0781_00,anms_4d,425,110,0.25882352941176473,0.1411764705882353,0.35058823529411764,0.6778799523113975,2.3543661285174267,2.3543661285174267,6.618399987928569,26.54460002668202
1120,scene0781_00,grid_round_robin,228,82,0.35964912280701755,0.2543859649122807,0.6666666666666666,0.6741625530790437,1.6732843685518628,1.6732843685518628,0.2586999908089638,22.05379999941215
1120,scene0781_00,anms_4d,228,75,0.32894736842105265,0.2543859649122807,0.6535087719298246,2.2058967119686357,4.799789517892454,4.799789517892454,3.2020999933592975,22.19599997624755
1121,scene0781_00,grid_round_robin,351,142,0.4045584045584046,0.022792022792022793,0.07122507122507123,2.066088987268577,4.046303670053676,4.046303670053676,0.38109999150037766,32.73360000457615
1121,scene0781_00,anms_4d,351,132,0.37606837606837606,0.02564102564102564,0.07407407407407407,2.197869458181985,4.122381226914297,4.122381226914297,4.916899953968823,30.984400014858693
1122,scene0781_00,grid_round_robin,354,166,0.4689265536723164,0.07909604519774012,0.2344632768361582,0.9551991976011708,4.554793148897198,4.554793148897198,0.35720004234462976,35.384199989493936
1122,scene0781_00,anms_4d,354,153,0.4322033898305085,0.07344632768361582,0.22033898305084745,1.6766625526297207,1.724868936760367,1.724868936760367,5.099200003314763,29.555500019341707
1123,scene0781_00,grid_round_robin,245,68,0.27755102040816326,0.0326530612244898,0.07755102040816327,2.1018914140145246,2.884321116819178,2.884321116819178,0.311699986923486,22.49389997450635
1123,scene0781_00,anms_4d,245,69,0.2816326530612245,0.036734693877551024,0.08163265306122448,1.050281389867293,1.93239699815408,1.93239699815408,3.56330000795424,22.66979997511953
1124,scene0781_00,grid_round_robin,371,155,0.41778975741239893,0.3288409703504043,0.784366576819407,0.9003454554075438,3.652357103937582,3.652357103937582,0.35200000274926424,30.415399989578873
1124,scene0781_00,anms_4d,371,143,0.38544474393531,0.3288409703504043,0.7816711590296496,1.0486638638480326,3.5318466577611933,3.5318466577611933,5.276299954857677,29.898500011768192
1125,scene0782_00,grid_round_robin,622,377,0.6061093247588425,0.18006430868167203,0.6463022508038585,0.7972880725835068,0.40015921380767916,0.7972880725835068,0.49000000581145287,32.67700003925711
1125,scene0782_00,anms_4d,622,369,0.5932475884244373,0.1752411575562701,0.639871382636656,0.7933556951965693,0.45059314805040374,0.7933556951965693,10.336200008168817,35.79450002871454
1126,scene0782_00,grid_round_robin,371,161,0.4339622641509434,0.1967654986522911,0.49056603773584906,1.0419459031984957,2.0457374191994013,2.0457374191994013,0.3779000253416598,27.62150001944974
1126,scene0782_00,anms_4d,371,155,0.41778975741239893,0.1967654986522911,0.49865229110512127,0.9894758305555256,3.5087991134490886,3.5087991134490886,5.384500022046268,31.844999990426004
1127,scene0782_00,grid_round_robin,212,83,0.3915094339622642,0.2688679245283019,0.6037735849056604,1.7478500839521367,3.605308509874105,3.605308509874105,0.2576999831944704,21.22539997799322
1127,scene0782_00,anms_4d,212,84,0.39622641509433965,0.2688679245283019,0.6037735849056604,1.395544181490773,2.7194861140450555,2.7194861140450555,3.16620001103729,21.424700040370226
1128,scene0782_00,grid_round_robin,365,144,0.39452054794520547,0.26575342465753427,0.6547945205479452,1.51689238910346,4.257821673311059,4.257821673311059,0.3589999978430569,27.2543000173755
1128,scene0782_00,anms_4d,365,135,0.3698630136986301,0.26301369863013696,0.6575342465753424,1.589013701321271,4.060269932350282,4.060269932350282,5.540699989069253,29.558399983216077
1129,scene0782_00,grid_round_robin,243,115,0.4732510288065844,0.09465020576131687,0.4444444444444444,1.0984929276586455,2.5939152307942326,2.5939152307942326,0.2688000095076859,27.53419999498874
1129,scene0782_00,anms_4d,243,111,0.4567901234567901,0.09876543209876543,0.43621399176954734,6.639291638963248,12.425157266856061,12.425157266856061,3.166399954352528,25.547600002028048
1130,scene0782_00,grid_round_robin,57,28,0.49122807017543857,0.10526315789473684,0.2982456140350877,7.6441014131133525,3.739222108368552,7.6441014131133525,0.1789000234566629,16.290000057779253
1130,scene0782_00,anms_4d,57,28,0.49122807017543857,0.08771929824561403,0.3157894736842105,7.58642637465001,3.713274612456107,7.58642637465001,0.790499965660274,16.375100007280707
1131,scene0782_00,grid_round_robin,47,18,0.3829787234042553,0.06382978723404255,0.2765957446808511,32.22530000677929,19.770182803971863,32.22530000677929,0.16769999638199806,16.101400018669665
1131,scene0782_00,anms_4d,47,18,0.3829787234042553,0.0851063829787234,0.2978723404255319,29.888641083768814,18.52408523148467,29.888641083768814,0.5761999636888504,14.382200024556369
1132,scene0782_00,grid_round_robin,379,208,0.5488126649076517,0.1820580474934037,0.49076517150395776,1.7782129704907486,3.833917455646701,3.833917455646701,0.35830005072057247,24.77990003535524
1132,scene0782_00,anms_4d,379,191,0.503957783641161,0.17678100263852242,0.47493403693931396,1.763050160152358,3.763686845526084,3.763686845526084,5.3956000483594835,36.58390004420653
1133,scene0782_00,grid_round_robin,209,87,0.41626794258373206,0.05741626794258373,0.23444976076555024,1.976847576727487,1.6109688261355073,1.976847576727487,0.2547000185586512,21.72040002187714
1133,scene0782_00,anms_4d,209,88,0.42105263157894735,0.06698564593301436,0.23923444976076555,1.9832474093694539,1.6271899793213074,1.9832474093694539,2.7757000061683357,20.66700003342703
1134,scene0782_00,grid_round_robin,100,45,0.45,0.28,0.71,11.51631060827091,12.43813466019938,12.43813466019938,0.20480004604905844,18.63279996905476
1134,scene0782_00,anms_4d,100,39,0.39,0.29,0.69,13.080817840415742,9.273686054369218,13.080817840415742,1.2023000163026154,17.753599968273193
1135,scene0782_00,grid_round_robin,35,10,0.2857142857142857,0.02857142857142857,0.02857142857142857,177.93631880065922,73.7668367308715,177.93631880065922,0.15869998605921865,13.659199990797788
1135,scene0782_00,anms_4d,35,11,0.3142857142857143,0.02857142857142857,0.02857142857142857,178.06839025989717,73.87694390367905,178.06839025989717,0.547099974937737,14.658900036010891
1136,scene0782_00,grid_round_robin,125,37,0.296,0.088,0.32,1.5646141693370337,1.5311961948936876,1.5646141693370337,0.21820003166794777,16.471899987664074
1136,scene0782_00,anms_4d,125,35,0.28,0.088,0.336,2.161725517632502,4.535266611893075,4.535266611893075,1.5038999845273793,16.557599999941885
1137,scene0782_00,grid_round_robin,72,16,0.2222222222222222,0.041666666666666664,0.08333333333333333,84.54923895164536,86.0508117320316,86.0508117320316,0.17529999604448676,15.505900024436414
1137,scene0782_00,anms_4d,72,17,0.2361111111111111,0.041666666666666664,0.08333333333333333,11.942486128769577,23.655322639136198,23.655322639136198,0.8834999753162265,15.060300007462502
1138,scene0782_00,grid_round_robin,166,70,0.42168674698795183,0.18072289156626506,0.6204819277108434,1.943723615105006,5.867335061159882,5.867335061159882,0.24459999985992908,20.452499971725047
1138,scene0782_00,anms_4d,166,65,0.39156626506024095,0.1746987951807229,0.6024096385542169,2.499099280209125,8.580207100774372,8.580207100774372,2.036700025200844,20.55289997952059
1139,scene0782_00,grid_round_robin,358,163,0.4553072625698324,0.25139664804469275,0.659217877094972,1.1733299906780232,1.163942519477366,1.1733299906780232,0.33820001408457756,29.837300011422485
1139,scene0782_00,anms_4d,358,158,0.441340782122905,0.2681564245810056,0.6731843575418994,0.9894901017146692,3.3835321810759633,3.3835321810759633,4.9915999989025295,31.52669995324686
1140,scene0783_00,grid_round_robin,57,22,0.38596491228070173,0.03508771929824561,0.21052631578947367,7.930798417369796,3.8805934772021815,7.930798417369796,0.17389998538419604,15.199500019662082
1140,scene0783_00,anms_4d,57,21,0.3684210526315789,0.03508771929824561,0.22807017543859648,5.090613852209304,3.334443494178468,5.090613852209304,0.7196000078693032,15.192100021522492
1141,scene0783_00,grid_round_robin,369,163,0.44173441734417346,0.2032520325203252,0.46883468834688347,1.770496865574853,5.248433808808032,5.248433808808032,0.6155999726615846,34.281999978702515
1141,scene0783_00,anms_4d,369,151,0.4092140921409214,0.2005420054200542,0.4878048780487805,2.1526511354048004,7.993127013778254,7.993127013778254,5.187699978705496,28.791500022634864
1142,scene0783_00,grid_round_robin,294,144,0.4897959183673469,0.22448979591836735,0.5782312925170068,1.6390099899921542,1.7114274519338337,1.7114274519338337,0.3184000379405916,30.504299968015403
1142,scene0783_00,anms_4d,294,141,0.47959183673469385,0.21768707482993196,0.5714285714285714,1.579770172595169,1.7039682746736846,1.7039682746736846,4.634800017811358,33.17199996672571
1143,scene0783_00,grid_round_robin,150,93,0.62,0.3933333333333333,0.88,5.66771263401119,5.7036917254982455,5.7036917254982455,0.23989996407181025,9.477099985815585
1143,scene0783_00,anms_4d,150,90,0.6,0.38666666666666666,0.86,5.738233030140504,5.877801569310504,5.877801569310504,1.8354000058025122,12.72549998247996
1144,scene0783_00,grid_round_robin,108,49,0.4537037037037037,0.05555555555555555,0.1111111111111111,7.055990024254208,6.880468038123267,7.055990024254208,0.2232000115327537,18.07420002296567
1144,scene0783_00,anms_4d,108,41,0.37962962962962965,0.05555555555555555,0.12037037037037036,16.744052070375222,12.690402279967186,16.744052070375222,1.283199992030859,23.6049999948591
1145,scene0783_00,grid_round_robin,248,72,0.2903225806451613,0.17338709677419356,0.5161290322580645,9.019800962051052,8.181704780350133,9.019800962051052,0.29469997389242053,25.064899993594736
1145,scene0783_00,anms_4d,248,78,0.31451612903225806,0.17338709677419356,0.5040322580645161,8.709361130785574,9.324717911003713,9.324717911003713,3.5449000424705446,25.55010002106428
1146,scene0783_00,grid_round_robin,352,131,0.3721590909090909,0.3210227272727273,0.7102272727272727,3.523875058520461,9.730380555939158,9.730380555939158,0.34639996010810137,33.655300037935376
1146,scene0783_00,anms_4d,352,120,0.3409090909090909,0.30113636363636365,0.6960227272727273,0.7401778081727761,7.732637813957028,7.732637813957028,4.893100005574524,34.41580000799149
1147,scene0783_00,grid_round_robin,285,131,0.45964912280701753,0.05263157894736842,0.2596491228070175,3.128900708569135,3.27546169835905,3.27546169835905,0.39599998854100704,29.060899978503585
1147,scene0783_00,anms_4d,285,135,0.47368421052631576,0.05263157894736842,0.27017543859649124,2.269456701305769,1.3796372721854688,2.269456701305769,3.9462000131607056,27.89089997531846
1148,scene0783_00,grid_round_robin,321,157,0.48909657320872274,0.1806853582554517,0.5981308411214953,3.4950793355467793,2.5985787618882545,3.4950793355467793,0.3397000255063176,28.69569999165833
1148,scene0783_00,anms_4d,321,153,0.4766355140186916,0.1838006230529595,0.5950155763239875,3.6340344872171175,2.618605001797654,3.6340344872171175,4.63300000410527,28.11220003059134
1149,scene0783_00,grid_round_robin,238,114,0.4789915966386555,0.14285714285714285,0.3865546218487395,5.118725578263898,8.2713119188088,8.2713119188088,0.29230001382529736,28.10769999632612
1149,scene0783_00,anms_4d,238,112,0.47058823529411764,0.13025210084033614,0.3697478991596639,3.1796183638080437,5.85384495940737,5.85384495940737,3.6951000220142305,28.038299991749227
1150,scene0783_00,grid_round_robin,247,146,0.5910931174089069,0.08097165991902834,0.562753036437247,59.04766470709577,62.10214981146337,62.10214981146337,0.3284999984316528,21.224799973424524
1150,scene0783_00,anms_4d,247,152,0.6153846153846154,0.08097165991902834,0.5668016194331984,5.131706821709099,4.447987289214616,5.131706821709099,3.4572999575175345,14.761900005396456
1151,scene0783_00,grid_round_robin,94,34,0.3617021276595745,0.05319148936170213,0.2127659574468085,6.672114389587251,61.17876157065087,61.17876157065087,0.2004000125452876,17.870599986054003
1151,scene0783_00,anms_4d,94,31,0.32978723404255317,0.05319148936170213,0.2127659574468085,2.244658801385669,52.344243679762904,52.344243679762904,1.1196999694220722,17.320999992080033
1152,scene0783_00,grid_round_robin,94,36,0.3829787234042553,0.2553191489361702,0.6170212765957447,1.5790492999985495,2.8704146992425765,2.8704146992425765,0.19640004029497504,18.131399992853403
1152,scene0783_00,anms_4d,94,36,0.3829787234042553,0.23404255319148937,0.6063829787234043,1.5790492999990113,2.8704146992423225,2.8704146992423225,1.1294999858364463,17.859400017187
1153,scene0783_00,grid_round_robin,127,66,0.5196850393700787,0.2204724409448819,0.4881889763779528,4.075742699990516,3.128990793607678,4.075742699990516,0.23970002075657248,17.544900008942932
1153,scene0783_00,anms_4d,127,68,0.5354330708661418,0.2125984251968504,0.47244094488188976,3.3444698574391847,2.5526927612557433,3.3444698574391847,1.7349999980069697,15.443399955984205
1154,scene0783_00,grid_round_robin,285,98,0.34385964912280703,0.08771929824561403,0.2631578947368421,1.976301587431016,6.0833358885751885,6.0833358885751885,0.29939995147287846,25.164699996821582
1154,scene0783_00,anms_4d,285,95,0.3333333333333333,0.0912280701754386,0.2771929824561403,1.894972553836512,10.313540700674238,10.313540700674238,3.9026999729685485,33.29570003552362
1155,scene0784_00,grid_round_robin,124,43,0.3467741935483871,0.23387096774193547,0.5887096774193549,6.894251344404454,15.265083918029669,15.265083918029669,0.27759996009990573,19.350700022187084
1155,scene0784_00,anms_4d,124,43,0.3467741935483871,0.22580645161290322,0.5967741935483871,6.514800209921834,14.741670670289803,14.741670670289803,1.4578000409528613,20.69819997996092
1156,scene0784_00,grid_round_robin,108,45,0.4166666666666667,0.2962962962962963,0.6851851851851852,6.304698363466749,29.79130247439233,29.79130247439233,0.26790000265464187,20.665200019720942
1156,scene0784_00,anms_4d,108,42,0.3888888888888889,0.2777777777777778,0.6574074074074074,6.370848417532969,30.12364592298631,30.12364592298631,1.2898999848403037,25.60819999780506
1157,scene0784_00,grid_round_robin,70,18,0.2571428571428571,0.08571428571428572,0.17142857142857143,76.7621004032978,60.802099518314606,76.7621004032978,0.23720000172033906,14.657699968665838
1157,scene0784_00,anms_4d,70,17,0.24285714285714285,0.07142857142857142,0.15714285714285714,32.48198886733481,34.23755989424461,34.23755989424461,0.826900009997189,15.131500025745481
1158,scene0784_00,grid_round_robin,125,39,0.312,0.216,0.568,16.01765908144691,10.406244637936185,16.01765908144691,0.2142000012099743,18.335300032049417
1158,scene0784_00,anms_4d,125,43,0.344,0.208,0.552,9.53367399739292,11.287414494412213,11.287414494412213,1.4886999852024019,18.134100013412535
1159,scene0784_00,grid_round_robin,48,17,0.3541666666666667,0.125,0.3958333333333333,4.010416189649829,5.917446858092568,5.917446858092568,0.3032999811694026,15.381800010800362
1159,scene0784_00,anms_4d,48,17,0.3541666666666667,0.16666666666666666,0.4583333333333333,3.2370785338052777,1.560477233922236,3.2370785338052777,0.589400005992502,16.26830000896007
1160,scene0784_00,grid_round_robin,243,109,0.448559670781893,0.2757201646090535,0.6460905349794238,0.6330268219468245,5.152318938569623,5.152318938569623,0.30670000705868006,23.152000037953258
1160,scene0784_00,anms_4d,243,101,0.4156378600823045,0.2674897119341564,0.6419753086419753,0.7517816471491081,6.681433350247358,6.681433350247358,3.1495000002905726,24.958299996796995
1161,scene0784_00,grid_round_robin,86,33,0.38372093023255816,0.011627906976744186,0.03488372093023256,1.5466810845821912,1.720047534308606,1.720047534308606,0.21180004114285111,16.76610001595691
1161,scene0784_00,anms_4d,86,29,0.3372093023255814,0.011627906976744186,0.03488372093023256,1.6704357588065248,2.0321135164304946,2.0321135164304946,1.1209000367671251,17.387599975336343
1162,scene0784_00,grid_round_robin,144,78,0.5416666666666666,0.16666666666666666,0.625,1.6009748535206336,7.050576813936104,7.050576813936104,0.21299999207258224,17.93500001076609
1162,scene0784_00,anms_4d,144,74,0.5138888888888888,0.1597222222222222,0.5902777777777778,1.9756067030447904,7.976364806317397,7.976364806317397,1.8744999542832375,22.205299988854676
1163,scene0784_00,grid_round_robin,86,35,0.4069767441860465,0.1511627906976744,0.5581395348837209,0.9143031378946347,4.307618299245475,4.307618299245475,0.18930004443973303,17.54820003407076
1163,scene0784_00,anms_4d,86,31,0.36046511627906974,0.12790697674418605,0.5348837209302325,0.8088326122878848,3.863742102685414,3.863742102685414,1.013800036162138,17.252899997401983
1164,scene0784_00,grid_round_robin,252,95,0.376984126984127,0.2976190476190476,0.7063492063492064,0.28544447634804637,3.0282295404290185,3.0282295404290185,0.3078999579884112,24.75019998382777
1164,scene0784_00,anms_4d,252,88,0.3492063492063492,0.2896825396825397,0.6904761904761905,0.26625886275415717,1.800419291353576,1.800419291353576,3.29510000301525,24.986700038425624
1165,scene0784_00,grid_round_robin,466,176,0.3776824034334764,0.16952789699570817,0.5171673819742489,2.0067587741901334,12.673497281768014,12.673497281768014,0.3983000060543418,41.067800018936396
1165,scene0784_00,anms_4d,466,175,0.37553648068669526,0.17167381974248927,0.5257510729613734,1.3823473944741596,7.089715249509729,7.089715249509729,6.974999967496842,44.051700038835406
1166,scene0784_00,grid_round_robin,328,116,0.35365853658536583,0.11585365853658537,0.3048780487804878,9.069195043650396,76.16761927821904,76.16761927821904,0.31560001662001014,32.81939995940775
1166,scene0784_00,anms_4d,328,113,0.3445121951219512,0.10975609756097561,0.3048780487804878,9.078339409281767,76.03746934479562,76.03746934479562,4.491699975915253,32.21650002524257
1167,scene0784_00,grid_round_robin,225,96,0.4266666666666667,0.26222222222222225,0.6488888888888888,3.0949168285784068,4.654071523838016,4.654071523838016,0.27810002211481333,25.11159999994561
1167,scene0784_00,anms_4d,225,95,0.4222222222222222,0.27555555555555555,0.64,3.443329940323589,5.214288979941159,5.214288979941159,2.852400008123368,26.583499973639846
1168,scene0784_00,grid_round_robin,319,190,0.5956112852664577,0.30407523510971785,0.7899686520376176,1.1051949323836108,23.723465998582338,23.723465998582338,0.340700033120811,19.79539997410029
1168,scene0784_00,anms_4d,319,182,0.5705329153605015,0.28213166144200624,0.7586206896551724,1.0953328371442623,22.116119775595784,22.116119775595784,4.379199992399663,23.473399982322007
1169,scene0784_00,grid_round_robin,208,106,0.5096153846153846,0.34615384615384615,0.8125,0.996083924067889,8.577416805500519,8.577416805500519,0.2702000201679766,28.467900003306568
1169,scene0784_00,anms_4d,208,101,0.4855769230769231,0.3317307692307692,0.8076923076923077,0.8253627951593865,4.348871300249955,4.348871300249955,2.8812999953515828,28.275799995753914
1170,scene0785_00,grid_round_robin,435,240,0.5517241379310345,0.4436781609195402,0.9103448275862069,0.7088123682015449,2.18680780861775,2.18680780861775,0.4366000066511333,26.127099990844727
1170,scene0785_00,anms_4d,435,223,0.5126436781609195,0.43448275862068964,0.9011494252873563,0.9433849774097248,3.6177619181849727,3.6177619181849727,6.492600019555539,34.21799995703623
1171,scene0785_00,grid_round_robin,285,129,0.45263157894736844,0.36140350877192984,0.8315789473684211,1.3340251536802945,5.815262929608935,5.815262929608935,0.31399994622915983,31.97330003604293
1171,scene0785_00,anms_4d,285,126,0.4421052631578947,0.3473684210526316,0.8070175438596491,1.9174541167238037,7.898234587155053,7.898234587155053,3.8105000276118517,28.625499980989844
1172,scene0785_00,grid_round_robin,408,168,0.4117647058823529,0.18382352941176472,0.5735294117647058,1.9459255812366596,26.37974590074929,26.37974590074929,0.37369999336078763,36.742899974342436
1172,scene0785_00,anms_4d,408,153,0.375,0.18137254901960784,0.5588235294117647,2.7120799592154103,29.57438427314197,29.57438427314197,6.054700003005564,35.8045999892056
1173,scene0785_00,grid_round_robin,227,94,0.41409691629955947,0.2907488986784141,0.6696035242290749,1.285465050674929,0.8436624944445754,1.285465050674929,0.2820999943651259,23.528499994426966
1173,scene0785_00,anms_4d,227,97,0.42731277533039647,0.27312775330396477,0.6651982378854625,0.9428251873114584,2.016251824634807,2.016251824634807,3.119500004686415,23.221899988129735
1174,scene0785_00,grid_round_robin,97,28,0.28865979381443296,0.05154639175257732,0.17525773195876287,6.223294236536356,0.46990276561599603,6.223294236536356,0.22220000391826034,16.896899964194745
1174,scene0785_00,anms_4d,97,26,0.26804123711340205,0.041237113402061855,0.15463917525773196,2.9820437951911556,0.528538779498291,2.9820437951911556,1.0912999860011041,16.789900022558868
1175,scene0785_00,grid_round_robin,83,35,0.42168674698795183,0.024096385542168676,0.060240963855421686,12.072612610640586,5.988542751644998,12.072612610640586,0.23289996897801757,18.001899996306747
1175,scene0785_00,anms_4d,83,33,0.39759036144578314,0.024096385542168676,0.060240963855421686,11.126978216725744,5.569304410536882,11.126978216725744,1.0924999951384962,17.53449998795986
1176,scene0785_00,grid_round_robin,567,329,0.5802469135802469,0.24162257495590828,0.671957671957672,1.2048266961365477,0.9329800273229499,1.2048266961365477,0.5406999844126403,30.288800015114248
1176,scene0785_00,anms_4d,567,320,0.564373897707231,0.24514991181657847,0.6613756613756614,1.210917586350451,0.9699496636403954,1.210917586350451,9.26439999602735,29.81699997326359
1177,scene0785_00,grid_round_robin,291,130,0.44673539518900346,0.2027491408934708,0.5223367697594502,1.0456081810046745,0.2907091816657143,1.0456081810046745,0.29990001348778605,24.645700003020465
1177,scene0785_00,anms_4d,291,131,0.45017182130584193,0.20618556701030927,0.5326460481099656,1.0788311464602682,0.25256357236253724,1.0788311464602682,3.9174999692477286,23.80369999445975
1178,scene0785_00,grid_round_robin,395,153,0.38734177215189874,0.1620253164556962,0.4531645569620253,1.4790411735427236,0.6902778658116359,1.4790411735427236,0.3709000302478671,32.267300004605204
1178,scene0785_00,anms_4d,395,151,0.3822784810126582,0.15949367088607594,0.45569620253164556,3.183863154167672,3.196192047158045,3.196192047158045,6.094500015024096,29.24249996431172
1179,scene0785_00,grid_round_robin,311,138,0.4437299035369775,0.3408360128617363,0.7717041800643086,0.8746920687908383,1.9299199270536824,1.9299199270536824,0.3790999762713909,32.110100029967725
1179,scene0785_00,anms_4d,311,130,0.4180064308681672,0.3311897106109325,0.7556270096463023,0.6656990466290114,1.111692549874217,1.111692549874217,4.794100008439273,26.117199973668903
1180,scene0785_00,grid_round_robin,747,404,0.5408299866131191,0.41365461847389556,0.8862115127175368,1.0836842610991781,6.8660863557312215,6.8660863557312215,0.568699964787811,37.399600027129054
1180,scene0785_00,anms_4d,747,388,0.5194109772423026,0.40160642570281124,0.8741633199464525,1.1414903473523432,7.257949345957586,7.257949345957586,13.510000018868595,56.14379997132346
1181,scene0785_00,grid_round_robin,239,80,0.33472803347280333,0.16736401673640167,0.502092050209205,1.4566068190556205,3.267070659762461,3.267070659762461,0.27330004377290606,22.598600015044212
1181,scene0785_00,anms_4d,239,75,0.3138075313807531,0.16317991631799164,0.497907949790795,0.7467629505080361,2.453369539544837,2.453369539544837,3.19869996747002,21.841000008862466
1182,scene0785_00,grid_round_robin,81,30,0.37037037037037035,0.09876543209876543,0.345679012345679,3.6917274010384364,10.708005130686947,10.708005130686947,0.18919998547062278,17.059599980711937
1182,scene0785_00,anms_4d,81,31,0.38271604938271603,0.09876543209876543,0.35802469135802467,3.9492412108218407,11.231760369228857,11.231760369228857,0.9473999962210655,17.07260002149269
1183,scene0785_00,grid_round_robin,210,113,0.5380952380952381,0.3,0.6904761904761905,1.8646416590153354,13.982826675879794,13.982826675879794,0.2510999911464751,19.66679998440668
1183,scene0785_00,anms_4d,210,112,0.5333333333333333,0.30952380952380953,0.7047619047619048,1.835005741224296,13.877984322269889,13.877984322269889,2.6786999660544097,21.608500042930245
1184,scene0785_00,grid_round_robin,373,161,0.4316353887399464,0.06166219839142091,0.28418230563002683,0.67473494802559,1.9487627615463465,1.9487627615463465,0.35719998413696885,31.86769998865202
1184,scene0785_00,anms_4d,373,146,0.3914209115281501,0.064343163538874,0.2868632707774799,0.5316659467063911,2.6057669454769354,2.6057669454769354,5.53069997113198,32.67520002555102
1185,scene0786_00,grid_round_robin,581,310,0.5335628227194492,0.24784853700516352,0.7383820998278829,0.8477001857004934,3.9480607422701706,3.9480607422701706,0.5046000005677342,51.97329999646172
1185,scene0786_00,anms_4d,581,313,0.5387263339070568,0.2547332185886403,0.7383820998278829,1.3018327068441287,5.367095538506449,5.367095538506449,9.987699973862618,39.82219996396452
1186,scene0786_00,grid_round_robin,379,130,0.34300791556728233,0.25857519788918204,0.683377308707124,0.2791901907309546,1.2319680488942273,1.2319680488942273,0.3649999853223562,32.611000002361834
1186,scene0786_00,anms_4d,379,115,0.3034300791556728,0.2559366754617414,0.6728232189973615,0.29191659712216494,0.5941507671154299,0.5941507671154299,5.819799960590899,31.013500003609806
1187,scene0786_00,grid_round_robin,259,95,0.3667953667953668,0.138996138996139,0.38996138996138996,0.8168647211134112,0.633573994355286,0.8168647211134112,0.30519999563694,28.44380005262792
1187,scene0786_00,anms_4d,259,92,0.3552123552123552,0.13513513513513514,0.3861003861003861,0.5293061892796951,0.18366400743300335,0.5293061892796951,3.4067000378854573,25.84810002008453
1188,scene0786_00,grid_round_robin,274,102,0.3722627737226277,0.1678832116788321,0.4854014598540146,1.7432025995712592,5.134994388385493,5.134994388385493,0.3139000036753714,26.74290002323687
1188,scene0786_00,anms_4d,274,97,0.354014598540146,0.15693430656934307,0.4708029197080292,1.0622608049107032,7.281568438640362,7.281568438640362,3.638099995441735,27.49720000429079
1189,scene0786_00,grid_round_robin,154,69,0.44805194805194803,0.045454545454545456,0.15584415584415584,2.660539338306049,1.7784801842969669,2.660539338306049,0.24419999681413174,24.715800012927502
1189,scene0786_00,anms_4d,154,70,0.45454545454545453,0.045454545454545456,0.14285714285714285,2.9689902619811814,2.0971754858010283,2.9689902619811814,1.9937999895773828,21.88770001521334
1190,scene0786_00,grid_round_robin,296,129,0.4358108108108108,0.3141891891891892,0.6790540540540541,1.2902963341510512,5.146734253569188,5.146734253569188,0.30429998878389597,35.895399982109666
1190,scene0786_00,anms_4d,296,123,0.4155405405405405,0.30067567567567566,0.6722972972972973,3.591622778682054,14.036270690008342,14.036270690008342,3.9578000432811677,33.32129999762401
1191,scene0786_00,grid_round_robin,247,102,0.41295546558704455,0.11336032388663968,0.3076923076923077,7.15136532861859,20.086497731245068,20.086497731245068,0.27299998328089714,26.83940000133589
1191,scene0786_00,anms_4d,247,101,0.4089068825910931,0.10931174089068826,0.3117408906882591,6.973881175895755,19.668941916192193,19.668941916192193,3.227400011382997,30.229999974835664
1192,scene0786_00,grid_round_robin,120,54,0.45,0.3416666666666667,0.8416666666666667,0.7820762376512255,1.2185601517803242,1.2185601517803242,0.23220002185553312,20.035199995618314
1192,scene0786_00,anms_4d,120,54,0.45,0.3416666666666667,0.8166666666666667,0.4453578952728782,1.5097843655990553,1.5097843655990553,1.4467000146396458,18.670699966605753
1193,scene0786_00,grid_round_robin,599,385,0.6427378964941569,0.3772954924874791,0.8330550918196995,1.184304069524355,3.034623257704957,3.034623257704957,0.5100999842397869,26.499000028707087
1193,scene0786_00,anms_4d,599,377,0.6293823038397329,0.3672787979966611,0.8347245409015025,0.8586688957991372,2.2617303008954686,2.2617303008954686,11.099899944383651,22.743400011677295
1194,scene0786_00,grid_round_robin,293,111,0.378839590443686,0.22184300341296928,0.5767918088737202,3.5429718336168725,5.901391680663779,5.901391680663779,0.3144000074826181,29.484400001820177
1194,scene0786_00,anms_4d,293,104,0.35494880546075086,0.22184300341296928,0.5631399317406144,4.25760559421018,5.94091754933959,5.94091754933959,3.936299995984882,28.770199976861477
1195,scene0786_00,grid_round_robin,317,169,0.5331230283911672,0.20504731861198738,0.61198738170347,0.37629009310659967,2.5022985062467322,2.5022985062467322,0.354300020262599,25.687399960588664
1195,scene0786_00,anms_4d,317,161,0.5078864353312302,0.21451104100946372,0.5930599369085173,0.38744341182895725,2.509217956661432,2.509217956661432,4.4911999721080065,27.88990002591163
1196,scene0786_00,grid_round_robin,125,56,0.448,0.168,0.456,12.371463493365477,40.99467935413117,40.99467935413117,0.21590001415461302,20.9309000056237
1196,scene0786_00,anms_4d,125,52,0.416,0.176,0.456,15.431319844107534,46.686064647783866,46.686064647783866,1.6281999996863306,20.354900043457747
1197,scene0786_00,grid_round_robin,84,29,0.34523809523809523,0.13095238095238096,0.30952380952380953,35.66366933150844,27.16670871993437,35.66366933150844,0.19559997599571943,17.34100002795458
1197,scene0786_00,anms_4d,84,28,0.3333333333333333,0.11904761904761904,0.32142857142857145,35.29156073733096,27.324980514009912,35.29156073733096,0.972100009676069,17.32440001796931
1198,scene0786_00,grid_round_robin,56,25,0.44642857142857145,0.08928571428571429,0.375,18.074259884699472,16.102216536226475,18.074259884699472,0.1705000177025795,16.114900005050004
1198,scene0786_00,anms_4d,56,17,0.30357142857142855,0.08928571428571429,0.3392857142857143,116.82999410964729,73.98659564608883,116.82999410964729,0.7004000362940133,15.673599962610751
1199,scene0786_00,grid_round_robin,290,98,0.33793103448275863,0.1793103448275862,0.45517241379310347,1.573144694555703,9.07892313947211,9.07892313947211,0.30040001729503274,26.610600005369633
1199,scene0786_00,anms_4d,290,86,0.296551724137931,0.16896551724137931,0.4482758620689655,1.548692611184201,7.233460083787814,7.233460083787814,3.977400017902255,26.78730001207441
1200,scene0787_00,grid_round_robin,340,113,0.3323529411764706,0.24705882352941178,0.638235294117647,2.455548894589373,1.8927237216546495,2.455548894589373,0.38219999987632036,24.524100008420646
1200,scene0787_00,anms_4d,340,110,0.3235294117647059,0.24705882352941178,0.6294117647058823,1.167226222419167,1.7333328960899754,1.7333328960899754,4.853899998124689,24.903700046706945
1201,scene0787_00,grid_round_robin,199,83,0.41708542713567837,0.04522613065326633,0.17587939698492464,4.116765889904835,5.2690269616024725,5.2690269616024725,0.2593000535853207,23.24490004684776
1201,scene0787_00,anms_4d,199,77,0.3869346733668342,0.04522613065326633,0.1708542713567839,6.37187558567414,10.147874281712108,10.147874281712108,3.056099987588823,23.335799982305616
1202,scene0787_00,grid_round_robin,269,90,0.3345724907063197,0.0,0.011152416356877323,3.602703342629656,3.2401996858118047,3.602703342629656,0.30800001695752144,24.091799976304173
1202,scene0787_00,anms_4d,269,82,0.3048327137546468,0.0,0.011152416356877323,1.7041382727204517,1.6418316686927321,1.7041382727204517,3.554499999154359,24.863700033165514
1203,scene0787_00,grid_round_robin,146,31,0.21232876712328766,0.04794520547945205,0.17123287671232876,3.393198371116098,2.770904176884821,3.393198371116098,0.24369999300688505,17.2815999831073
1203,scene0787_00,anms_4d,146,28,0.1917808219178082,0.04794520547945205,0.1780821917808219,2.965775797260226,2.5278017193120315,2.965775797260226,1.7523999558761716,17.55859999684617
1204,scene0787_00,grid_round_robin,271,120,0.44280442804428044,0.0,0.0,3.3449522643742795,2.1143648985145047,3.3449522643742795,0.4388000234030187,22.899300034623593
1204,scene0787_00,anms_4d,271,120,0.44280442804428044,0.0,0.0,2.838545393139795,1.8565531868748066,2.838545393139795,3.5972000332549214,23.891499964520335
1205,scene0787_00,grid_round_robin,458,200,0.4366812227074236,0.06986899563318777,0.27510917030567683,2.0281733422662294,1.6043504670045665,2.0281733422662294,0.4072000156156719,35.83419998176396
1205,scene0787_00,anms_4d,458,190,0.4148471615720524,0.07205240174672489,0.27729257641921395,2.4604142706063086,1.5413393543753484,2.4604142706063086,6.952499970793724,32.714600034523755
1206,scene0787_00,grid_round_robin,220,109,0.4954545454545455,0.34545454545454546,0.7681818181818182,2.733919882793578,24.632734470554148,24.632734470554148,0.27300004148855805,29.94919999036938
1206,scene0787_00,anms_4d,220,100,0.45454545454545453,0.33181818181818185,0.7636363636363637,4.138263020294995,46.7237927486026,46.7237927486026,3.1097999890334904,28.298199991695583
1207,scene0787_00,grid_round_robin,249,89,0.357429718875502,0.30522088353413657,0.7630522088353414,2.376207191398295,28.378785803750954,28.378785803750954,0.33270003041252494,29.073900019284338
1207,scene0787_00,anms_4d,249,99,0.39759036144578314,0.3172690763052209,0.751004016064257,3.0762202958847333,22.349673606355164,22.349673606355164,3.391200036276132,28.00829999614507
1208,scene0787_00,grid_round_robin,320,130,0.40625,0.1,0.296875,2.0473370624890816,5.527358273701196,5.527358273701196,0.32590003684163094,34.32710003107786
1208,scene0787_00,anms_4d,320,130,0.40625,0.1125,0.30625,1.7882967594420345,4.708788397398579,4.708788397398579,4.819999972824007,32.48890000395477
1209,scene0787_00,grid_round_robin,19,14,0.7368421052631579,0.0,0.0,135.50151570146025,54.97960775560004,135.50151570146025,0.15630002599209547,2.385100000537932
1209,scene0787_00,anms_4d,19,14,0.7368421052631579,0.0,0.0,135.50151570146153,54.97960775560012,135.50151570146153,0.2627999638207257,2.6254000258632004
1210,scene0787_00,grid_round_robin,222,79,0.35585585585585583,0.13513513513513514,0.34684684684684686,2.0603779341706057,4.106599180125143,4.106599180125143,0.2794000320136547,27.31929998844862
1210,scene0787_00,anms_4d,222,78,0.35135135135135137,0.13963963963963963,0.3333333333333333,1.9845654361772282,3.461957599613261,3.461957599613261,8.792200009338558,35.75129999080673
1211,scene0787_00,grid_round_robin,141,53,0.375886524822695,0.07801418439716312,0.3333333333333333,2.14431496602098,1.4076184271050587,2.14431496602098,0.48619997687637806,22.73850003257394
1211,scene0787_00,anms_4d,141,48,0.3404255319148936,0.07092198581560284,0.3262411347517731,1.6098579588524775,1.4594947411175685,1.6098579588524775,1.7006999696604908,18.9568999921903
1212,scene0787_00,grid_round_robin,494,231,0.4676113360323887,0.19230769230769232,0.5263157894736842,0.559899382397687,2.258141144341098,2.258141144341098,0.8991000358946621,50.9328999905847
1212,scene0787_00,anms_4d,494,229,0.46356275303643724,0.19635627530364372,0.5303643724696356,0.5577846244248892,2.336849154493872,2.336849154493872,7.693500025197864,47.96260001603514
1213,scene0787_00,grid_round_robin,562,257,0.45729537366548045,0.2597864768683274,0.6814946619217082,1.3014194117199742,16.224053780074517,16.224053780074517,0.48530002823099494,61.905000009573996
1213,scene0787_00,anms_4d,562,266,0.47330960854092524,0.2580071174377224,0.6850533807829181,0.86440098654873,11.30846814635687,11.30846814635687,9.088999999221414,54.84349996550009
1214,scene0787_00,grid_round_robin,204,59,0.28921568627450983,0.00980392156862745,0.029411764705882353,5.265735084135093,5.276027555891307,5.276027555891307,0.2829000004567206,21.43129997421056
1214,scene0787_00,anms_4d,204,56,0.27450980392156865,0.00980392156862745,0.029411764705882353,7.009386518552489,8.294639390893469,8.294639390893469,2.8294000076130033,22.045399993658066
1215,scene0788_00,grid_round_robin,408,191,0.4681372549019608,0.3897058823529412,0.8431372549019608,1.268071994450404,12.058989533078172,12.058989533078172,0.3828000044450164,39.216000004671514
1215,scene0788_00,anms_4d,408,186,0.45588235294117646,0.39215686274509803,0.8382352941176471,1.260316994523045,17.264120452314327,17.264120452314327,6.131900008767843,40.52169999340549
1216,scene0788_00,grid_round_robin,364,117,0.32142857142857145,0.13736263736263737,0.43131868131868134,1.6661814568994078,3.57861140871761,3.57861140871761,0.3271999885328114,27.85259997472167
1216,scene0788_00,anms_4d,364,110,0.3021978021978022,0.14285714285714285,0.4258241758241758,2.6546110913591807,20.22170280335017,20.22170280335017,5.341999989468604,34.12780002690852
1217,scene0788_00,grid_round_robin,177,44,0.24858757062146894,0.11299435028248588,0.3333333333333333,2.9554677209710083,2.5767857254117126,2.9554677209710083,0.2587999915704131,18.89210002264008
1217,scene0788_00,anms_4d,177,44,0.24858757062146894,0.1016949152542373,0.3163841807909605,3.002606328951342,3.1655497585086865,3.1655497585086865,2.2961999638937414,18.617000023368746
1218,scene0788_00,grid_round_robin,127,44,0.3464566929133858,0.2047244094488189,0.4881889763779528,2.958677621585061,5.4772364710673145,5.4772364710673145,0.2052999916486442,17.141700023785233
1218,scene0788_00,anms_4d,127,43,0.33858267716535434,0.18110236220472442,0.47244094488188976,2.955819866955566,5.359299545032157,5.359299545032157,1.5205999952740967,17.50070002162829
1219,scene0788_00,grid_round_robin,464,152,0.3275862068965517,0.2995689655172414,0.6724137931034483,1.2170010696238454,13.257444739930648,13.257444739930648,0.39490003837272525,34.96020002057776
1219,scene0788_00,anms_4d,464,157,0.33836206896551724,0.2952586206896552,0.6616379310344828,0.6543963525817681,3.9441869336296866,3.9441869336296866,7.250700029544532,41.914000001270324
1220,scene0788_00,grid_round_robin,169,49,0.28994082840236685,0.21301775147928995,0.5857988165680473,1.7917201095163766,6.995699522024908,6.995699522024908,0.2460000105202198,20.97640000283718
1220,scene0788_00,anms_4d,169,44,0.2603550295857988,0.20710059171597633,0.5680473372781065,6.4702755467123945,24.119211994775696,24.119211994775696,2.24609998986125,20.501899998635054
1221,scene0788_00,grid_round_robin,268,115,0.4291044776119403,0.332089552238806,0.8208955223880597,0.457032404359456,4.581680293411931,4.581680293411931,0.3062000032514334,25.990800000727177
1221,scene0788_00,anms_4d,268,105,0.3917910447761194,0.31343283582089554,0.7910447761194029,0.422163024186314,3.5727653018536913,3.5727653018536913,3.513700037728995,26.719899964518845
1222,scene0788_00,grid_round_robin,94,38,0.40425531914893614,0.0425531914893617,0.18085106382978725,0.793039678681257,4.3905400849463465,4.3905400849463465,0.19589997828006744,17.655299976468086
1222,scene0788_00,anms_4d,94,38,0.40425531914893614,0.05319148936170213,0.18085106382978725,0.809441002902817,4.286560424781444,4.286560424781444,1.094500010367483,18.032199994195253
1223,scene0788_00,grid_round_robin,71,21,0.29577464788732394,0.056338028169014086,0.2535211267605634,3.7342860640244657,4.552429559945151,4.552429559945151,0.1810999820008874,14.456500008236617
1223,scene0788_00,anms_4d,71,23,0.323943661971831,0.056338028169014086,0.28169014084507044,0.9086213771066176,0.8763685647626077,0.9086213771066176,0.8593000238761306,14.584499993361533
1224,scene0788_00,grid_round_robin,415,173,0.41686746987951806,0.3686746987951807,0.8192771084337349,1.0625301957383577,1.900066771571332,1.900066771571332,0.3521000035107136,37.680699955672026
1224,scene0788_00,anms_4d,415,173,0.41686746987951806,0.35180722891566263,0.7951807228915663,1.100167539684867,1.9826391573899895,1.9826391573899895,6.478500028606504,41.549399960786104
1225,scene0788_00,grid_round_robin,552,303,0.5489130434782609,0.38405797101449274,0.8369565217391305,0.6261162077095707,0.5895279131400203,0.6261162077095707,0.45460002729669213,30.857900041155517
1225,scene0788_00,anms_4d,552,296,0.5362318840579711,0.3804347826086957,0.8405797101449275,0.5594868520868421,0.3311322962874389,0.5594868520868421,8.82139999885112,32.834299956448376
1226,scene0788_00,grid_round_robin,504,215,0.42658730158730157,0.18253968253968253,0.5436507936507936,43.064892260830355,68.64504430110252,68.64504430110252,0.4202999989502132,35.874900000635535
1226,scene0788_00,anms_4d,504,207,0.4107142857142857,0.19444444444444445,0.5456349206349206,43.0508155243331,68.80147510306756,68.80147510306756,8.398799982387573,34.19489995576441
1227,scene0788_00,grid_round_robin,305,109,0.35737704918032787,0.3114754098360656,0.7081967213114754,0.616297286261235,3.484920434134704,3.484920434134704,0.324699969496578,26.473600009921938
1227,scene0788_00,anms_4d,305,105,0.3442622950819672,0.3180327868852459,0.7081967213114754,0.6633012772451533,3.5387959744739725,3.5387959744739725,4.321700020227581,25.871400022879243
1228,scene0788_00,grid_round_robin,148,50,0.33783783783783783,0.12162162162162163,0.3783783783783784,2.3028609209582944,9.670639222166297,9.670639222166297,0.22749998606741428,20.457200007513165
1228,scene0788_00,anms_4d,148,45,0.30405405405405406,0.12837837837837837,0.3716216216216216,15.81149767490442,19.714726583188963,19.714726583188963,1.812900009099394,19.284199981484562
1229,scene0788_00,grid_round_robin,240,87,0.3625,0.2125,0.5541666666666667,1.4928619056035344,1.7400920411014131,1.7400920411014131,0.27540000155568123,24.498000042513013
1229,scene0788_00,anms_4d,240,83,0.3458333333333333,0.19583333333333333,0.5333333333333333,1.3368311884701867,0.7852155669628278,1.3368311884701867,3.1407999922521412,23.260599991772324
1230,scene0789_00,grid_round_robin,461,286,0.6203904555314533,0.18655097613882862,0.5010845986984815,2.3278874098455233,6.656203090515888,6.656203090515888,0.42399996891617775,21.183200005907565
1230,scene0789_00,anms_4d,461,287,0.6225596529284165,0.17787418655097614,0.5032537960954447,2.3888758676633497,6.782394271929619,6.782394271929619,7.068400038406253,21.185099962167442
1231,scene0789_00,grid_round_robin,414,168,0.4057971014492754,0.10869565217391304,0.321256038647343,1.3521477589069804,5.779604021478813,5.779604021478813,0.40119996992871165,33.25189999304712
1231,scene0789_00,anms_4d,414,162,0.391304347826087,0.11594202898550725,0.3188405797101449,1.3444555392747857,5.768826979173221,5.768826979173221,6.519599992316216,40.43200000887737
1232,scene0789_00,grid_round_robin,686,429,0.6253644314868805,0.10641399416909621,0.28717201166180756,1.5932405776085954,8.52744984270664,8.52744984270664,0.5469999741762877,29.429799993522465
1232,scene0789_00,anms_4d,686,420,0.6122448979591837,0.10641399416909621,0.2944606413994169,1.6216467112998443,8.615439530286835,8.615439530286835,12.19520001905039,28.999999980442226
1233,scene0789_00,grid_round_robin,685,424,0.618978102189781,0.11970802919708029,0.42773722627737226,0.8153688275096812,4.382047457619064,4.382047457619064,0.4991000168956816,29.091899981722236
1233,scene0789_00,anms_4d,685,415,0.6058394160583942,0.12116788321167883,0.4145985401459854,0.8110666310969643,4.340810135437142,4.340810135437142,12.558999995235354,28.96849997341633
1234,scene0789_00,grid_round_robin,493,304,0.6166328600405679,0.08519269776876268,0.2616632860040568,0.9191470154719071,2.5873473248837855,2.5873473248837855,0.41580002289265394,29.062099987640977
1234,scene0789_00,anms_4d,493,294,0.5963488843813387,0.08519269776876268,0.26369168356997974,0.927291730820405,2.59333755433865,2.59333755433865,7.599300006404519,21.41669997945428
1235,scene0789_00,grid_round_robin,209,99,0.47368421052631576,0.014354066985645933,0.0430622009569378,3.550362868183747,4.632826203626674,4.632826203626674,0.2845999551936984,26.101200026459992
1235,scene0789_00,anms_4d,209,98,0.4688995215311005,0.014354066985645933,0.0430622009569378,3.464314649487314,4.787629698673433,4.787629698673433,2.749200037214905,30.19799996400252
1236,scene0789_00,grid_round_robin,418,221,0.5287081339712919,0.18899521531100477,0.5598086124401914,0.7070774321756996,4.028386059384262,4.028386059384262,0.39090000791475177,33.27990003162995
1236,scene0789_00,anms_4d,418,220,0.5263157894736842,0.1937799043062201,0.5645933014354066,0.7866302836134701,4.31874584843553,4.31874584843553,6.0588999767787755,33.10020000208169
1237,scene0789_00,grid_round_robin,212,93,0.4386792452830189,0.03773584905660377,0.1179245283018868,1.9599283658444597,4.535607837733138,4.535607837733138,0.26429997524246573,25.550899968948215
1237,scene0789_00,anms_4d,212,93,0.4386792452830189,0.0330188679245283,0.10849056603773585,2.0467029071800433,4.765951179487127,4.765951179487127,3.0734999454580247,25.020900007802993
1238,scene0789_00,grid_round_robin,66,26,0.3939393939393939,0.015151515151515152,0.045454545454545456,66.5399753673976,69.7583566274974,69.7583566274974,0.1984999980777502,18.338499998208135
1238,scene0789_00,anms_4d,66,29,0.4393939393939394,0.015151515151515152,0.045454545454545456,62.90863197312079,72.88375371843338,72.88375371843338,0.7917999755591154,18.45640002284199
1239,scene0789_00,grid_round_robin,105,65,0.6190476190476191,0.009523809523809525,0.01904761904761905,4.112569236843467,2.111579001448294,4.112569236843467,0.21080003352835774,9.665199962910265
1239,scene0789_00,anms_4d,105,64,0.6095238095238096,0.009523809523809525,0.02857142857142857,3.9736113217672773,1.237329513349582,3.9736113217672773,1.7571999924257398,10.590099962428212
1240,scene0789_00,grid_round_robin,112,71,0.6339285714285714,0.017857142857142856,0.044642857142857144,3.608949200260038,0.8762022804965419,3.608949200260038,0.2666000509634614,9.57130000460893
1240,scene0789_00,anms_4d,112,71,0.6339285714285714,0.017857142857142856,0.044642857142857144,3.6804317279664347,0.9331151914250162,3.6804317279664347,1.4754000003449619,9.055300033651292
1241,scene0789_00,grid_round_robin,488,318,0.6516393442622951,0.028688524590163935,0.06967213114754098,2.3503769648359443,2.396438743607637,2.396438743607637,0.4561000387184322,21.335400000680238
1241,scene0789_00,anms_4d,488,317,0.6495901639344263,0.028688524590163935,0.06762295081967214,2.350220259233423,2.395158870719155,2.395158870719155,7.5727999792434275,20.153400022536516
1242,scene0789_00,grid_round_robin,210,125,0.5952380952380952,0.09523809523809523,0.2571428571428571,1.2172363787448952,0.34018789424511,1.2172363787448952,0.26760000037029386,14.624400006141514
1242,scene0789_00,anms_4d,210,122,0.580952380952381,0.09047619047619047,0.24285714285714285,1.2219424618717238,0.33374889999096685,1.2219424618717238,2.6379000046290457,13.979600043967366
1243,scene0789_00,grid_round_robin,175,109,0.6228571428571429,0.045714285714285714,0.13714285714285715,1.4749964323232532,2.523923920670273,2.523923920670273,0.7601000252179801,9.290599962696433
1243,scene0789_00,anms_4d,175,109,0.6228571428571429,0.06285714285714286,0.16,1.4654959977469058,2.554811751708473,2.554811751708473,2.1410000044852495,9.136099950410426
1244,scene0789_00,grid_round_robin,293,184,0.6279863481228669,0.13310580204778158,0.4880546075085324,0.44598265160203304,1.846079047100897,1.846079047100897,0.3263000398874283,13.138400041498244
1244,scene0789_00,anms_4d,293,190,0.6484641638225256,0.13310580204778158,0.4880546075085324,0.42932119430122884,2.039710835279157,2.039710835279157,3.8927000132389367,15.176599961705506
1245,scene0790_00,grid_round_robin,332,131,0.39457831325301207,0.1716867469879518,0.4608433734939759,2.2133274119494195,14.567473085473583,14.567473085473583,0.3507999936118722,33.474700001534075
1245,scene0790_00,anms_4d,332,132,0.39759036144578314,0.1716867469879518,0.47289156626506024,2.401016750132652,16.250123561135304,16.250123561135304,4.850100027397275,33.964900008868426
1246,scene0790_00,grid_round_robin,268,148,0.5522388059701493,0.22014925373134328,0.585820895522388,1.883905115812422,19.865597802192102,19.865597802192102,0.3227999550290406,21.778399997856468
1246,scene0790_00,anms_4d,268,142,0.5298507462686567,0.22014925373134328,0.5932835820895522,1.9967756986331344,20.251512570886938,20.251512570886938,3.500299993902445,24.73990002181381
1247,scene0790_00,grid_round_robin,302,119,0.39403973509933776,0.16556291390728478,0.4867549668874172,3.7400249359193385,59.80376772126115,59.80376772126115,0.34609995782375336,31.54620004352182
1247,scene0790_00,anms_4d,302,110,0.36423841059602646,0.15562913907284767,0.48013245033112584,3.9182225379748905,53.76352530683927,53.76352530683927,4.801400005817413,32.560199964791536
1248,scene0790_00,grid_round_robin,344,168,0.4883720930232558,0.2441860465116279,0.6802325581395349,1.317140073706909,14.846416336466762,14.846416336466762,0.3619000199250877,40.661799954250455
1248,scene0790_00,anms_4d,344,163,0.4738372093023256,0.23837209302325582,0.6773255813953488,1.1697273333559932,12.557326276933109,12.557326276933109,5.097199988085777,50.00119999749586
1249,scene0790_00,grid_round_robin,150,75,0.5,0.04,0.18,1.7544345139933268,2.2500142527847005,2.2500142527847005,0.23930001771077514,20.70090000052005
1249,scene0790_00,anms_4d,150,66,0.44,0.04,0.18,1.395397538012322,4.177387144706083,4.177387144706083,1.832999987527728,20.99730004556477
1250,scene0790_00,grid_round_robin,213,95,0.4460093896713615,0.0892018779342723,0.29107981220657275,1.59255813529623,3.3624555262526505,3.3624555262526505,0.24339999072253704,26.989400037564337
1250,scene0790_00,anms_4d,213,92,0.431924882629108,0.09859154929577464,0.3051643192488263,1.5528247536295507,3.2945253932214946,3.2945253932214946,3.126499999780208,24.16510001057759
1251,scene0790_00,grid_round_robin,321,123,0.38317757009345793,0.09657320872274143,0.3644859813084112,3.0509973048692802,8.376500483519694,8.376500483519694,0.3079000161960721,31.6160999936983
1251,scene0790_00,anms_4d,321,122,0.38006230529595014,0.09657320872274143,0.3644859813084112,3.0777466979919246,8.440564222156516,8.440564222156516,4.495900007896125,33.385600021574646
1252,scene0790_00,grid_round_robin,342,175,0.5116959064327485,0.37719298245614036,0.8391812865497076,0.9096152123495131,7.121848153224975,7.121848153224975,0.3307000151835382,34.17060000356287
1252,scene0790_00,anms_4d,342,167,0.48830409356725146,0.3742690058479532,0.8304093567251462,0.9360099663378253,7.082014941152536,7.082014941152536,4.708799999207258,38.08600001502782
1253,scene0790_00,grid_round_robin,419,225,0.5369928400954654,0.38424821002386633,0.8233890214797136,0.447823600211185,4.509122662796755,4.509122662796755,0.4256999818608165,30.687999969813973
1253,scene0790_00,anms_4d,419,209,0.4988066825775656,0.3723150357995227,0.8186157517899761,0.5420645418792377,4.6883432376330125,4.6883432376330125,6.252799998037517,46.02860001614317
1254,scene0790_00,grid_round_robin,420,194,0.46190476190476193,0.2357142857142857,0.7309523809523809,0.6203473320183988,1.3072276639100031,1.3072276639100031,0.36420003743842244,33.06819999124855
1254,scene0790_00,anms_4d,420,190,0.4523809523809524,0.24285714285714285,0.7309523809523809,0.680427335236242,0.7090804999059483,0.7090804999059483,6.4570000395178795,37.236600008327514
1255,scene0790_00,grid_round_robin,233,111,0.47639484978540775,0.09012875536480687,0.3218884120171674,3.2402629662068763,2.621611632222394,3.2402629662068763,0.2867999719455838,24.136000021826476
1255,scene0790_00,anms_4d,233,112,0.48068669527896996,0.0815450643776824,0.3090128755364807,5.9290898968042836,9.310398127427838,9.310398127427838,3.1516000162810087,27.314400009345263
1256,scene0790_00,grid_round_robin,371,267,0.7196765498652291,0.14016172506738545,0.3719676549865229,4.190902706579331,7.6090392507001345,7.6090392507001345,0.4373999545350671,8.819300041068345
1256,scene0790_00,anms_4d,371,261,0.7035040431266847,0.1347708894878706,0.3611859838274933,4.114690780726774,7.474012830799188,7.474012830799188,9.200000029522926,12.095499958377331
1257,scene0790_00,grid_round_robin,432,275,0.6365740740740741,0.39351851851851855,0.8564814814814815,1.4590770495541587,3.74893565126137,3.74893565126137,0.40419999277219176,25.6525999866426
1257,scene0790_00,anms_4d,432,273,0.6319444444444444,0.37962962962962965,0.8495370370370371,1.4586645655135482,3.727051263936781,3.727051263936781,6.55019999248907,23.192199994809926
1258,scene0790_00,grid_round_robin,132,59,0.44696969696969696,0.09848484848484848,0.3939393939393939,12.082762988509744,79.07159976006268,79.07159976006268,0.21739996736869216,21.966899977996945
1258,scene0790_00,anms_4d,132,57,0.4318181818181818,0.10606060606060606,0.4090909090909091,12.081924924728877,79.04510194067177,79.04510194067177,1.67420000070706,20.59259999077767
1259,scene0790_00,grid_round_robin,187,112,0.5989304812834224,0.2620320855614973,0.7379679144385026,4.461908530086417,75.96119379189392,75.96119379189392,0.5087999743409455,14.79679998010397
1259,scene0790_00,anms_4d,187,107,0.5721925133689839,0.25668449197860965,0.7219251336898396,4.46263372870545,75.8449803356879,75.8449803356879,2.3554000072181225,16.31689997157082
1260,scene0791_00,grid_round_robin,86,36,0.4186046511627907,0.16279069767441862,0.36046511627906974,1.81910956349896,0.2572100953480692,1.81910956349896,0.194900028873235,17.20890001161024
1260,scene0791_00,anms_4d,86,34,0.3953488372093023,0.1744186046511628,0.37209302325581395,1.4886401327247303,0.36852289237237434,1.4886401327247303,1.0070999851450324,16.794700000900775
1261,scene0791_00,grid_round_robin,76,42,0.5526315789473685,0.06578947368421052,0.09210526315789473,2.2460696431519125,1.4928590240203168,2.2460696431519125,0.1903000520542264,11.377000017091632
1261,scene0791_00,anms_4d,76,42,0.5526315789473685,0.06578947368421052,0.09210526315789473,2.5271424573375585,1.5372737308972826,2.5271424573375585,1.0417000157758594,11.214400001335889
1262,scene0791_00,grid_round_robin,166,68,0.40963855421686746,0.05421686746987952,0.26506024096385544,2.8716919432103176,5.419112021692591,5.419112021692591,0.23380003403872252,20.619899965822697
1262,scene0791_00,anms_4d,166,67,0.4036144578313253,0.060240963855421686,0.27710843373493976,0.8208960262640678,0.6702552384106714,0.8208960262640678,2.4413999635726213,20.64040000550449
1263,scene0791_00,grid_round_robin,348,175,0.5028735632183908,0.28735632183908044,0.632183908045977,0.6133561444467944,7.913815344531251,7.913815344531251,0.3323000273667276,31.323499977588654
1263,scene0791_00,anms_4d,348,175,0.5028735632183908,0.28160919540229884,0.6408045977011494,0.6453915113121905,8.193109892704673,8.193109892704673,11.391500011086464,33.58819999266416
1264,scene0791_00,grid_round_robin,279,122,0.43727598566308246,0.16129032258064516,0.3870967741935484,0.8834208345164251,1.6029936028101082,1.6029936028101082,0.3021999727934599,33.97170000243932
1264,scene0791_00,anms_4d,279,118,0.4229390681003584,0.17562724014336917,0.40860215053763443,1.09173095339472,2.515481402062724,2.515481402062724,7.346900005359203,29.233100009150803
1265,scene0791_00,grid_round_robin,242,75,0.30991735537190085,0.10330578512396695,0.3140495867768595,1.1381827473196373,5.46026301790244,5.46026301790244,0.27520000003278255,24.437300045974553
1265,scene0791_00,anms_4d,242,71,0.29338842975206614,0.10330578512396695,0.30578512396694213,1.115614752115058,4.84601015615248,4.84601015615248,3.2426000107079744,25.56340000592172
1266,scene0791_00,grid_round_robin,16,7,0.4375,0.0,0.0,79.69483487067339,80.33371811473366,80.33371811473366,0.14650000957772136,13.039300043601543
1266,scene0791_00,anms_4d,16,7,0.4375,0.0,0.0,134.29214924447135,64.95702871023838,134.29214924447135,0.2429999876767397,18.320599978324026
1267,scene0791_00,grid_round_robin,143,57,0.3986013986013986,0.027972027972027972,0.06293706293706294,2.456961986976552,5.465266551131622,5.465266551131622,0.27520000003278255,19.929500005673617
1267,scene0791_00,anms_4d,143,52,0.36363636363636365,0.027972027972027972,0.06293706293706294,0.3405341319885355,2.240562390058929,2.240562390058929,1.747199974488467,20.977300009690225
1268,scene0791_00,grid_round_robin,139,43,0.30935251798561153,0.014388489208633094,0.03597122302158273,1.2273192169081595,2.6689491450292033,2.6689491450292033,0.2272999845445156,20.346499979496002
1268,scene0791_00,anms_4d,139,43,0.30935251798561153,0.014388489208633094,0.03597122302158273,1.160008397495555,2.706505279165253,2.706505279165253,1.705200003925711,19.260299974121153
1269,scene0791_00,grid_round_robin,19,10,0.5263157894736842,0.0,0.0,121.17313537488664,47.40537225671884,121.17313537488664,0.18440000712871552,11.591199960093945
1269,scene0791_00,anms_4d,19,10,0.5263157894736842,0.0,0.0,121.1731353748824,47.40537225671758,121.1731353748824,0.26510003954172134,11.728999961633235
1270,scene0791_00,grid_round_robin,89,33,0.3707865168539326,0.07865168539325842,0.11235955056179775,0.41701048836301396,2.1398281478105856,2.1398281478105856,0.19799999427050352,18.286500009708107
1270,scene0791_00,anms_4d,89,34,0.38202247191011235,0.0898876404494382,0.12359550561797752,2.258353735413751,5.830679203186322,5.830679203186322,1.0708000045269728,17.259499989449978
1271,scene0791_00,grid_round_robin,122,59,0.48360655737704916,0.11475409836065574,0.30327868852459017,8.697003394150318,22.81720733510718,22.81720733510718,0.3396000247448683,19.57509998464957
1271,scene0791_00,anms_4d,122,57,0.4672131147540984,0.11475409836065574,0.28688524590163933,8.684485472784452,22.772304545447344,22.772304545447344,1.5930000226944685,19.280500011518598
1272,scene0791_00,grid_round_robin,125,66,0.528,0.128,0.32,3.262114276184991,3.4523886639010946,3.4523886639010946,0.21809997269883752,19.30240000365302
1272,scene0791_00,anms_4d,125,60,0.48,0.12,0.288,3.372415385628444,3.813702056919884,3.813702056919884,1.4943999703973532,19.635299977380782
1273,scene0791_00,grid_round_robin,235,108,0.4595744680851064,0.23404255319148937,0.7404255319148936,1.1778252030026297,2.190237196013511,2.190237196013511,0.27730001602321863,26.7075999872759
1273,scene0791_00,anms_4d,235,110,0.46808510638297873,0.24680851063829787,0.7446808510638298,1.4644717127305287,6.110245068700044,6.110245068700044,3.551199974026531,25.041599990800023
1274,scene0791_00,grid_round_robin,99,40,0.40404040404040403,0.1111111111111111,0.3838383838383838,2.1689203261185788,0.9809365127848276,2.1689203261185788,0.20760000916197896,18.20749999023974
1274,scene0791_00,anms_4d,99,39,0.3939393939393939,0.1111111111111111,0.3838383838383838,4.074145331283964,5.739561030243671,5.739561030243671,1.1496000224724412,18.572300032246858
1275,scene0792_00,grid_round_robin,231,87,0.37662337662337664,0.08658008658008658,0.2077922077922078,0.6286888820305094,3.0792665319562884,3.0792665319562884,0.29830000130459666,23.717099975328892
1275,scene0792_00,anms_4d,231,82,0.354978354978355,0.09090909090909091,0.21212121212121213,0.7864287451486692,2.425692846873809,2.425692846873809,2.8859999729320407,23.60180002870038
1276,scene0792_00,grid_round_robin,236,74,0.3135593220338983,0.211864406779661,0.6779661016949152,0.6409232866601884,0.6545463167821065,0.6545463167821065,0.3013000241480768,21.624399989377707
1276,scene0792_00,anms_4d,236,68,0.288135593220339,0.2033898305084746,0.652542372881356,0.40504351842926106,1.1122415789942752,1.1122415789942752,3.0382000259123743,20.999700005631894
1277,scene0792_00,grid_round_robin,555,240,0.43243243243243246,0.12072072072072072,0.44504504504504505,0.5485017172232324,10.919433893811014,10.919433893811014,0.4684000159613788,48.39380003977567
1277,scene0792_00,anms_4d,555,233,0.4198198198198198,0.12612612612612611,0.44684684684684683,0.384134142301677,9.28685038753824,9.28685038753824,9.023199963849038,56.5426999819465
1278,scene0792_00,grid_round_robin,313,125,0.3993610223642173,0.25878594249201275,0.7188498402555911,1.502183399982252,4.992621091215506,4.992621091215506,0.3179999766871333,27.902300003916025
1278,scene0792_00,anms_4d,313,133,0.4249201277955272,0.25878594249201275,0.7156549520766773,0.9907883023896534,3.151824277777393,3.151824277777393,4.224700038321316,29.28659995086491
1279,scene0792_00,grid_round_robin,537,261,0.4860335195530726,0.2849162011173184,0.7486033519553073,0.39042320541255465,0.9997181210163941,0.9997181210163941,0.4668000037781894,53.24869998730719
1279,scene0792_00,anms_4d,537,257,0.478584729981378,0.28677839851024206,0.750465549348231,1.6079001760989788,6.268979384782324,6.268979384782324,8.429299981798977,46.828499995172024
1280,scene0792_00,grid_round_robin,463,181,0.39092872570194387,0.28077753779697623,0.6673866090712743,1.252881463124854,6.210596217728811,6.210596217728811,0.4026999813504517,37.37640002509579
1280,scene0792_00,anms_4d,463,174,0.3758099352051836,0.2786177105831533,0.6609071274298056,1.171437709704063,6.566935587524204,6.566935587524204,6.894399994052947,37.12769999401644
1281,scene0792_00,grid_round_robin,453,200,0.44150110375275936,0.24944812362030905,0.6578366445916115,1.2591199134131783,18.41068227749213,18.41068227749213,0.41480001527816057,46.84959998121485
1281,scene0792_00,anms_4d,453,199,0.4392935982339956,0.24724061810154527,0.6534216335540839,1.186890507311046,14.599160988113079,14.599160988113079,6.814900028984994,49.59780001081526
1282,scene0792_00,grid_round_robin,245,72,0.2938775510204082,0.09795918367346938,0.32653061224489793,2.466990577893269,1.8939984583378033,2.466990577893269,0.2835000050254166,21.8433000263758
1282,scene0792_00,anms_4d,245,71,0.2897959183673469,0.10204081632653061,0.34285714285714286,2.1168495208228775,2.3474878624306466,2.3474878624306466,3.3603000338189304,22.869200038257986
1283,scene0792_00,grid_round_robin,313,85,0.2715654952076677,0.10862619808306709,0.3993610223642173,1.906293978672565,9.412423305489876,9.412423305489876,0.30639994656667113,24.560899997595698
1283,scene0792_00,anms_4d,313,85,0.2715654952076677,0.11501597444089456,0.4057507987220447,3.3136154141315437,14.332663451431884,14.332663451431884,4.185800033155829,27.94279996305704
1284,scene0792_00,grid_round_robin,282,74,0.2624113475177305,0.14184397163120568,0.4397163120567376,0.7672023326587518,2.8005448459763658,2.8005448459763658,0.334200041834265,21.88759995624423
1284,scene0792_00,anms_4d,282,68,0.24113475177304963,0.13120567375886524,0.4432624113475177,0.3533660030439189,2.692973451224776,2.692973451224776,4.043199995066971,21.970000001601875
1285,scene0792_00,grid_round_robin,205,58,0.28292682926829266,0.17073170731707318,0.47804878048780486,1.9224405143929002,8.009783912196495,8.009783912196495,0.30449999030679464,21.278600033838302
1285,scene0792_00,anms_4d,205,52,0.25365853658536586,0.18048780487804877,0.4634146341463415,2.4851487198792785,13.071038674369628,13.071038674369628,2.598299994133413,21.077799960039556
1286,scene0792_00,grid_round_robin,290,97,0.33448275862068966,0.16206896551724137,0.4862068965517241,1.5169118256356036,7.809402288162516,7.809402288162516,0.3163000219501555,27.958999969996512
1286,scene0792_00,anms_4d,290,90,0.3103448275862069,0.16206896551724137,0.4689655172413793,1.4642786893542823,7.62106668672638,7.62106668672638,3.8604000001214445,29.46190000511706
1287,scene0792_00,grid_round_robin,345,115,0.3333333333333333,0.2579710144927536,0.6550724637681159,0.5011450790500298,6.709722788355539,6.709722788355539,0.41939999209716916,30.58789996430278
1287,scene0792_00,anms_4d,345,118,0.34202898550724636,0.2579710144927536,0.6347826086956522,1.2047417902778055,7.034251278408454,7.034251278408454,4.995099967345595,34.54109997255728
1288,scene0792_00,grid_round_robin,253,82,0.3241106719367589,0.22924901185770752,0.5928853754940712,5.109031006917857,19.048984174917454,19.048984174917454,0.3160999622195959,27.120199985802174
1288,scene0792_00,anms_4d,253,85,0.3359683794466403,0.21739130434782608,0.5849802371541502,5.154076312759423,18.75082894120966,18.75082894120966,3.465999965555966,25.20939998794347
1289,scene0792_00,grid_round_robin,355,154,0.43380281690140843,0.11830985915492957,0.5267605633802817,0.46049310394203335,3.6638319031956765,3.6638319031956765,0.3507999936118722,34.96560000348836
1289,scene0792_00,anms_4d,355,147,0.4140845070422535,0.1352112676056338,0.5352112676056338,0.32302229305570507,1.485752481501786,1.485752481501786,4.9291999894194305,33.59249996719882
1290,scene0793_00,grid_round_robin,315,181,0.5746031746031746,0.06031746031746032,0.22857142857142856,2.085321059401455,3.8514919219502324,3.8514919219502324,0.34089997643604875,22.478000028058887
1290,scene0793_00,anms_4d,315,178,0.5650793650793651,0.05396825396825397,0.21904761904761905,1.776242780580873,3.760975056513194,3.760975056513194,4.612600023392588,20.49219998298213
1291,scene0793_00,grid_round_robin,476,318,0.6680672268907563,0.21008403361344538,0.5378151260504201,2.8652947043115815,6.619393529679499,6.619393529679499,0.4664000007323921,17.631900031119585
1291,scene0793_00,anms_4d,476,315,0.6617647058823529,0.21008403361344538,0.5378151260504201,2.9507659717218626,7.4635577516979135,7.4635577516979135,9.169300028588623,23.456400027498603
1292,scene0793_00,grid_round_robin,177,49,0.2768361581920904,0.10734463276836158,0.2937853107344633,15.208227353588473,13.688290111517658,15.208227353588473,0.23549998877570033,19.386200001463294
1292,scene0793_00,anms_4d,177,47,0.2655367231638418,0.11299435028248588,0.2937853107344633,13.526322222626238,12.173182790346798,13.526322222626238,2.1949000074528158,17.946999985724688
1293,scene0793_00,grid_round_robin,475,280,0.5894736842105263,0.24421052631578946,0.6842105263157895,1.4000267691207005,12.569379901883003,12.569379901883003,0.3986000083386898,29.650999989826232
1293,scene0793_00,anms_4d,475,282,0.5936842105263158,0.24,0.6821052631578948,1.3209564941012135,12.236156782107228,12.236156782107228,14.394400001037866,26.599599979817867
1294,scene0793_00,grid_round_robin,170,113,0.6647058823529411,0.0,0.0,3.2287332317108874,4.366765876211097,4.366765876211097,0.25049998657777905,7.953799969982356
1294,scene0793_00,anms_4d,170,114,0.6705882352941176,0.0,0.0,3.312185314084788,4.158242449685061,4.158242449685061,2.2758999839425087,8.479600015562028
1295,scene0793_00,grid_round_robin,152,96,0.631578947368421,0.0,0.0,3.586763807055352,4.3219552501257965,4.3219552501257965,0.23990002227947116,9.688100020866841
1295,scene0793_00,anms_4d,152,96,0.631578947368421,0.0,0.0,3.590273086071497,4.601400944814017,4.601400944814017,2.010099997278303,8.25110002188012
1296,scene0793_00,grid_round_robin,251,139,0.5537848605577689,0.1593625498007968,0.5617529880478087,1.4760568996251184,4.771296268726101,4.771296268726101,0.2688000095076859,20.915000000968575
1296,scene0793_00,anms_4d,251,136,0.5418326693227091,0.16733067729083664,0.5577689243027888,1.486134862287543,4.8049166012594045,4.8049166012594045,3.31429997459054,21.52780001051724
1297,scene0793_00,grid_round_robin,238,110,0.46218487394957986,0.15546218487394958,0.42016806722689076,0.38743052991693,11.376162436337063,11.376162436337063,0.29449997236952186,24.2994999862276
1297,scene0793_00,anms_4d,238,103,0.4327731092436975,0.14285714285714285,0.3949579831932773,0.3703934702858987,11.415544709625083,11.415544709625083,3.078899986576289,23.972700000740588
1298,scene0793_00,grid_round_robin,357,173,0.484593837535014,0.15406162464985995,0.42857142857142855,0.7841562885516747,2.2632957614561793,2.2632957614561793,0.40220003575086594,31.601800001226366
1298,scene0793_00,anms_4d,357,171,0.4789915966386555,0.14285714285714285,0.4117647058823529,0.9411365973184855,2.5731987404205396,2.5731987404205396,4.934899974614382,29.896699998062104
1299,scene0793_00,grid_round_robin,474,256,0.540084388185654,0.22573839662447256,0.4767932489451477,0.11625766515890591,3.5472659363775674,3.5472659363775674,0.41480001527816057,36.46420000586659
1299,scene0793_00,anms_4d,474,256,0.540084388185654,0.22151898734177214,0.47257383966244726,0.28695767051995774,3.2346712861167397,3.2346712861167397,7.409400015603751,31.15949995117262
1300,scene0793_00,grid_round_robin,235,63,0.2680851063829787,0.05531914893617021,0.14042553191489363,12.361508806080426,24.872623581773862,24.872623581773862,0.30159996822476387,25.300700042862445
1300,scene0793_00,anms_4d,235,69,0.2936170212765957,0.05106382978723404,0.13617021276595745,5.527154924152328,5.499840805561464,5.527154924152328,3.0400999821722507,26.295999996364117
1301,scene0793_00,grid_round_robin,296,157,0.5304054054054054,0.0,0.0,5.034597023799905,41.02206055049424,41.02206055049424,0.33389998134225607,26.220600004307926
1301,scene0793_00,anms_4d,296,146,0.49324324324324326,0.0,0.0,7.574963309639371,80.46175798244552,80.46175798244552,3.9538000128231943,31.954200007021427
1302,scene0793_00,grid_round_robin,456,284,0.6228070175438597,0.25877192982456143,0.5855263157894737,2.1310285465906387,1.2042081111078973,2.1310285465906387,0.3961999900639057,15.542500012088567
1302,scene0793_00,anms_4d,456,255,0.5592105263157895,0.25219298245614036,0.5701754385964912,2.1529358213985255,0.9662501643897254,2.1529358213985255,6.931499985512346,26.306699961423874
1303,scene0793_00,grid_round_robin,391,156,0.3989769820971867,0.2710997442455243,0.6342710997442456,4.272958529592356,16.05735543948773,16.05735543948773,0.4097999772056937,41.87429999001324
1303,scene0793_00,anms_4d,391,157,0.40153452685422,0.2710997442455243,0.639386189258312,3.373211016173676,13.008756167872772,13.008756167872772,5.614200024865568,35.860000003594905
1304,scene0793_00,grid_round_robin,409,255,0.6234718826405868,0.0,0.019559902200488997,2.206114563708512,5.748542706988612,5.748542706988612,0.3816999960690737,19.89779999712482
1304,scene0793_00,anms_4d,409,247,0.6039119804400978,0.0,0.02444987775061125,2.204210396492104,5.546886906296236,5.546886906296236,6.721400015521795,19.94229998672381
1305,scene0794_00,grid_round_robin,449,181,0.40311804008908686,0.24721603563474387,0.6391982182628062,0.5269198880517048,0.6989667311868656,0.6989667311868656,0.535300001502037,37.43399999802932
1305,scene0794_00,anms_4d,449,178,0.39643652561247217,0.24721603563474387,0.6325167037861915,0.684550872021351,1.7926480568079792,1.7926480568079792,6.634199991822243,34.60250003263354
1306,scene0794_00,grid_round_robin,249,59,0.23694779116465864,0.1285140562248996,0.40963855421686746,1.2666920765880143,2.565420920058987,2.565420920058987,0.29390002600848675,23.52190000237897
1306,scene0794_00,anms_4d,249,53,0.21285140562248997,0.12449799196787148,0.40963855421686746,0.8040590780393818,0.4264183447115942,0.8040590780393818,3.654400003142655,21.026499976869673
1307,scene0794_00,grid_round_robin,214,118,0.5514018691588785,0.11682242990654206,0.32710280373831774,1.0391281008474145,3.27139891925281,3.27139891925281,0.3513999981805682,15.889100031927228
1307,scene0794_00,anms_4d,214,119,0.5560747663551402,0.11214953271028037,0.3411214953271028,1.0008480956175145,3.3384157600806863,3.3384157600806863,2.713399997446686,16.16270001977682
1308,scene0794_00,grid_round_robin,196,73,0.37244897959183676,0.15306122448979592,0.4030612244897959,0.6786283250292211,2.812265877354254,2.812265877354254,0.24229998234659433,21.7813000199385
1308,scene0794_00,anms_4d,196,72,0.3673469387755102,0.14795918367346939,0.413265306122449,1.333317079655151,1.8967184615860306,1.8967184615860306,3.2316999859176576,21.296999999321997
1309,scene0794_00,grid_round_robin,176,66,0.375,0.20454545454545456,0.45454545454545453,2.38673176308849,1.6269087469111176,2.38673176308849,0.2321999636478722,18.670600024051964
1309,scene0794_00,anms_4d,176,66,0.375,0.19318181818181818,0.4375,1.4504857631826105,0.730125867468459,1.4504857631826105,2.1971999667584896,17.85040000686422
1310,scene0794_00,grid_round_robin,561,157,0.2798573975044563,0.24242424242424243,0.6167557932263814,0.47568488878288595,14.623914323480523,14.623914323480523,0.44490001164376736,38.60420000273734
1310,scene0794_00,anms_4d,561,151,0.26916221033868093,0.2281639928698752,0.6078431372549019,0.45487918379451625,3.2426647551313525,3.2426647551313525,9.340699994936585,35.678000014740974
1311,scene0794_00,grid_round_robin,246,71,0.2886178861788618,0.1016260162601626,0.44715447154471544,1.014583424693873,5.905460545754255,5.905460545754255,0.29310001991689205,22.04199996776879
1311,scene0794_00,anms_4d,246,71,0.2886178861788618,0.1016260162601626,0.44715447154471544,1.3301193070996176,6.155821113333674,6.155821113333674,3.1721999985165894,21.568300027865916
1312,scene0794_00,grid_round_robin,213,80,0.3755868544600939,0.06103286384976526,0.29107981220657275,0.9254012050883659,1.354477394193478,1.354477394193478,0.2749999985098839,20.076599961612374
1312,scene0794_00,anms_4d,213,77,0.3615023474178404,0.06103286384976526,0.29577464788732394,0.9259707479913254,1.374743096990481,1.374743096990481,2.6904999976977706,20.160799962468445
1313,scene0794_00,grid_round_robin,182,62,0.34065934065934067,0.14285714285714285,0.3956043956043956,0.6894754027213629,1.3238510618107648,1.3238510618107648,0.25350000942125916,18.081000016536564
1313,scene0794_00,anms_4d,182,62,0.34065934065934067,0.15934065934065933,0.3956043956043956,0.8764914710495191,1.2252038917284762,1.2252038917284762,2.2844999912194908,17.446299956645817
1314,scene0794_00,grid_round_robin,363,128,0.3526170798898072,0.09917355371900827,0.27823691460055094,1.4663073704317353,2.1178112995797327,2.1178112995797327,0.332099967636168,28.98150001419708
1314,scene0794_00,anms_4d,363,133,0.36639118457300274,0.09917355371900827,0.2644628099173554,1.98310877449624,3.2184332709129326,3.2184332709129326,5.0338999717496336,29.077499988488853
1315,scene0794_00,grid_round_robin,100,26,0.26,0.09,0.21,0.6459243653707939,1.1543748639955635,1.1543748639955635,0.21540001034736633,26.472400000784546
1315,scene0794_00,anms_4d,100,27,0.27,0.09,0.21,2.7753397227792034,2.021408893727675,2.7753397227792034,1.3009999529458582,15.533700003288686
1316,scene0794_00,grid_round_robin,322,116,0.36024844720496896,0.09937888198757763,0.2701863354037267,1.0918487550647125,3.1149535724143105,3.1149535724143105,0.33849995816126466,29.80250003747642
1316,scene0794_00,anms_4d,322,114,0.35403726708074534,0.09316770186335403,0.2608695652173913,0.8915265409090108,2.2216113358049223,2.2216113358049223,4.97219996759668,27.65410003485158
1317,scene0794_00,grid_round_robin,429,207,0.4825174825174825,0.38694638694638694,0.8065268065268065,0.37492248960836655,4.494728461933611,4.494728461933611,0.36609999369829893,32.41159999743104
1317,scene0794_00,anms_4d,429,203,0.4731934731934732,0.37995337995337997,0.8088578088578089,0.3967948116683906,4.650370795488807,4.650370795488807,6.499300012364984,46.27079999772832
1318,scene0794_00,grid_round_robin,6,5,0.8333333333333334,0.16666666666666666,0.16666666666666666,160.05307363851617,29.233605353661268,160.05307363851617,0.14640000881627202,1.3154000043869019
1318,scene0794_00,anms_4d,6,5,0.8333333333333334,0.16666666666666666,0.16666666666666666,160.05307363851617,29.233605353661268,160.05307363851617,0.1385000068694353,1.0810000239871442
1319,scene0794_00,grid_round_robin,480,214,0.44583333333333336,0.2125,0.5458333333333333,1.0891033251783688,9.01178569916078,9.01178569916078,0.4118999931961298,39.112099970225245
1319,scene0794_00,anms_4d,480,212,0.44166666666666665,0.20833333333333334,0.5541666666666667,1.1716813643402728,7.645555541732424,7.645555541732424,7.540800026617944,31.9135999889113
1320,scene0795_00,grid_round_robin,216,100,0.46296296296296297,0.06018518518518518,0.4398148148148148,2.458493217859498,5.6920308858292135,5.6920308858292135,0.2744999947026372,22.19439996406436
1320,scene0795_00,anms_4d,216,98,0.4537037037037037,0.06018518518518518,0.4351851851851852,1.3655759383806327,2.461477649028777,2.461477649028777,2.7316000196151435,30.159999965690076
1321,scene0795_00,grid_round_robin,426,169,0.3967136150234742,0.1596244131455399,0.4859154929577465,0.6324656377394047,4.252448268272754,4.252448268272754,0.368200009688735,31.356299994513392
1321,scene0795_00,anms_4d,426,162,0.38028169014084506,0.1643192488262911,0.4859154929577465,0.8356079312863074,3.0772782691460123,3.0772782691460123,6.308500014711171,32.15039998758584
1322,scene0795_00,grid_round_robin,32,10,0.3125,0.0,0.0625,44.76839234738861,11.861576718236584,44.76839234738861,0.19109999993816018,13.525000016670674
1322,scene0795_00,anms_4d,32,10,0.3125,0.0,0.03125,155.01560819312374,65.15879563777283,155.01560819312374,0.4194999928586185,13.525000016670674
1323,scene0795_00,grid_round_robin,20,9,0.45,0.05,0.15,79.47091917097026,41.9146625317338,79.47091917097026,0.1574999769218266,15.581499959807843
1323,scene0795_00,anms_4d,20,8,0.4,0.0,0.1,86.08606240604227,38.18984311548366,86.08606240604227,0.29390002600848675,14.050500001758337
1324,scene0795_00,grid_round_robin,351,112,0.3190883190883191,0.008547008547008548,0.039886039886039885,1.214913835240996,2.3271357442160423,2.3271357442160423,0.36860001273453236,26.136200001928955
1324,scene0795_00,anms_4d,351,107,0.30484330484330485,0.008547008547008548,0.039886039886039885,1.092619594829479,1.9613324542483566,1.9613324542483566,5.093799962196499,25.542600022163242
1325,scene0795_00,grid_round_robin,229,81,0.3537117903930131,0.017467248908296942,0.021834061135371178,1.078449686460099,2.1273838176463205,2.1273838176463205,0.2649999805726111,19.885500019881874
1325,scene0795_00,anms_4d,229,72,0.314410480349345,0.021834061135371178,0.03056768558951965,1.4895659439248234,1.718076917662161,1.718076917662161,2.97510001109913,19.430899992585182
1326,scene0795_00,grid_round_robin,256,120,0.46875,0.1328125,0.46875,1.370933998030485,0.7966877453729339,1.370933998030485,0.2938000252470374,22.67169998958707
1326,scene0795_00,anms_4d,256,115,0.44921875,0.125,0.453125,1.0787012118852128,0.33052643195302506,1.0787012118852128,3.2481999951414764,23.643099993932992
1327,scene0795_00,grid_round_robin,431,185,0.42923433874709976,0.11832946635730858,0.35730858468677495,1.9328765101572314,5.470625189955402,5.470625189955402,0.4354999982751906,38.36040000896901
1327,scene0795_00,anms_4d,431,184,0.42691415313225056,0.12064965197215777,0.3642691415313225,2.4757470856512027,6.7071201858629,6.7071201858629,10.913199977949262,36.363899998832494
1328,scene0795_00,grid_round_robin,270,137,0.5074074074074074,0.037037037037037035,0.08148148148148149,1.7869588590159808,1.7116650926691437,1.7869588590159808,0.3228000132367015,24.197200022172183
1328,scene0795_00,anms_4d,270,133,0.4925925925925926,0.037037037037037035,0.07777777777777778,1.7322772285525043,1.6686060324683902,1.7322772285525043,4.075300006661564,24.46999994572252
1329,scene0795_00,grid_round_robin,52,19,0.36538461538461536,0.057692307692307696,0.09615384615384616,14.0449406047161,43.246554088300684,43.246554088300684,0.16769999638199806,15.124899975489825
1329,scene0795_00,anms_4d,52,18,0.34615384615384615,0.057692307692307696,0.09615384615384616,13.867206951706738,42.46443949852642,42.46443949852642,0.6448000203818083,14.949900039937347
1330,scene0795_00,grid_round_robin,547,274,0.5009140767824497,0.1206581352833638,0.36745886654478976,1.127071094304622,3.575587960821083,3.575587960821083,0.4591000033542514,46.152599970810115
1330,scene0795_00,anms_4d,547,267,0.48811700182815354,0.113345521023766,0.3619744058500914,1.1241138035501925,3.5724441826198676,3.5724441826198676,9.217799990437925,46.370600000955164
1331,scene0795_00,grid_round_robin,311,153,0.4919614147909968,0.0932475884244373,0.2765273311897106,2.028322695634357,4.074203845430737,4.074203845430737,0.36830001045018435,28.645599959418178
1331,scene0795_00,anms_4d,311,147,0.47266881028938906,0.09646302250803858,0.2829581993569132,2.0168543204361393,4.038752614333359,4.038752614333359,4.6048000222072005,27.41979999700561
1332,scene0795_00,grid_round_robin,22,8,0.36363636363636365,0.0,0.09090909090909091,100.89494284263462,48.37654484763121,100.89494284263462,0.17119996482506394,13.673300039954484
1332,scene0795_00,anms_4d,22,7,0.3181818181818182,0.0,0.09090909090909091,132.63184799454407,53.65696472939959,132.63184799454407,0.3155000158585608,13.397499977145344
1333,scene0795_00,grid_round_robin,18,7,0.3888888888888889,0.05555555555555555,0.16666666666666666,87.30847606640829,31.847396821651163,87.30847606640829,0.16900000628083944,13.139999995473772
1333,scene0795_00,anms_4d,18,7,0.3888888888888889,0.05555555555555555,0.16666666666666666,114.05331295812391,41.75145544728204,114.05331295812391,0.2625000197440386,13.135200017131865
1334,scene0795_00,grid_round_robin,25,9,0.36,0.0,0.36,15.983271024756391,22.53374683818994,22.53374683818994,0.15199999324977398,13.368999992962927
1334,scene0795_00,anms_4d,25,10,0.4,0.0,0.36,6.371871210003103,5.762649397588978,6.371871210003103,0.33959996653720737,13.750299985986203
1335,scene0796_00,grid_round_robin,502,276,0.549800796812749,0.06374501992031872,0.17131474103585656,2.8704734491318002,35.04650200437758,35.04650200437758,0.5254999850876629,39.78540003299713
1335,scene0796_00,anms_4d,502,273,0.5438247011952191,0.05976095617529881,0.1693227091633466,2.816693194717567,37.67667495370333,37.67667495370333,7.741300039924681,34.54240004066378
1336,scene0796_00,grid_round_robin,192,59,0.3072916666666667,0.17708333333333334,0.4635416666666667,14.033476640156776,26.308934039640242,26.308934039640242,0.38510002195835114,22.411200043279678
1336,scene0796_00,anms_4d,192,60,0.3125,0.1875,0.4791666666666667,2.656532926485589,6.909624581103993,6.909624581103993,2.404100028797984,22.21210004063323
1337,scene0796_00,grid_round_robin,513,183,0.3567251461988304,0.19883040935672514,0.571150097465887,1.4443067861807806,3.955181693042182,3.955181693042182,0.47720002476125956,34.217100008390844
1337,scene0796_00,anms_4d,513,182,0.35477582846003897,0.20857699805068225,0.5730994152046783,0.6042402026362133,1.6761668471319289,1.6761668471319289,8.087399997748435,32.20000001601875
1338,scene0796_00,grid_round_robin,275,146,0.5309090909090909,0.28363636363636363,0.6872727272727273,1.28264178637585,4.959629313469654,4.959629313469654,0.3163000219501555,24.032799992710352
1338,scene0796_00,anms_4d,275,145,0.5272727272727272,0.28363636363636363,0.6981818181818182,1.0631930407273449,4.853722377072181,4.853722377072181,3.639000002294779,25.286199990659952
1339,scene0796_00,grid_round_robin,145,44,0.30344827586206896,0.19310344827586207,0.4413793103448276,10.132440905286941,1.9518715003679472,10.132440905286941,0.23040000814944506,18.332999956328422
1339,scene0796_00,anms_4d,145,45,0.3103448275862069,0.1724137931034483,0.4206896551724138,10.754537901160539,1.862921066430617,10.754537901160539,1.7393999733030796,18.90379999531433
1340,scene0796_00,grid_round_robin,195,58,0.29743589743589743,0.046153846153846156,0.24615384615384617,2.0670455383058246,8.729110808166007,8.729110808166007,0.2738999901339412,19.60589998634532
1340,scene0796_00,anms_4d,195,57,0.2923076923076923,0.046153846153846156,0.24102564102564103,3.2586058054746494,4.330998782340775,4.330998782340775,2.4493999662809074,19.42250004503876
1341,scene0796_00,grid_round_robin,253,67,0.2648221343873518,0.11857707509881422,0.32806324110671936,3.996726092856203,2.2386410100833944,3.996726092856203,0.33870001789182425,21.19870000751689
1341,scene0796_00,anms_4d,253,68,0.26877470355731226,0.11857707509881422,0.32806324110671936,4.364762117784163,8.531102616263173,8.531102616263173,3.3101000008173287,21.2848000228405
1342,scene0796_00,grid_round_robin,129,25,0.1937984496124031,0.06201550387596899,0.18604651162790697,6.240404241459794,10.16126628869274,10.16126628869274,0.21290004951879382,16.68900001095608
1342,scene0796_00,anms_4d,129,24,0.18604651162790697,0.06201550387596899,0.18604651162790697,8.322017114258385,21.82187276411629,21.82187276411629,1.54669996118173,16.493700037244707
1343,scene0796_00,grid_round_robin,137,62,0.45255474452554745,0.072992700729927,0.39416058394160586,2.9028980582418495,0.4137102847263233,2.9028980582418495,0.29260001610964537,18.514399998821318
1343,scene0796_00,anms_4d,137,66,0.48175182481751827,0.072992700729927,0.40145985401459855,4.743057002853387,2.764108826064605,4.743057002853387,1.6287000034935772,19.90710000973195
1344,scene0796_00,grid_round_robin,134,59,0.44029850746268656,0.06716417910447761,0.3656716417910448,1.335767501009401,3.06580688011412,3.06580688011412,0.25020004250109196,19.737399998120964
1344,scene0796_00,anms_4d,134,59,0.44029850746268656,0.07462686567164178,0.3880597014925373,0.784857576129339,1.3136361010727406,1.3136361010727406,1.735400001052767,18.657000036910176
1345,scene0796_00,grid_round_robin,174,81,0.46551724137931033,0.27011494252873564,0.6724137931034483,0.7754621818355313,2.238630686605446,2.238630686605446,0.25759998243302107,20.09820000967011
1345,scene0796_00,anms_4d,174,83,0.47701149425287354,0.25862068965517243,0.6724137931034483,0.7541846772825711,2.246289484095764,2.246289484095764,2.4569000233896077,28.86309998575598
1346,scene0796_00,grid_round_robin,111,46,0.4144144144144144,0.09009009009009009,0.24324324324324326,5.10676310312677,6.324071122065134,6.324071122065134,0.2359000500291586,19.384800049010664
1346,scene0796_00,anms_4d,111,44,0.3963963963963964,0.10810810810810811,0.26126126126126126,5.739880028093717,7.88210178683312,7.88210178683312,1.4538000104948878,17.606899957172573
1347,scene0796_00,grid_round_robin,498,180,0.3614457831325301,0.23092369477911648,0.5823293172690763,0.8130214530691773,3.890311454629706,3.890311454629706,0.42070000199601054,36.01599996909499
1347,scene0796_00,anms_4d,498,180,0.3614457831325301,0.23493975903614459,0.5863453815261044,1.1635107218936538,6.586506098510588,6.586506098510588,7.8517000074498355,34.62909994414076
1348,scene0796_00,grid_round_robin,46,13,0.2826086956521739,0.043478260869565216,0.30434782608695654,58.1849437049755,15.0670084339212,58.1849437049755,0.16569998115301132,14.283400028944016
1348,scene0796_00,anms_4d,46,13,0.2826086956521739,0.043478260869565216,0.32608695652173914,17.844537908879254,51.29259617998328,51.29259617998328,0.5618000286631286,14.174400013871491
1349,scene0796_00,grid_round_robin,573,238,0.41535776614310643,0.225130890052356,0.5898778359511344,0.7851910781307834,1.6487178802451992,1.6487178802451992,0.4807999939657748,48.07979997713119
1349,scene0796_00,anms_4d,573,238,0.41535776614310643,0.23036649214659685,0.5986038394415357,0.9395055500562909,3.019554351069293,3.019554351069293,9.314499970059842,39.38839997863397
1350,scene0797_00,grid_round_robin,574,177,0.3083623693379791,0.18466898954703834,0.5435540069686411,2.0782621059067097,17.045147718600358,17.045147718600358,0.45039999531582,39.35620002448559
1350,scene0797_00,anms_4d,574,178,0.31010452961672474,0.18641114982578397,0.5470383275261324,2.3397436235169535,16.758019793586648,16.758019793586648,9.177999978419393,45.65119999460876
1351,scene0797_00,grid_round_robin,340,141,0.4147058823529412,0.21764705882352942,0.6617647058823529,3.04309391068659,12.130564959733432,12.130564959733432,0.3386000171303749,36.744699988048524
1351,scene0797_00,anms_4d,340,129,0.37941176470588234,0.21176470588235294,0.6441176470588236,1.4695089424616747,5.553534410789161,5.553534410789161,4.988699976820499,33.28969998983666
1352,scene0797_00,grid_round_robin,568,226,0.397887323943662,0.2130281690140845,0.5880281690140845,1.2495510439126367,32.808293937263784,32.808293937263784,0.667500018607825,59.51399996411055
1352,scene0797_00,anms_4d,568,215,0.3785211267605634,0.20774647887323944,0.573943661971831,1.245855274348298,32.61246931091615,32.61246931091615,9.53539996407926,49.90169999655336
1353,scene0797_00,grid_round_robin,216,78,0.3611111111111111,0.19444444444444445,0.5555555555555556,1.4867414506748553,3.4563458068844417,3.4563458068844417,0.30230003176257014,27.12690003681928
1353,scene0797_00,anms_4d,216,78,0.3611111111111111,0.19907407407407407,0.5555555555555556,1.460852921064265,3.8872545006131385,3.8872545006131385,2.7365999994799495,25.1560999895446
1354,scene0797_00,grid_round_robin,260,62,0.23846153846153847,0.12692307692307692,0.4230769230769231,3.6765916009693154,6.751406733922267,6.751406733922267,0.3062000032514334,22.31869997922331
1354,scene0797_00,anms_4d,260,65,0.25,0.12307692307692308,0.4307692307692308,2.7606840166337707,8.364195192772339,8.364195192772339,3.436500031966716,22.736199956852943
1355,scene0797_00,grid_round_robin,457,231,0.5054704595185996,0.33698030634573306,0.8271334792122538,0.4235616208224211,3.1001096773885313,3.1001096773885313,0.41259999852627516,38.34239998832345
1355,scene0797_00,anms_4d,457,229,0.5010940919037199,0.33698030634573306,0.8293216630196937,0.45042084019440437,2.3908739587645975,2.3908739587645975,6.753300025593489,40.10380001273006
1356,scene0797_00,grid_round_robin,209,79,0.37799043062200954,0.10047846889952153,0.2966507177033493,6.173606301164746,10.98606865648346,10.98606865648346,0.28089998522773385,22.614900022745132
1356,scene0797_00,anms_4d,209,76,0.36363636363636365,0.10526315789473684,0.3157894736842105,14.972813717635004,29.176748044566615,29.176748044566615,2.637700003106147,22.853399976156652
1357,scene0797_00,grid_round_robin,200,72,0.36,0.085,0.295,2.8525921815919446,9.285916058391734,9.285916058391734,0.25270000332966447,24.796999990940094
1357,scene0797_00,anms_4d,200,64,0.32,0.085,0.29,3.6313481866465533,12.228787803942042,12.228787803942042,2.527899981942028,25.62580001540482
1358,scene0797_00,grid_round_robin,159,57,0.3584905660377358,0.14465408805031446,0.44025157232704404,0.32239866486825725,1.6084082911388309,1.6084082911388309,0.26030000299215317,21.312400000169873
1358,scene0797_00,anms_4d,159,53,0.3333333333333333,0.14465408805031446,0.44025157232704404,0.7949784567645836,2.7944406096550196,2.7944406096550196,1.9218000234104693,20.725799957290292
1359,scene0797_00,grid_round_robin,308,92,0.2987012987012987,0.1525974025974026,0.5,2.0354308475186214,64.43526946836843,64.43526946836843,0.3339999821037054,28.024100000038743
1359,scene0797_00,anms_4d,308,94,0.3051948051948052,0.14935064935064934,0.4707792207792208,2.132285970834755,65.54382932195486,65.54382932195486,4.203599994070828,26.60240000113845
1360,scene0797_00,grid_round_robin,277,114,0.41155234657039713,0.23104693140794225,0.5703971119133574,1.2139287650421973,2.323363551598975,2.323363551598975,0.387399981264025,25.95489996019751
1360,scene0797_00,anms_4d,277,114,0.41155234657039713,0.21660649819494585,0.5703971119133574,1.1357018486576242,1.8081678490680426,1.8081678490680426,3.835699986666441,26.93280001403764
1361,scene0797_00,grid_round_robin,295,105,0.3559322033898305,0.17288135593220338,0.488135593220339,0.820381390203973,0.7197645868308766,0.820381390203973,0.3133999998681247,24.202500004321337
1361,scene0797_00,anms_4d,295,103,0.34915254237288135,0.1694915254237288,0.47796610169491527,0.840997171563959,0.7186261394169328,0.840997171563959,3.9603000041097403,22.768899973016232
1362,scene0797_00,grid_round_robin,537,155,0.2886405959031657,0.17690875232774675,0.5027932960893855,0.7486125331948783,1.9667293661807668,1.9667293661807668,0.443900004029274,39.09650002606213
1362,scene0797_00,anms_4d,537,156,0.2905027932960894,0.16945996275605213,0.48417132216014896,1.0447046698709608,1.559164411880859,1.559164411880859,8.51329998113215,39.34529999969527
1363,scene0797_00,grid_round_robin,668,284,0.4251497005988024,0.1781437125748503,0.5523952095808383,1.3095284422336837,18.266009208300567,18.266009208300567,0.5000999663025141,60.58729998767376
1363,scene0797_00,anms_4d,668,269,0.4026946107784431,0.1691616766467066,0.5464071856287425,1.2914595655141414,15.95137797952131,15.95137797952131,11.869399982970208,52.6462999987416
1364,scene0797_00,grid_round_robin,824,482,0.5849514563106796,0.29975728155339804,0.7378640776699029,1.2071106755247378,12.424156717407202,12.424156717407202,0.7781999884173274,37.971400015521795
1364,scene0797_00,anms_4d,824,479,0.5813106796116505,0.29004854368932037,0.7293689320388349,0.7743685174544549,10.14422792756694,10.14422792756694,15.69149998249486,55.40880002081394
1365,scene0798_00,grid_round_robin,142,66,0.4647887323943662,0.2323943661971831,0.6056338028169014,8.52331318008358,12.663829177085088,12.663829177085088,0.2384000108577311,23.408900015056133
1365,scene0798_00,anms_4d,142,60,0.4225352112676056,0.22535211267605634,0.5985915492957746,9.648148713743558,14.250317464887983,14.250317464887983,1.7154000233858824,23.097799974493682
1366,scene0798_00,grid_round_robin,250,123,0.492,0.308,0.78,3.8975707456317275,10.43985267986093,10.43985267986093,0.28739997651427984,32.77470002649352
1366,scene0798_00,anms_4d,250,118,0.472,0.308,0.772,4.053728437706537,10.882707327111445,10.882707327111445,3.244200022891164,31.914699997287244
1367,scene0798_00,grid_round_robin,171,84,0.49122807017543857,0.17543859649122806,0.4327485380116959,3.6540485092440576,2.899669843911478,3.6540485092440576,0.28550002025440335,23.727599997073412
1367,scene0798_00,anms_4d,171,82,0.47953216374269003,0.17543859649122806,0.4444444444444444,4.226800395334183,2.772584190039854,4.226800395334183,2.2404000046662986,22.84320001490414
1368,scene0798_00,grid_round_robin,150,73,0.4866666666666667,0.11333333333333333,0.31333333333333335,1.638726547478734,0.09333249247584212,1.638726547478734,0.24369999300688505,18.808100023306906
1368,scene0798_00,anms_4d,150,68,0.4533333333333333,0.12666666666666668,0.3333333333333333,3.3284852329201735,0.834304871816093,3.3284852329201735,2.1323999972082675,19.107299973256886
1369,scene0798_00,grid_round_robin,204,106,0.5196078431372549,0.014705882352941176,0.10294117647058823,2.951152518698976,7.756979576695236,7.756979576695236,0.2829000004567206,25.178799987770617
1369,scene0798_00,anms_4d,204,102,0.5,0.014705882352941176,0.10294117647058823,2.636787444449256,6.758693152871509,6.758693152871509,2.6828000554814935,28.71060004690662
1370,scene0798_00,grid_round_robin,281,140,0.498220640569395,0.13167259786476868,0.5266903914590747,0.39997415573815037,3.965757769337603,3.965757769337603,0.32459996873512864,32.70919999340549
1370,scene0798_00,anms_4d,281,135,0.4804270462633452,0.1387900355871886,0.5302491103202847,1.6549782903933279,5.48297183425935,5.48297183425935,3.957000037189573,38.07730000698939
1371,scene0798_00,grid_round_robin,200,78,0.39,0.155,0.495,6.834618575391208,9.026265900746218,9.026265900746218,0.2481999690644443,23.43140001175925
1371,scene0798_00,anms_4d,200,79,0.395,0.155,0.495,4.661667994590163,8.028501375136655,8.028501375136655,2.564000023994595,23.15869997255504
1372,scene0798_00,grid_round_robin,457,171,0.3741794310722101,0.2778993435448578,0.7111597374179431,0.8633709578057456,5.130582406122105,5.130582406122105,0.4241999704390764,33.818299998529255
1372,scene0798_00,anms_4d,457,170,0.37199124726477023,0.27571115973741794,0.7067833698030634,0.327628059217384,7.988331572067559,7.988331572067559,6.733099988196045,39.68569997232407
1373,scene0798_00,grid_round_robin,259,131,0.5057915057915058,0.09266409266409266,0.3281853281853282,7.18036761413932,11.414905330610644,11.414905330610644,0.3076000139117241,25.362999993376434
1373,scene0798_00,anms_4d,259,132,0.5096525096525096,0.08494208494208494,0.3166023166023166,7.129756319692007,11.329249073590418,11.329249073590418,3.6625999491661787,26.81140002096072
1374,scene0798_00,grid_round_robin,434,179,0.41244239631336405,0.14746543778801843,0.4976958525345622,1.2330769843853382,17.55003353174971,17.55003353174971,0.39329996798187494,33.88240002095699
1374,scene0798_00,anms_4d,434,164,0.3778801843317972,0.1543778801843318,0.5,0.9884589789121757,14.362707376461573,14.362707376461573,6.2769000069238245,37.73539996473119
1375,scene0798_00,grid_round_robin,142,53,0.3732394366197183,0.07042253521126761,0.24647887323943662,29.05324130776959,26.748617517941966,29.05324130776959,0.2367999986745417,18.504699983168393
1375,scene0798_00,anms_4d,142,49,0.34507042253521125,0.07042253521126761,0.2323943661971831,23.534142753591656,22.12563710909013,23.534142753591656,1.720600004773587,17.588499991688877
1376,scene0798_00,grid_round_robin,112,56,0.5,0.008928571428571428,0.10714285714285714,2.3265145166736687,2.6627247938919485,2.6627247938919485,0.22149999858811498,18.94380000885576
1376,scene0798_00,anms_4d,112,55,0.49107142857142855,0.017857142857142856,0.13392857142857142,2.318420009412932,2.4714793973318128,2.4714793973318128,1.3244000147096813,19.15710000321269
1377,scene0798_00,grid_round_robin,460,228,0.4956521739130435,0.41956521739130437,0.8217391304347826,0.20573279089596044,2.466854066735901,2.466854066735901,0.4304000176489353,35.80050001619384
1377,scene0798_00,anms_4d,460,215,0.4673913043478261,0.4043478260869565,0.8065217391304348,1.1365620986964011,6.161901431452194,6.161901431452194,6.790499959606677,34.623000014107674
1378,scene0798_00,grid_round_robin,245,130,0.5306122448979592,0.00816326530612245,0.036734693877551024,6.565757855438891,8.531461940553475,8.531461940553475,0.3195999888703227,21.898499981034547
1378,scene0798_00,anms_4d,245,127,0.5183673469387755,0.012244897959183673,0.061224489795918366,6.990330417971284,8.983208975317464,8.983208975317464,3.111500001978129,32.83669997472316
1379,scene0798_00,grid_round_robin,504,259,0.5138888888888888,0.14682539682539683,0.41865079365079366,0.7506380117435884,4.854583752414107,4.854583752414107,0.4110999871045351,42.804099968634546
1379,scene0798_00,anms_4d,504,246,0.4880952380952381,0.13690476190476192,0.40476190476190477,0.7178780590959672,4.423532645870162,4.423532645870162,8.576399995945394,51.95890000322834
1380,scene0799_00,grid_round_robin,589,340,0.5772495755517827,0.30390492359932086,0.7487266553480475,0.8891102784496056,3.4544601845443794,3.4544601845443794,0.5177999846637249,29.970899980980903
1380,scene0799_00,anms_4d,589,335,0.568760611205433,0.29711375212224106,0.7300509337860781,0.9386203811916353,3.726957529352441,3.726957529352441,9.603000013157725,36.7596999858506
1381,scene0799_00,grid_round_robin,229,109,0.4759825327510917,0.12663755458515283,0.44541484716157204,1.1266317777129933,2.0510625671844376,2.0510625671844376,0.2645000349730253,24.299299984704703
1381,scene0799_00,anms_4d,229,106,0.462882096069869,0.13973799126637554,0.4497816593886463,0.9177722034694387,2.3482482076858804,2.3482482076858804,2.9513000044971704,23.91910000005737
1382,scene0799_00,grid_round_robin,528,246,0.4659090909090909,0.20075757575757575,0.4015151515151515,1.1117133081313142,6.697887673270108,6.697887673270108,0.44819997856393456,38.384900020901114
1382,scene0799_00,anms_4d,528,234,0.4431818181818182,0.1893939393939394,0.39204545454545453,0.9419177788176106,6.602346507083856,6.602346507083856,8.119700010865927,42.002799978945404
1383,scene0799_00,grid_round_robin,389,213,0.5475578406169666,0.27249357326478146,0.6863753213367609,1.5884570137266383,3.402693702625846,3.402693702625846,0.3646000404842198,27.373499993700534
1383,scene0799_00,anms_4d,389,212,0.5449871465295629,0.2699228791773779,0.6786632390745502,1.6956864802760325,3.5454317875093704,3.5454317875093704,5.640799994580448,26.87180001521483
1384,scene0799_00,grid_round_robin,599,382,0.6377295492487479,0.3722871452420701,0.8547579298831386,0.3068599529858559,1.8217944557038688,1.8217944557038688,0.4938999773003161,19.374000024981797
1384,scene0799_00,anms_4d,599,382,0.6377295492487479,0.3806343906510851,0.8530884808013356,0.3009390021970695,1.9239955675189662,1.9239955675189662,9.90910001564771,16.7049000156112
1385,scene0799_00,grid_round_robin,441,201,0.4557823129251701,0.15873015873015872,0.4897959183673469,1.1465693342365348,5.530841410256175,5.530841410256175,0.3766999579966068,36.76139999879524
1385,scene0799_00,anms_4d,441,193,0.4376417233560091,0.16099773242630386,0.48299319727891155,1.2164046544458609,5.707740739597798,5.707740739597798,6.825099990237504,34.492300008423626
1386,scene0799_00,grid_round_robin,524,246,0.46946564885496184,0.22519083969465647,0.6202290076335878,1.174583301187543,4.04764076000414,4.04764076000414,0.45389996375888586,41.330000036396086
1386,scene0799_00,anms_4d,524,244,0.46564885496183206,0.21946564885496184,0.601145038167939,1.2444050458270972,4.575706519723633,4.575706519723633,8.634400030132383,40.229099977295846
1387,scene0799_00,grid_round_robin,882,396,0.4489795918367347,0.23015873015873015,0.6666666666666666,0.637791003188776,4.603688193625343,4.603688193625343,0.9728999575600028,62.63220001710579
1387,scene0799_00,anms_4d,882,390,0.4421768707482993,0.23242630385487528,0.6666666666666666,0.5867852466682264,3.37336897046405,3.37336897046405,17.4624000210315,57.67919996287674
1388,scene0799_00,grid_round_robin,769,429,0.5578673602080624,0.03901170351105332,0.16514954486345904,4.662370141818927,49.42402236524504,49.42402236524504,0.6082999752834439,53.1543999677524
1388,scene0799_00,anms_4d,769,434,0.5643693107932379,0.04031209362808843,0.16124837451235371,1.5403802439583236,13.170679810881202,13.170679810881202,13.859300001058728,41.696000029332936
1389,scene0799_00,grid_round_robin,1277,1024,0.8018794048551292,0.1754111198120595,0.4573218480814409,1.1313121827375117,5.559378197691089,5.559378197691089,0.8072999771684408,27.271500031929463
1389,scene0799_00,anms_4d,1277,1025,0.8026624902114331,0.17149569303054032,0.45027407987470636,1.1262741497534248,5.476514343884635,5.476514343884635,29.087699949741364,30.47220001462847
1390,scene0799_00,grid_round_robin,797,566,0.7101631116687579,0.2936010037641154,0.8168130489335006,0.5655363283999437,0.332470922808367,0.5655363283999437,0.5709999823011458,30.506599985528737
1390,scene0799_00,anms_4d,797,558,0.7001254705144291,0.2973651191969887,0.8143036386449184,0.6005796760298915,0.5121562602961938,0.6005796760298915,14.969400013796985,22.01379998587072
1391,scene0799_00,grid_round_robin,926,603,0.6511879049676026,0.21706263498920086,0.6090712742980562,0.5483883693877577,2.6507668545723053,2.6507668545723053,0.6481999880634248,28.276700002606958
1391,scene0799_00,anms_4d,926,593,0.6403887688984882,0.21922246220302377,0.6231101511879049,0.5550315216707409,2.6127640799950944,2.6127640799950944,18.016799993347377,32.64550003223121
1392,scene0799_00,grid_round_robin,700,404,0.5771428571428572,0.2671428571428571,0.64,1.043121220489328,4.555918522476535,4.555918522476535,0.5300000193528831,34.988800005521625
1392,scene0799_00,anms_4d,700,410,0.5857142857142857,0.26,0.6357142857142857,0.9715460040926643,4.451905392146906,4.451905392146906,12.26620003581047,35.61580000678077
1393,scene0799_00,grid_round_robin,455,260,0.5714285714285714,0.15824175824175823,0.46593406593406594,1.4778188252861026,1.4037250283763123,1.4778188252861026,0.44139998499304056,20.63610003096983
1393,scene0799_00,anms_4d,455,255,0.5604395604395604,0.15164835164835164,0.45274725274725275,1.5237404357713278,1.3987706983200945,1.5237404357713278,7.027700019534677,25.00969998072833
1394,scene0799_00,grid_round_robin,385,226,0.587012987012987,0.2051948051948052,0.4883116883116883,1.76441888415357,10.497097692986763,10.497097692986763,0.35230000503361225,22.359299997333437
1394,scene0799_00,anms_4d,385,222,0.5766233766233766,0.1974025974025974,0.4805194805194805,1.7927414376732864,9.28934072315589,9.28934072315589,6.169200001750141,23.177800001576543
1395,scene0800_00,grid_round_robin,367,179,0.4877384196185286,0.10899182561307902,0.38419618528610355,1.4038526464023526,2.3667382111763096,2.3667382111763096,0.3917999565601349,31.896400032564998
1395,scene0800_00,anms_4d,367,174,0.47411444141689374,0.1008174386920981,0.3760217983651226,1.1487510522105766,2.572515462142818,2.572515462142818,5.434399994555861,33.129499992355704
1396,scene0800_00,grid_round_robin,594,300,0.5050505050505051,0.15488215488215487,0.44107744107744107,1.3729597784709449,4.975639934750553,4.975639934750553,0.5079000256955624,44.97119999723509
1396,scene0800_00,anms_4d,594,293,0.49326599326599324,0.15151515151515152,0.4444444444444444,1.0762639545375272,4.556869915358674,4.556869915358674,10.573100007604808,40.76299996813759
1397,scene0800_00,grid_round_robin,899,611,0.6796440489432704,0.39599555061179087,0.92880978865406,0.2736083867399008,2.718902913164723,2.718902913164723,0.7442999631166458,31.964500027243048
1397,scene0800_00,anms_4d,899,606,0.6740823136818688,0.38264738598442716,0.9165739710789766,0.3606574501177007,3.3916331725619413,3.3916331725619413,17.120900040026754,24.515800003428012
1398,scene0800_00,grid_round_robin,1061,601,0.5664467483506126,0.37323279924599434,0.7813383600377003,0.8349730434070339,2.4120494802593875,2.4120494802593875,0.736700021661818,48.157499986700714
1398,scene0800_00,anms_4d,1061,606,0.5711592836946278,0.3704052780395853,0.7785108388312912,0.8048738281477138,2.7246914537272593,2.7246914537272593,21.94549998966977,55.90640002628788
1399,scene0800_00,grid_round_robin,833,583,0.6998799519807923,0.10444177671068428,0.27611044417767105,1.1009964647939658,2.653671266520812,2.653671266520812,0.6460000295192003,20.670500001870096
1399,scene0800_00,anms_4d,833,567,0.680672268907563,0.09963985594237695,0.26410564225690275,1.1029069169431611,2.5797155027581677,2.5797155027581677,15.613299969118088,30.012600007466972
1400,scene0800_00,grid_round_robin,399,233,0.5839598997493735,0.2506265664160401,0.6666666666666666,1.4734775905659734,10.689503796502596,10.689503796502596,0.4151000175625086,24.73839995218441
1400,scene0800_00,anms_4d,399,231,0.5789473684210527,0.24310776942355888,0.6591478696741855,1.3491848678349996,9.515014251893936,9.515014251893936,5.752300028689206,26.64550003828481
1401,scene0800_00,grid_round_robin,297,167,0.5622895622895623,0.09764309764309764,0.37037037037037035,2.0975942664806726,7.107319183279513,7.107319183279513,0.3344999859109521,23.181799973826855
1401,scene0800_00,anms_4d,297,157,0.5286195286195287,0.11447811447811448,0.3838383838383838,2.1606679463404914,7.215485598090642,7.215485598090642,4.2935999808833,32.21640002448112
1402,scene0800_00,grid_round_robin,363,192,0.5289256198347108,0.14325068870523416,0.45454545454545453,1.5529202410371845,3.3051911061940955,3.3051911061940955,0.3730000462383032,30.70630005095154
1402,scene0800_00,anms_4d,363,193,0.5316804407713499,0.14325068870523416,0.46005509641873277,1.5513111855303732,3.1438674152530095,3.1438674152530095,5.159899999853224,27.479599986691028
1403,scene0800_00,grid_round_robin,656,434,0.6615853658536586,0.15853658536585366,0.3490853658536585,1.4508301918928326,6.1670193257686305,6.1670193257686305,0.6367999594658613,22.817299992311746
1403,scene0800_00,anms_4d,656,419,0.6387195121951219,0.15091463414634146,0.33689024390243905,1.3454961563954968,4.530142811094201,4.530142811094201,11.390400002710521,24.097600020468235
1404,scene0800_00,grid_round_robin,358,174,0.4860335195530726,0.13966480446927373,0.31843575418994413,1.3911616867497691,5.817315438111611,5.817315438111611,0.3816999960690737,32.93869999470189
1404,scene0800_00,anms_4d,358,175,0.4888268156424581,0.1452513966480447,0.3268156424581006,1.3741758660967738,5.682989520623223,5.682989520623223,5.110400030389428,34.4714000239037
1405,scene0800_00,grid_round_robin,712,354,0.49719101123595505,0.2401685393258427,0.601123595505618,0.40180418295824893,5.756516497784877,5.756516497784877,0.5561999860219657,60.34099997486919
1405,scene0800_00,anms_4d,712,349,0.4901685393258427,0.24578651685393257,0.6039325842696629,0.3995994695260419,6.092623385293268,6.092623385293268,12.54040002822876,67.49400001717731
1406,scene0800_00,grid_round_robin,446,261,0.5852017937219731,0.17713004484304934,0.5739910313901345,0.8631558273892863,2.4249287228160643,2.4249287228160643,0.6670000148005784,20.08579997345805
1406,scene0800_00,anms_4d,446,261,0.5852017937219731,0.17937219730941703,0.5717488789237668,0.9069477141589574,2.652377349920621,2.652377349920621,6.71019998844713,17.08889997098595
1407,scene0800_00,grid_round_robin,466,165,0.3540772532188841,0.04935622317596566,0.14377682403433475,2.08795426016798,7.026307568579864,7.026307568579864,0.5062000127509236,40.5573999742046
1407,scene0800_00,anms_4d,466,169,0.3626609442060086,0.05150214592274678,0.14377682403433475,2.3939321086201555,10.002914760212011,10.002914760212011,7.067499973345548,35.0099999923259
1408,scene0800_00,grid_round_robin,620,304,0.49032258064516127,0.267741935483871,0.6274193548387097,1.26471720044064,8.362354265462281,8.362354265462281,0.542099995072931,52.36689996672794
1408,scene0800_00,anms_4d,620,293,0.47258064516129034,0.2629032258064516,0.6225806451612903,1.250344246265727,7.250660685814373,7.250660685814373,11.06160000199452,51.87779996776953
1409,scene0800_00,grid_round_robin,877,459,0.5233751425313569,0.2953249714937286,0.7354618015963512,0.7470426137145134,15.455096058757825,15.455096058757825,0.6738000083714724,63.90040001133457
1409,scene0800_00,anms_4d,877,444,0.5062713797035348,0.2919042189281642,0.7388825541619156,0.8224436991877884,11.853554471974192,11.853554471974192,22.494099976029247,71.84809999307618
1410,scene0801_00,grid_round_robin,166,87,0.5240963855421686,0.10843373493975904,0.3072289156626506,1.937640739010725,4.090306023181961,4.090306023181961,0.25020004250109196,20.41050000116229
1410,scene0801_00,anms_4d,166,84,0.5060240963855421,0.10240963855421686,0.3072289156626506,2.030770418402116,4.435270221565695,4.435270221565695,2.0389999845065176,24.091999977827072
1411,scene0801_00,grid_round_robin,226,91,0.4026548672566372,0.168141592920354,0.4646017699115044,1.822456368841808,38.89264663880763,38.89264663880763,0.25260000256821513,28.712500003166497
1411,scene0801_00,anms_4d,226,91,0.4026548672566372,0.16371681415929204,0.45132743362831856,1.83457918104352,37.197725977082314,37.197725977082314,3.022099961526692,29.012300015892833
1412,scene0801_00,grid_round_robin,49,24,0.4897959183673469,0.02040816326530612,0.24489795918367346,1.1819284602241737,1.8956345011452629,1.8956345011452629,0.1745999907143414,15.758700028527528
1412,scene0801_00,anms_4d,49,24,0.4897959183673469,0.02040816326530612,0.24489795918367346,1.1819284602217068,1.8956345011541087,1.8956345011541087,0.6088000372983515,15.505300019867718
1413,scene0801_00,grid_round_robin,23,11,0.4782608695652174,0.13043478260869565,0.21739130434782608,43.460797556827664,71.11200762093758,71.11200762093758,0.15079998411238194,13.813300000037998
1413,scene0801_00,anms_4d,23,11,0.4782608695652174,0.13043478260869565,0.21739130434782608,43.460797556827664,71.11200762093759,71.11200762093759,0.31450000824406743,13.557199970819056
1414,scene0801_00,grid_round_robin,57,26,0.45614035087719296,0.2982456140350877,0.6842105263157895,10.735951161441188,19.55329415341502,19.55329415341502,0.1745999907143414,15.641100006178021
1414,scene0801_00,anms_4d,57,26,0.45614035087719296,0.3157894736842105,0.6842105263157895,10.799236764862583,19.71075070714756,19.71075070714756,0.6774999783374369,15.293399977963418
1415,scene0801_00,grid_round_robin,59,33,0.559322033898305,0.0,0.1694915254237288,15.996881815448699,18.77450537645442,18.77450537645442,0.19380002049729228,11.3996000145562
1415,scene0801_00,anms_4d,59,34,0.576271186440678,0.0,0.1694915254237288,17.397221572653354,20.129117590463313,20.129117590463313,0.7257999968715012,9.159500012174249
1416,scene0801_00,grid_round_robin,62,37,0.5967741935483871,0.3709677419354839,0.8387096774193549,4.41127794066382,7.4513310712061305,7.4513310712061305,0.18450000789016485,7.249800022691488
1416,scene0801_00,anms_4d,62,36,0.5806451612903226,0.3870967741935484,0.8064516129032258,3.15392403143014,5.279317001073347,5.279317001073347,0.7476999890059233,9.206199960317463
1417,scene0801_00,grid_round_robin,38,17,0.4473684210526316,0.23684210526315788,0.4473684210526316,69.30887588607995,55.43955505776489,69.30887588607995,0.16150000737980008,14.578000002074987
1417,scene0801_00,anms_4d,38,15,0.39473684210526316,0.18421052631578946,0.39473684210526316,77.55346954734357,53.33566694499801,77.55346954734357,0.4858000320382416,14.393499994184822
1418,scene0801_00,grid_round_robin,61,30,0.4918032786885246,0.08196721311475409,0.29508196721311475,14.2323432887548,8.190467284315385,14.2323432887548,0.16580004012212157,15.442799951415509
1418,scene0801_00,anms_4d,61,28,0.45901639344262296,0.08196721311475409,0.29508196721311475,7.396980412157642,8.093868193502884,8.093868193502884,0.7308999774977565,15.39239997509867
1419,scene0801_00,grid_round_robin,31,12,0.3870967741935484,0.0,0.03225806451612903,62.319547018173694,41.68416454810004,62.319547018173694,0.15789997996762395,14.34930000687018
1419,scene0801_00,anms_4d,31,13,0.41935483870967744,0.0,0.03225806451612903,104.00722017527488,74.32929717845519,104.00722017527488,0.5400999798439443,14.778100012335926
1420,scene0801_00,grid_round_robin,111,50,0.45045045045045046,0.2882882882882883,0.6756756756756757,8.198760349680777,5.771209459156084,8.198760349680777,0.19970000721514225,19.183299969881773
1420,scene0801_00,anms_4d,111,51,0.4594594594594595,0.2702702702702703,0.6486486486486487,4.791567588597592,6.962014467434704,6.962014467434704,1.3233000063337386,18.438099999912083
1421,scene0801_00,grid_round_robin,47,16,0.3404255319148936,0.1702127659574468,0.574468085106383,24.866435855073014,27.038586086545273,27.038586086545273,0.17600000137463212,14.198699966073036
1421,scene0801_00,anms_4d,47,15,0.3191489361702128,0.19148936170212766,0.5531914893617021,24.991471828077188,25.244635032749184,25.244635032749184,0.5762999644502997,14.263999997638166
1422,scene0801_00,grid_round_robin,81,36,0.4444444444444444,0.16049382716049382,0.345679012345679,1.625594413234185,1.1570037685380294,1.625594413234185,0.18630002159625292,15.809599950443953
1422,scene0801_00,anms_4d,81,34,0.41975308641975306,0.14814814814814814,0.32098765432098764,1.2951030294720907,1.2496915778051891,1.2951030294720907,0.9630999993532896,16.296599991619587
1423,scene0801_00,grid_round_robin,117,49,0.4188034188034188,0.1282051282051282,0.49572649572649574,0.7030806948581452,0.1699877831911917,0.7030806948581452,0.208800018299371,17.71089999238029
1423,scene0801_00,anms_4d,117,48,0.41025641025641024,0.11965811965811966,0.49572649572649574,1.8544773817179254,0.20926534663735652,1.8544773817179254,1.3973000459372997,18.06079997913912
1424,scene0801_00,grid_round_robin,212,80,0.37735849056603776,0.17452830188679244,0.5518867924528302,1.020615786062928,5.7508161917879335,5.7508161917879335,0.25810004444792867,21.964300016406924
1424,scene0801_00,anms_4d,212,75,0.35377358490566035,0.18867924528301888,0.5613207547169812,1.2852912507134544,17.72880044590879,17.72880044590879,2.7824999997392297,24.079299997538328
1425,scene0802_00,grid_round_robin,303,134,0.44224422442244227,0.06930693069306931,0.2145214521452145,1.6360825382228212,1.463883095628464,1.6360825382228212,0.36700000055134296,31.57869999995455
1425,scene0802_00,anms_4d,303,124,0.40924092409240925,0.06930693069306931,0.22112211221122113,1.1088838019491343,1.9143852045280294,1.9143852045280294,4.255699983332306,24.949399987235665
1426,scene0802_00,grid_round_robin,67,19,0.2835820895522388,0.08955223880597014,0.23880597014925373,4.580390364078319,2.831190242739333,4.580390364078319,0.18879998242482543,15.645499981474131
1426,scene0802_00,anms_4d,67,22,0.3283582089552239,0.1044776119402985,0.23880597014925373,4.672841085996395,2.9198097705290476,4.672841085996395,0.8125000167638063,16.065899981185794
1427,scene0802_00,grid_round_robin,376,197,0.523936170212766,0.13829787234042554,0.4627659574468085,1.8110073785792633,4.489393503252986,4.489393503252986,0.38899999344721437,32.73000003537163
1427,scene0802_00,anms_4d,376,185,0.4920212765957447,0.14095744680851063,0.4787234042553192,1.8950607696159727,4.909772665522038,4.909772665522038,5.683700030203909,40.81670002778992
1428,scene0802_00,grid_round_robin,341,176,0.5161290322580645,0.15249266862170088,0.41055718475073316,3.077098343166033,1.229487576925493,3.077098343166033,0.3665999975055456,30.475599982310086
1428,scene0802_00,anms_4d,341,179,0.5249266862170088,0.14076246334310852,0.3870967741935484,3.095710232388595,1.2388528950084225,3.095710232388595,4.6925999922677875,28.479899978265166
1429,scene0802_00,grid_round_robin,235,123,0.5234042553191489,0.09361702127659574,0.24680851063829787,1.3590403630089896,13.833105159961146,13.833105159961146,0.3003000165335834,23.695799987763166
1429,scene0802_00,anms_4d,235,119,0.5063829787234042,0.08936170212765958,0.2297872340425532,1.4411307401690039,13.6624620575752,13.6624620575752,2.9954000492580235,28.074700036086142
1430,scene0802_00,grid_round_robin,20,8,0.4,0.0,0.1,67.41827785962641,44.01165063833766,67.41827785962641,0.16709999181330204,13.754900021012872
1430,scene0802_00,anms_4d,20,8,0.4,0.0,0.1,67.41827785962646,44.01165063833766,67.41827785962646,0.27570000384002924,13.409400009550154
1431,scene0802_00,grid_round_robin,10,6,0.6,0.0,0.0,107.31329750144971,64.84122377556143,107.31329750144971,0.13999996008351445,5.904600024223328
1431,scene0802_00,anms_4d,10,6,0.6,0.0,0.0,107.31329750144967,64.8412237755615,107.31329750144967,0.17769995611160994,6.165600032545626
1432,scene0802_00,grid_round_robin,144,64,0.4444444444444444,0.10416666666666667,0.4027777777777778,3.192528813453402,1.3876737796409633,3.192528813453402,0.23250002413988113,18.01920001162216
1432,scene0802_00,anms_4d,144,63,0.4375,0.09722222222222222,0.3888888888888889,3.2407879461640623,1.479138444454864,3.2407879461640623,1.7630999791435897,17.849600000772625
1433,scene0802_00,grid_round_robin,10,6,0.6,0.0,0.0,153.80518837389837,56.371509430737724,153.80518837389837,0.1438999897800386,5.7622999884188175
1433,scene0802_00,anms_4d,10,6,0.6,0.0,0.0,153.80518837389837,56.371509430737724,153.80518837389837,0.20140002015978098,5.795600009150803
1434,scene0802_00,grid_round_robin,29,12,0.41379310344827586,0.0,0.034482758620689655,152.37089018034268,81.73970247838257,152.37089018034268,0.1699999556876719,14.27380001405254
1434,scene0802_00,anms_4d,29,13,0.4482758620689655,0.0,0.034482758620689655,28.54662548437867,18.584009232174626,28.54662548437867,0.3864000318571925,14.228699961677194
1435,scene0802_00,grid_round_robin,200,58,0.29,0.12,0.46,1.812947069002142,2.039812842179493,2.039812842179493,0.23970002075657248,19.8755000019446
1435,scene0802_00,anms_4d,200,56,0.28,0.115,0.45,2.9826211969159835,2.287739996589792,2.9826211969159835,2.550100034568459,22.71869999822229
1436,scene0802_00,grid_round_robin,189,74,0.3915343915343915,0.07936507936507936,0.3386243386243386,5.791439697343464,6.096712862105592,6.096712862105592,0.2400000230409205,22.87139999680221
1436,scene0802_00,anms_4d,189,74,0.3915343915343915,0.07407407407407407,0.328042328042328,5.005289371719148,4.800315425597075,5.005289371719148,2.276899991557002,19.709300016984344
1437,scene0802_00,grid_round_robin,211,86,0.4075829383886256,0.037914691943127965,0.2037914691943128,2.5075580613563204,4.813028423334728,4.813028423334728,0.29990001348778605,20.908800011966377
1437,scene0802_00,anms_4d,211,83,0.3933649289099526,0.037914691943127965,0.2037914691943128,2.4711869822849843,4.766377449217402,4.766377449217402,2.6653999811969697,20.8254000172019
1438,scene0802_00,grid_round_robin,396,138,0.3484848484848485,0.2474747474747475,0.6616161616161617,1.8711942505780237,3.8263805761197793,3.8263805761197793,0.39000000106170774,29.806000005919486
1438,scene0802_00,anms_4d,396,137,0.34595959595959597,0.24242424242424243,0.6464646464646465,2.1965316044818803,4.2510546290297855,4.2510546290297855,5.94109995290637,27.195400034543127
1439,scene0802_00,grid_round_robin,50,18,0.36,0.18,0.34,37.48136894628727,51.75894582561441,51.75894582561441,0.19390002125874162,16.318799986038357
1439,scene0802_00,anms_4d,50,18,0.36,0.18,0.34,3.0382314893736493,2.5266507625788543,3.0382314893736493,0.609799986705184,15.333299990743399
1440,scene0803_00,grid_round_robin,114,71,0.6228070175438597,0.10526315789473684,0.42105263157894735,1.6348285577124593,22.771783131526767,22.771783131526767,0.2114999806508422,9.183900023344904
1440,scene0803_00,anms_4d,114,69,0.6052631578947368,0.09649122807017543,0.4298245614035088,1.6452545684905677,22.86300874609505,22.86300874609505,1.3404000201262534,10.330499964766204
1441,scene0803_00,grid_round_robin,125,70,0.56,0.184,0.528,4.171225559647838,28.838122373851938,28.838122373851938,0.26349996915087104,14.357400010339916
1441,scene0803_00,anms_4d,125,67,0.536,0.176,0.52,3.9970642119905246,28.379013867436722,28.379013867436722,1.4762000064365566,17.609599977731705
1442,scene0803_00,grid_round_robin,98,42,0.42857142857142855,0.19387755102040816,0.47959183673469385,2.1165741725419798,8.214537976771815,8.214537976771815,0.19669998437166214,19.258800020907074
1442,scene0803_00,anms_4d,98,44,0.4489795918367347,0.1836734693877551,0.45918367346938777,2.051120110899749,7.974086409521875,7.974086409521875,1.1507999734021723,19.272200006525964
1443,scene0803_00,grid_round_robin,171,80,0.4678362573099415,0.1111111111111111,0.3391812865497076,2.017852215535063,0.48949282903697866,2.017852215535063,0.2267000381834805,21.964999963529408
1443,scene0803_00,anms_4d,171,81,0.47368421052631576,0.11695906432748537,0.32748538011695905,1.5991547844657055,0.4590665267989659,1.5991547844657055,2.097599965054542,20.277999981772155
1444,scene0803_00,grid_round_robin,198,97,0.4898989898989899,0.3686868686868687,0.6767676767676768,2.82379196624979,4.460917490924862,4.460917490924862,0.3227999550290406,26.41099999891594
1444,scene0803_00,anms_4d,198,103,0.5202020202020202,0.35858585858585856,0.6565656565656566,2.7896931143610106,4.37480421147373,4.37480421147373,2.6203999877907336,21.404400002211332
1445,scene0803_00,grid_round_robin,735,336,0.45714285714285713,0.22585034013605443,0.6707482993197279,0.6254051223191237,5.903267476971022,5.903267476971022,0.6735000060871243,61.75879994407296
1445,scene0803_00,anms_4d,735,343,0.4666666666666667,0.21904761904761905,0.6612244897959184,2.3226824529692416,46.80528980957041,46.80528980957041,12.77139998273924,58.83190000895411
1446,scene0803_00,grid_round_robin,541,254,0.46950092421441775,0.18299445471349354,0.5452865064695009,1.488136751232034,10.57580061243695,10.57580061243695,0.4724000464193523,51.12019996158779
1446,scene0803_00,anms_4d,541,250,0.46210720887245843,0.18484288354898337,0.5415896487985212,1.6955019163041494,12.014427983091737,12.014427983091737,8.656300022266805,45.321699988562614
1447,scene0803_00,grid_round_robin,524,241,0.4599236641221374,0.20229007633587787,0.4961832061068702,1.6370102492568228,6.1128646233584085,6.1128646233584085,0.5086000310257077,43.54459996102378
1447,scene0803_00,anms_4d,524,229,0.43702290076335876,0.1965648854961832,0.5038167938931297,1.4602555855667783,2.863534047314774,2.863534047314774,8.59929999569431,45.5900999950245
1448,scene0803_00,grid_round_robin,282,112,0.3971631205673759,0.09219858156028368,0.4219858156028369,1.2020663426276357,1.4577532419384978,1.4577532419384978,0.2924000145867467,24.366000026930124
1448,scene0803_00,anms_4d,282,111,0.39361702127659576,0.09219858156028368,0.4326241134751773,1.308142177182301,1.8281755049590593,1.8281755049590593,3.9337000343948603,23.393800016492605
1449,scene0803_00,grid_round_robin,660,288,0.43636363636363634,0.22121212121212122,0.6454545454545455,0.8629178477425704,2.9629088156059344,2.9629088156059344,0.5091999773867428,50.22969999117777
1449,scene0803_00,anms_4d,660,294,0.44545454545454544,0.21363636363636362,0.6363636363636364,0.8210459820110584,3.4557342345884616,3.4557342345884616,11.283100000582635,53.1304000178352
1450,scene0803_00,grid_round_robin,375,222,0.592,0.376,0.768,1.4230853491832747,13.427729010598473,13.427729010598473,0.3568000392988324,18.549100030213594
1450,scene0803_00,anms_4d,375,215,0.5733333333333334,0.37066666666666664,0.7706666666666667,1.4578097580772829,13.75002796782972,13.75002796782972,5.312099994625896,27.12250000331551
1451,scene0803_00,grid_round_robin,145,45,0.3103448275862069,0.21379310344827587,0.4206896551724138,1.7021677484213593,3.7076225817530104,3.7076225817530104,0.27269998099654913,19.539900007657707
1451,scene0803_00,anms_4d,145,50,0.3448275862068966,0.2206896551724138,0.41379310344827586,2.334439893986994,9.703013838136457,9.703013838136457,1.7171999788843095,19.7084000101313
1452,scene0803_00,grid_round_robin,421,182,0.4323040380047506,0.33016627078384797,0.8052256532066508,0.3120267065798465,1.8622874078318636,1.8622874078318636,0.3776000230573118,41.15449998062104
1452,scene0803_00,anms_4d,421,174,0.41330166270783847,0.3254156769596199,0.7957244655581948,0.36743803337255665,2.700787304041574,2.700787304041574,6.066500034648925,47.892100003082305
1453,scene0803_00,grid_round_robin,116,45,0.3879310344827586,0.14655172413793102,0.47413793103448276,5.4845382326933345,31.901698572075592,31.901698572075592,0.23039994994178414,21.465900004841387
1453,scene0803_00,anms_4d,116,45,0.3879310344827586,0.1724137931034483,0.4827586206896552,6.512497548659928,35.72117194208006,35.72117194208006,1.3747999910265207,19.9690000154078
1454,scene0803_00,grid_round_robin,81,27,0.3333333333333333,0.1111111111111111,0.2962962962962963,1.870358447066907,6.812064287163447,6.812064287163447,0.1922000083141029,17.213599989190698
1454,scene0803_00,anms_4d,81,27,0.3333333333333333,0.1111111111111111,0.2962962962962963,6.71863785662782,30.643493216091716,30.643493216091716,1.0878999601118267,17.186000011861324
1455,scene0804_00,grid_round_robin,332,191,0.5753012048192772,0.3132530120481928,0.6234939759036144,3.3633091062094893,6.604568549359015,6.604568549359015,0.35849999403581023,23.837899963837117
1455,scene0804_00,anms_4d,332,178,0.536144578313253,0.30120481927710846,0.5843373493975904,3.0026977385187616,7.770381904052638,7.770381904052638,4.505300021264702,28.94190000370145
1456,scene0804_00,grid_round_robin,333,158,0.4744744744744745,0.32432432432432434,0.7957957957957958,0.9191588124614112,2.628734371931491,2.628734371931491,0.31589996069669724,30.683499993756413
1456,scene0804_00,anms_4d,333,160,0.4804804804804805,0.32732732732732733,0.7837837837837838,1.1987964275370742,3.296761748554569,3.296761748554569,4.750799969770014,27.8441000264138
1457,scene0804_00,grid_round_robin,352,164,0.4659090909090909,0.14488636363636365,0.4147727272727273,2.31493329757839,1.8267754856921712,2.31493329757839,0.33389998134225607,34.3661000370048
1457,scene0804_00,anms_4d,352,155,0.4403409090909091,0.15056818181818182,0.42045454545454547,2.8218253708579755,3.823745438399008,3.823745438399008,4.862899950239807,36.929900001268834
1458,scene0804_00,grid_round_robin,470,233,0.4957446808510638,0.15106382978723404,0.37872340425531914,2.252088299674811,7.4620328024539075,7.4620328024539075,0.3934000269509852,41.53119999682531
1458,scene0804_00,anms_4d,470,227,0.4829787234042553,0.16170212765957448,0.39574468085106385,2.086788720506745,6.721182652100518,6.721182652100518,7.457800034899265,43.86769997654483
1459,scene0804_00,grid_round_robin,316,144,0.45569620253164556,0.11392405063291139,0.33544303797468356,2.8593832801069388,6.279752728038872,6.279752728038872,0.3117000451311469,28.89000001596287
1459,scene0804_00,anms_4d,316,135,0.4272151898734177,0.12025316455696203,0.34810126582278483,2.5760803299580775,6.465675730029938,6.465675730029938,4.27750003291294,25.879399967379868
1460,scene0804_00,grid_round_robin,182,95,0.521978021978022,0.22527472527472528,0.5934065934065934,0.5989016762680598,0.7566655155006509,0.7566655155006509,0.29779999749735,19.158799957949668
1460,scene0804_00,anms_4d,182,91,0.5,0.23626373626373626,0.6043956043956044,0.8366140532917332,0.45242697501248796,0.8366140532917332,2.431200002320111,21.562599984463304
1461,scene0804_00,grid_round_robin,211,113,0.5355450236966824,0.10426540284360189,0.3744075829383886,1.9266101539400822,3.5028549350636133,3.5028549350636133,0.2713000285439193,25.201700045727193
1461,scene0804_00,anms_4d,211,115,0.5450236966824644,0.0995260663507109,0.3744075829383886,1.649882390955641,3.1528165864759288,3.1528165864759288,2.932300034444779,17.30950002092868
1462,scene0804_00,grid_round_robin,374,170,0.45454545454545453,0.393048128342246,0.8903743315508021,1.3571733769329264,6.308475601820476,6.308475601820476,0.3768000169657171,38.5153999668546
1462,scene0804_00,anms_4d,374,173,0.4625668449197861,0.3877005347593583,0.8957219251336899,1.0187534426430533,4.861882735468499,4.861882735468499,5.237200006376952,35.78179999021813
1463,scene0804_00,grid_round_robin,263,127,0.4828897338403042,0.34600760456273766,0.7870722433460076,1.3825649136186178,6.745173145471045,6.745173145471045,0.30289997812360525,28.396899986546487
1463,scene0804_00,anms_4d,263,132,0.5019011406844106,0.35361216730038025,0.7984790874524715,0.751895793495206,3.7798961688870865,3.7798961688870865,3.4248000010848045,30.640700017102063
1464,scene0804_00,grid_round_robin,200,99,0.495,0.18,0.425,5.816029257657626,36.792954638833976,36.792954638833976,0.26540004182606936,27.12250000331551
1464,scene0804_00,anms_4d,200,100,0.5,0.17,0.415,6.158894913984054,39.062409125911095,39.062409125911095,2.4884999729692936,28.02610001526773
1465,scene0804_00,grid_round_robin,291,154,0.5292096219931272,0.18900343642611683,0.6701030927835051,1.6107268839367592,14.444041825837163,14.444041825837163,0.3084000200033188,25.460499979089946
1465,scene0804_00,anms_4d,291,146,0.5017182130584192,0.19931271477663232,0.6597938144329897,1.497608606353914,13.503302376555006,13.503302376555006,3.877399954944849,31.624299997929484
1466,scene0804_00,grid_round_robin,119,60,0.5042016806722689,0.13445378151260504,0.5882352941176471,0.6627026389857232,9.468909763562229,9.468909763562229,0.20340003538876772,18.96279997890815
1466,scene0804_00,anms_4d,119,60,0.5042016806722689,0.11764705882352941,0.5546218487394958,1.0708943538748201,13.105207194031182,13.105207194031182,1.3834999990649521,18.774600001052022
1467,scene0804_00,grid_round_robin,185,77,0.41621621621621624,0.07027027027027027,0.21621621621621623,3.6403463112839756,45.21780022627222,45.21780022627222,0.24289998691529036,25.908100011292845
1467,scene0804_00,anms_4d,185,76,0.41081081081081083,0.07027027027027027,0.22702702702702704,3.6434806742050467,45.490076446625444,45.490076446625444,2.327799971681088,24.9515000032261
1468,scene0804_00,grid_round_robin,142,52,0.36619718309859156,0.014084507042253521,0.056338028169014086,11.979801909453615,48.77266673352569,48.77266673352569,0.2510999911464751,19.500199996400625
1468,scene0804_00,anms_4d,142,54,0.38028169014084506,0.014084507042253521,0.04929577464788732,13.36108522819511,51.644303308729185,51.644303308729185,1.7256999853998423,18.687099975068122
1469,scene0804_00,grid_round_robin,149,92,0.6174496644295302,0.006711409395973154,0.0738255033557047,1.8250010624832917,1.8379932924719595,1.8379932924719595,0.2725999802350998,10.327700001653284
1469,scene0804_00,anms_4d,149,84,0.5637583892617449,0.006711409395973154,0.08053691275167785,3.221045852653896,1.9811299545824888,3.221045852653896,1.80309999268502,14.536099974066019
1470,scene0805_00,grid_round_robin,19,7,0.3684210526315789,0.0,0.0,101.94321765261824,56.894298300366984,101.94321765261824,0.14680001186206937,13.434299966320395
1470,scene0805_00,anms_4d,19,7,0.3684210526315789,0.0,0.0,105.4224580349004,75.67463177384533,105.4224580349004,0.27000001864507794,13.213799975346774
1471,scene0805_00,grid_round_robin,168,64,0.38095238095238093,0.3333333333333333,0.7202380952380952,0.321267480550716,1.0713850248096546,1.0713850248096546,0.2498000394552946,19.782799994572997
1471,scene0805_00,anms_4d,168,67,0.39880952380952384,0.3273809523809524,0.7202380952380952,0.8832758974982815,4.875636855312794,4.875636855312794,2.072300005238503,20.72609995957464
1472,scene0805_00,grid_round_robin,165,67,0.40606060606060607,0.18787878787878787,0.45454545454545453,1.6611559308243002,7.1227322045548265,7.1227322045548265,0.2778000198304653,21.675399970263243
1472,scene0805_00,anms_4d,165,67,0.40606060606060607,0.18787878787878787,0.46060606060606063,2.4223174353108625,8.25524984236519,8.25524984236519,2.036999969277531,20.64200001768768
1473,scene0805_00,grid_round_robin,166,58,0.3493975903614458,0.15060240963855423,0.3373493975903614,2.6027730073947484,27.978113299194963,27.978113299194963,0.2490000333636999,20.57069999864325
1473,scene0805_00,anms_4d,166,56,0.3373493975903614,0.13855421686746988,0.3192771084337349,2.6441630658971658,27.984967392243444,27.984967392243444,2.164200006518513,19.66679998440668
1474,scene0805_00,grid_round_robin,179,60,0.33519553072625696,0.1452513966480447,0.3687150837988827,2.927565335576558,10.83367215334181,10.83367215334181,0.24459999985992908,22.073499974794686
1474,scene0805_00,anms_4d,179,62,0.3463687150837989,0.13966480446927373,0.3743016759776536,2.930089399590442,10.874562637684914,10.874562637684914,2.1655000164173543,23.490099993068725
1475,scene0805_00,grid_round_robin,174,79,0.4540229885057471,0.06896551724137931,0.13793103448275862,11.06787871926752,83.65844058914426,83.65844058914426,0.23900001542642713,23.98100000573322
1475,scene0805_00,anms_4d,174,80,0.45977011494252873,0.05747126436781609,0.12643678160919541,10.99529959895533,79.33426299269406,79.33426299269406,2.4591999826952815,23.726699990220368
1476,scene0805_00,grid_round_robin,177,71,0.4011299435028249,0.02824858757062147,0.096045197740113,2.1615840508504043,10.740660022193461,10.740660022193461,0.23750000400468707,22.279999975580722
1476,scene0805_00,anms_4d,177,65,0.3672316384180791,0.02824858757062147,0.096045197740113,4.387125631126284,18.539685616089297,18.539685616089297,2.3402999504469335,21.527000004425645
1477,scene0805_00,grid_round_robin,87,33,0.3793103448275862,0.2413793103448276,0.6091954022988506,5.381854586638195,33.231296008337374,33.231296008337374,0.33409998286515474,17.954399983864278
1477,scene0805_00,anms_4d,87,31,0.3563218390804598,0.22988505747126436,0.5862068965517241,4.716799435005502,32.99595646185346,32.99595646185346,1.1966999736614525,18.579600029625
1478,scene0805_00,grid_round_robin,140,54,0.38571428571428573,0.2,0.5785714285714286,2.676458841861495,34.82096873503203,34.82096873503203,0.2161000156775117,21.694700000807643
1478,scene0805_00,anms_4d,140,54,0.38571428571428573,0.2,0.55,1.6909801390863124,29.06806016019235,29.06806016019235,1.6760000144131482,21.257499989587814
1479,scene0805_00,grid_round_robin,346,162,0.4682080924855491,0.2514450867052023,0.653179190751445,0.5945175693088138,6.348064115223487,6.348064115223487,0.32540003303438425,30.630099994596094
1479,scene0805_00,anms_4d,346,152,0.4393063583815029,0.2514450867052023,0.6271676300578035,0.5564707355080427,5.971660615631899,5.971660615631899,4.925500019453466,29.326199961360544
1480,scene0805_00,grid_round_robin,295,92,0.31186440677966104,0.18983050847457628,0.5830508474576271,0.7717511756785431,5.010715663092783,5.010715663092783,0.338599958922714,25.471400003880262
1480,scene0805_00,anms_4d,295,91,0.30847457627118646,0.2,0.6067796610169491,0.5197528004414442,3.4753154731944615,3.4753154731944615,4.201200034003705,26.619500014930964
1481,scene0805_00,grid_round_robin,346,143,0.41329479768786126,0.31213872832369943,0.7485549132947977,0.22615511093997373,1.9118614433118746,1.9118614433118746,0.3252000315114856,25.001199974212795
1481,scene0805_00,anms_4d,346,137,0.3959537572254335,0.3092485549132948,0.7283236994219653,0.326130641551401,0.7495280693872245,0.7495280693872245,4.794900014530867,26.33269998477772
1482,scene0805_00,grid_round_robin,239,90,0.37656903765690375,0.1087866108786611,0.2928870292887029,1.119372967172537,6.87146934778404,6.87146934778404,0.34339999547228217,24.174600024707615
1482,scene0805_00,anms_4d,239,92,0.38493723849372385,0.100418410041841,0.28870292887029286,1.4326418361167619,19.977788750472524,19.977788750472524,3.4146999823860824,22.89520000340417
1483,scene0805_00,grid_round_robin,178,73,0.4101123595505618,0.15168539325842698,0.47191011235955055,2.219250059343196,2.1564000368417835,2.219250059343196,0.34989998675882816,18.88150000013411
1483,scene0805_00,anms_4d,178,61,0.34269662921348315,0.14606741573033707,0.4606741573033708,1.3141990791899896,2.499012749725874,2.499012749725874,2.193499996792525,18.5228000045754
1484,scene0805_00,grid_round_robin,86,35,0.4069767441860465,0.20930232558139536,0.5348837209302325,9.515138182968089,17.014653066352842,17.014653066352842,0.20279997261241078,16.815899987705052
1484,scene0805_00,anms_4d,86,33,0.38372093023255816,0.19767441860465115,0.5232558139534884,1.460080040016195,5.845535746282385,5.845535746282385,1.0005999938584864,17.280600033700466
1485,scene0806_00,grid_round_robin,6,5,0.8333333333333334,0.0,0.0,130.69006962314253,38.006877960497334,130.69006962314253,0.14070002362132072,1.0775999980978668
1485,scene0806_00,anms_4d,6,5,0.8333333333333334,0.0,0.0,130.69006962314253,38.006877960497334,130.69006962314253,0.13460003538057208,0.9985999786294997
1486,scene0806_00,grid_round_robin,58,19,0.3275862068965517,0.034482758620689655,0.05172413793103448,75.30580769955492,15.624737743669527,75.30580769955492,0.15929999062791467,14.279399998486042
1486,scene0806_00,anms_4d,58,19,0.3275862068965517,0.034482758620689655,0.05172413793103448,75.5006502166649,14.352975465670312,75.5006502166649,0.6916999700479209,14.402200002223253
1487,scene0806_00,grid_round_robin,78,19,0.24358974358974358,0.0,0.0,122.24986585626907,83.86504113993666,122.24986585626907,0.20319997565820813,14.918599976226687
1487,scene0806_00,anms_4d,78,21,0.2692307692307692,0.0,0.0,89.84824653721655,50.89459142922331,89.84824653721655,0.9193000150844455,15.18639997811988
1488,scene0806_00,grid_round_robin,109,56,0.5137614678899083,0.03669724770642202,0.22935779816513763,4.538648606700391,6.989429402419147,6.989429402419147,0.21460000425577164,17.144100042060018
1488,scene0806_00,anms_4d,109,55,0.5045871559633027,0.045871559633027525,0.24770642201834864,4.433391897852117,6.7490416455204265,6.7490416455204265,1.348000019788742,17.890700022689998
1489,scene0806_00,grid_round_robin,28,13,0.4642857142857143,0.0,0.0,70.1894190364975,75.33129268759042,75.33129268759042,0.20070001482963562,14.808800013270229
1489,scene0806_00,anms_4d,28,15,0.5357142857142857,0.0,0.0,53.66092980924511,58.53073517552479,58.53073517552479,0.3849999629892409,11.619400000199676
1490,scene0806_00,grid_round_robin,45,13,0.28888888888888886,0.0,0.022222222222222223,96.41031931391596,45.78193012881283,96.41031931391596,0.27050002245232463,15.036500000860542
1490,scene0806_00,anms_4d,45,14,0.3111111111111111,0.0,0.022222222222222223,97.67542525131174,50.4825856707852,97.67542525131174,0.5612000240944326,15.783699986059219
1491,scene0806_00,grid_round_robin,66,25,0.3787878787878788,0.12121212121212122,0.3939393939393939,1.0618013638331136,1.5909946087361726,1.5909946087361726,0.17220003064721823,15.641600009985268
1491,scene0806_00,anms_4d,66,22,0.3333333333333333,0.10606060606060606,0.3939393939393939,1.0012652869612477,1.6488469513356203,1.6488469513356203,0.7773999823257327,15.395800000987947
1492,scene0806_00,grid_round_robin,34,12,0.35294117647058826,0.0,0.0,104.88465513310112,60.36246096396279,104.88465513310112,0.15519995940849185,15.383200021460652
1492,scene0806_00,anms_4d,34,13,0.38235294117647056,0.0,0.0,123.6345948528296,86.96242292987259,123.6345948528296,0.45779999345541,14.921900001354516
1493,scene0806_00,grid_round_robin,21,11,0.5238095238095238,0.0,0.0,27.781807918217662,23.585808162188965,27.781807918217662,0.146100006531924,12.102100008632988
1493,scene0806_00,anms_4d,21,10,0.47619047619047616,0.0,0.0,27.837657521570684,23.861583255706194,27.837657521570684,0.29530003666877747,13.365299964789301
1494,scene0806_00,grid_round_robin,82,24,0.2926829268292683,0.0,0.0,90.25120499330009,10.17734929877127,90.25120499330009,0.269399955868721,17.22350000636652
1494,scene0806_00,anms_4d,82,22,0.2682926829268293,0.0,0.0,104.0698203512026,85.85959555171806,104.0698203512026,0.9408000041730702,16.476400021929294
1495,scene0806_00,grid_round_robin,49,19,0.3877551020408163,0.061224489795918366,0.40816326530612246,5.912320605671063,2.9533112422312517,5.912320605671063,0.16610004240646958,14.38629999756813
1495,scene0806_00,anms_4d,49,19,0.3877551020408163,0.061224489795918366,0.3877551020408163,6.802404009516107,6.73394400447132,6.802404009516107,0.6055000121705234,14.554199995473027
1496,scene0806_00,grid_round_robin,52,16,0.3076923076923077,0.038461538461538464,0.07692307692307693,121.44115762445082,50.248426826455834,121.44115762445082,0.16120000509545207,14.33180004823953
1496,scene0806_00,anms_4d,52,18,0.34615384615384615,0.038461538461538464,0.057692307692307696,169.37348215845455,72.16551772918875,169.37348215845455,0.6263999966904521,14.144000015221536
1497,scene0806_00,grid_round_robin,54,15,0.2777777777777778,0.018518518518518517,0.05555555555555555,142.0689399793073,80.53943888660324,142.0689399793073,0.16580004012212157,14.357600011862814
1497,scene0806_00,anms_4d,54,17,0.3148148148148148,0.018518518518518517,0.037037037037037035,153.22257267099056,78.79633639261912,153.22257267099056,0.6941000465303659,14.131299976725131
1498,scene0806_00,grid_round_robin,142,67,0.47183098591549294,0.1619718309859155,0.38028169014084506,0.577662629848069,1.3977295540187742,1.3977295540187742,0.2612000098451972,19.338899990543723
1498,scene0806_00,anms_4d,142,64,0.4507042253521127,0.1619718309859155,0.3873239436619718,1.380905300475264,1.7299212581584724,1.7299212581584724,1.7097999807447195,19.33199999621138
1499,scene0806_00,grid_round_robin,88,27,0.3068181818181818,0.14772727272727273,0.4090909090909091,2.281184611797135,7.077379472186334,7.077379472186334,0.2321999636478722,15.910300018731505
1499,scene0806_00,anms_4d,88,25,0.2840909090909091,0.1590909090909091,0.4318181818181818,7.274345608395061,12.730660763024002,12.730660763024002,1.0483000078238547,15.759000030811876
